<?xml version="1.0" ?>
<ArchiveTransfer xmlns:xlink="http://www.w3.org/1999/xlink" xmlns:pr="info:lc/xmlns/premis-v2" xmlns="fr:gouv:culture:archivesdefrance:seda:v2.1" xmlns:xsi="http://www.w3.org/2001/XMLSchema-instance" xsi:schemaLocation="fr:gouv:culture:archivesdefrance:seda:v2.1 seda-2.1-main.xsd" xml:id="ID1">
	<Comment>Documentation relative à la description archivistique</Comment>
	<Date>2016-10-11T13:41:06</Date>
	<MessageIdentifier>SIP dont le bordereau n'est pas conforme à la norme SEDA</MessageIdentifier>
	<ArchivalAgreement>ArchivalAgreement0</ArchivalAgreement>
	<CodeListVersions>
		<ReplyCodeListVersion>ReplyCodeListVersion0</ReplyCodeListVersion>
		<MessageDigestAlgorithmCodeListVersion>MessageDigestAlgorithmCodeListVersion0</MessageDigestAlgorithmCodeListVersion>
		<MimeTypeCodeListVersion>MimeTypeCodeListVersion0</MimeTypeCodeListVersion>
		<EncodingCodeListVersion>EncodingCodeListVersion0</EncodingCodeListVersion>
		<FileFormatCodeListVersion>FileFormatCodeListVersion0</FileFormatCodeListVersion>
		<CompressionAlgorithmCodeListVersion>CompressionAlgorithmCodeListVersion0</CompressionAlgorithmCodeListVersion>
		<DataObjectVersionCodeListVersion>DataObjectVersionCodeListVersion0</DataObjectVersionCodeListVersion>
		<StorageRuleCodeListVersion>StorageRuleCodeListVersion0</StorageRuleCodeListVersion>
		<AppraisalRuleCodeListVersion>AppraisalRuleCodeListVersion0</AppraisalRuleCodeListVersion>
		<AccessRuleCodeListVersion>AccessRuleCodeListVersion0</AccessRuleCodeListVersion>
		<DisseminationRuleCodeListVersion>DisseminationRuleCodeListVersion0</DisseminationRuleCodeListVersion>
		<ReuseRuleCodeListVersion>ReuseRuleCodeListVersion0</ReuseRuleCodeListVersion>
		<ClassificationRuleCodeListVersion>ClassificationRuleCodeListVersion0</ClassificationRuleCodeListVersion>
		<AuthorizationReasonCodeListVersion>AuthorizationReasonCodeListVersion0</AuthorizationReasonCodeListVersion>
		<RelationshipCodeListVersion>RelationshipCodeListVersion0</RelationshipCodeListVersion>
	</CodeListVersions>
	<DataObjectPackage xml:id="ID2">
		<BinaryDataObject id="ID7">
			<Uri>Content/ID7.pdf</Uri>
			<MessageDigest algorithm="SHA-512">8293e8e6dbcb0d215119c15ce200ec4bf9ab65b9c828850368e7d5b708849490189c50d7d7f1fe7ea773b6751449c0f9bc9c5382bf822c31fcc507710218da8c</MessageDigest>
			<Size>397820</Size>
			<FormatIdentification>
			</FormatIdentification>
			<FileInfo>
				<Filename>CBPS_Guidelines_ISAAR_Second-edition_FR[1].pdf</Filename>
				<LastModified>2013-12-19T16:05:10.000+01:00</LastModified>
			</FileInfo>
		</BinaryDataObject>
		<BinaryDataObject id="ID11">
			<Uri>Content/ID11.pdf</Uri>
			<MessageDigest algorithm="SHA-512">226d69afccc3a801ad7ef8ec9028b16b7fd7527ce035a4cda36fb4b062a416704e8d7baa958597f5840b9b6d2c17b60c0744fa1d97efebb9dc01382ebb41d56a</MessageDigest>
			<Size>166112</Size>
			<FormatIdentification>
			</FormatIdentification>
			<FileInfo>
				<Filename>ifla.pdf</Filename>
				<LastModified>2005-10-20T13:53:16.000+02:00</LastModified>
			</FileInfo>
		</BinaryDataObject>
		<BinaryDataObject id="ID17">
			<Uri>Content/ID17.pdf</Uri>
			<MessageDigest algorithm="SHA-512">a27064d3a0db9c1ef9277c82a7a619b0867b8913a5c4829cf86bbddd2ee1e3dfb38d81f22b67a5b56465fc0ef6fe11302ac8e853c94821bce4bb1dff9bc40497</MessageDigest>
			<Size>484496</Size>
			<FormatIdentification>
			</FormatIdentification>
			<FileInfo>
				<Filename>ISAD(G).pdf</Filename>
				<LastModified>2013-12-19T16:06:04.000+01:00</LastModified>
			</FileInfo>
		</BinaryDataObject>
		<BinaryDataObject id="ID23">
			<Uri>Content/ID23.pdf</Uri>
			<MessageDigest algorithm="SHA-512">d179c65e5af63121c33d94414064fefa4cab8c846604a67a520cce20efbe2c6d0470338a3eeb6da19a2510001be481a11d1f053d2ad95feec2d5c20de199cca3</MessageDigest>
			<Size>396788</Size>
			<FormatIdentification>
			</FormatIdentification>
			<FileInfo>
				<Filename>CBPS_2007_Guidelines_ISDF_First-edition_FR[1].pdf</Filename>
				<LastModified>2013-12-19T16:05:44.000+01:00</LastModified>
			</FileInfo>
		</BinaryDataObject>
		<DescriptiveMetadata>
			<ArchiveUnit id="ID3">
				<Content>
					<DescriptionLevel>RecordGrp</DescriptionLevel>
					<StartDate>2005-10-20T13:53:16</StartDate>
					<EndDate>2013-12-19T16:06:04</EndDate>
				</Content>
				<ArchiveUnit id="ID5">
					<ArchiveUnitRefId>ID4</ArchiveUnitRefId>
				</ArchiveUnit>
				<ArchiveUnit id="ID15">
					<ArchiveUnitRefId>ID14</ArchiveUnitRefId>
				</ArchiveUnit>
				<ArchiveUnit id="ID21">
					<ArchiveUnitRefId>ID20</ArchiveUnitRefId>
				</ArchiveUnit>
			</ArchiveUnit>
			<ArchiveUnit id="ID4">
				<Content>
					<DescriptionLevel>File</DescriptionLevel>
					<Title>Norme ISAAR (CPF)</Title>
					<StartDate>2005-10-20T13:53:16</StartDate>
					<EndDate>2013-12-19T16:05:10</EndDate>
				</Content>
				<ArchiveUnit id="ID9">
					<ArchiveUnitRefId>ID8</ArchiveUnitRefId>
				</ArchiveUnit>
				<ArchiveUnit id="ID13">
					<ArchiveUnitRefId>ID12</ArchiveUnitRefId>
				</ArchiveUnit>
			</ArchiveUnit>
			<ArchiveUnit id="ID8">
				<Content>
					<DescriptionLevel>Item</DescriptionLevel>
					<Title>Dernière version publiée de la norme ISAAR (CPF)</Title>
					<TransactedDate>2013-12-19T16:05:10</TransactedDate>
				</Content>
				<DataObjectReference>
					<DataObjectReferenceId>ID7</DataObjectReferenceId>
				</DataObjectReference>
			</ArchiveUnit>
			<ArchiveUnit id="ID12">
				<Content>
					<DescriptionLevel>Item</DescriptionLevel>
					<Title>Présentation de la norme ISAAR(CPF) réalisée par l'IFLA</Title>
					<TransactedDate>2005-10-20T13:53:16</TransactedDate>
				</Content>
				<DataObjectReference>
					<DataObjectReferenceId>ID11</DataObjectReferenceId>
				</DataObjectReference>
			</ArchiveUnit>
			<ArchiveUnit id="ID14">
				<Content>
					<DescriptionLevel>File</DescriptionLevel>
					<Title>Norme ISAD(G)</Title>
					<StartDate>2013-12-19T16:06:04</StartDate>
					<EndDate>2013-12-19T16:06:04</EndDate>
				</Content>
				<ArchiveUnit id="ID19">
					<ArchiveUnitRefId>ID18</ArchiveUnitRefId>
				</ArchiveUnit>
			</ArchiveUnit>
			<ArchiveUnit id="ID18">
				<Content>
					<DescriptionLevel>Item</DescriptionLevel>
					<Title>Dernière version publiée de la norme ISAD(G)</Title>
					<TransactedDate>2013-12-19T16:06:04</TransactedDate>
				</Content>
				<DataObjectReference>
					<DataObjectReferenceId>ID17</DataObjectReferenceId>
				</DataObjectReference>
			</ArchiveUnit>
			<ArchiveUnit id="ID20">
				<Content>
					<DescriptionLevel>File</DescriptionLevel>
					<Title>Norme ISDF</Title>
					<StartDate>2013-12-19T16:05:44</StartDate>
					<EndDate>2013-12-19T16:05:44</EndDate>
				</Content>
				<ArchiveUnit id="ID25">
					<ArchiveUnitRefId>ID24</ArchiveUnitRefId>
				</ArchiveUnit>
			</ArchiveUnit>
			<ArchiveUnit id="ID24">
				<Content>
					<DescriptionLevel>Item</DescriptionLevel>
					<Title>Dernière version publiée de la norme ISDF</Title>
					<TransactedDate>2013-12-19T16:05:44</TransactedDate>
				</Content>
				<DataObjectReference>
					<DataObjectReferenceId>ID23</DataObjectReferenceId>
				</DataObjectReference>
			</ArchiveUnit>
		</DescriptiveMetadata>
		<ManagementMetadata>
		<OriginatingAgencyIdentifier>FRAN_NP_005568</OriginatingAgencyIdentifier>
<SubmissionAgencyIdentifier></SubmissionAgencyIdentifier>
		</ManagementMetadata>
	</DataObjectPackage>
	<ArchivalAgency>
		<Identifier>Identifier4</Identifier>
	</ArchivalAgency>
	<TransferringAgency>
		<Identifier>Identifier5</Identifier>
	</TransferringAgency>
</ArchiveTransfer>
