<?xml version="1.0" ?>
<ArchiveTransfer xmlns:xsi="http://www.w3.org/2001/XMLSchema-instance"
 xsi:schemaLocation="fr:gouv:culture:archivesdefrance:seda:v2.0 ../../Bureau/BA/Sch%D0%92mas/seda-2.0-main.xsd"
 xmlns="fr:gouv:culture:archivesdefrance:seda:v2.0" xmlns:pr="info:lc/xmlns/premis-v2"
 xmlns:xlink="http://www.w3.org/1999/xlink" xml:id="ID1">
    <Comment>SIP avec règles de gestion et ManagementMD pour la story #2237</Comment>

    <!--
    DESCRIPTION DU SIP ET DU CAS TESTÉ

    
    Soit l'arborescence suivante d'ArchiveUnit (AU) :
    AU1 (str1, S1) -> AU3 (str1, S2), (str3) -> AU4 -> AU6
    AU2 (str2) -> AU3 (str1, S2) -> AU5 -> AU6
    AU7 (diss1) -> AU8
    Bloc ManagementMetadata : strMD, accMD, (str1,S0)
    
    Donc avec 
    - trois racines (AU1, AU2 et AU7) dont deux ont une arborescence commune (AU1 et AU2)
    - AU3 ayant deux enfants.
    - AU4 et AU5 ayant le même enfant
    - AU7 est la racine d'une autre arborescence, disjointe
    - un bloc ManagementMetadata avec une règle str1 ayant pour startDate S0, 
    - des règles strMD et accMD dans l'arborescence ayant leurs propres StartDates
    
    AU1 a une storageRule d'identifiant "str1" et une startDate "S1"
    AU2 a une storageRule d'identifiant "str2"
    AU3 a une storageRule d'identifiant "str1" et une startDate "S2", et une storageRule d'identifiant "str3"
    AU7 a une disseminationRule d'identifiant "diss1"
    strMD est une storageRule
    accMD est une accessRule




    -->

    <Date>2016-10-18T14:52:27</Date>
    <MessageIdentifier>SIP avec règles de gestion et ManagementMD pour la story #2237</MessageIdentifier>
    <ArchivalAgreement>ArchivalAgreement0</ArchivalAgreement>
    <CodeListVersions>
        <ReplyCodeListVersion>ReplyCodeListVersion0</ReplyCodeListVersion>
        <MessageDigestAlgorithmCodeListVersion>MessageDigestAlgorithmCodeListVersion0</MessageDigestAlgorithmCodeListVersion>
        <MimeTypeCodeListVersion>MimeTypeCodeListVersion0</MimeTypeCodeListVersion>
        <EncodingCodeListVersion>EncodingCodeListVersion0</EncodingCodeListVersion>
        <FileFormatCodeListVersion>FileFormatCodeListVersion0</FileFormatCodeListVersion>
        <CompressionAlgorithmCodeListVersion>CompressionAlgorithmCodeListVersion0</CompressionAlgorithmCodeListVersion>
        <DataObjectVersionCodeListVersion>DataObjectVersionCodeListVersion0</DataObjectVersionCodeListVersion>
        <StorageRuleCodeListVersion>StorageRuleCodeListVersion0</StorageRuleCodeListVersion>
        <AppraisalRuleCodeListVersion>AppraisalRuleCodeListVersion0</AppraisalRuleCodeListVersion>
        <AccessRuleCodeListVersion>AccessRuleCodeListVersion0</AccessRuleCodeListVersion>
        <DisseminationRuleCodeListVersion>DisseminationRuleCodeListVersion0</DisseminationRuleCodeListVersion>
        <ReuseRuleCodeListVersion>ReuseRuleCodeListVersion0</ReuseRuleCodeListVersion>
        <ClassificationRuleCodeListVersion>ClassificationRuleCodeListVersion0</ClassificationRuleCodeListVersion>
        <AuthorizationReasonCodeListVersion>AuthorizationReasonCodeListVersion0</AuthorizationReasonCodeListVersion>
        <RelationshipCodeListVersion>RelationshipCodeListVersion0</RelationshipCodeListVersion>
    </CodeListVersions>
    <DataObjectPackage xml:id="ID2">
        <BinaryDataObject id="ID7">
            <DataObjectGroupId>ID6</DataObjectGroupId>
            <DataObjectVersion>BinaryMaster</DataObjectVersion>
            <Uri>Content/DttzvaBjmOJlnNHhwjRWBRqvyqWtbx.pdf</Uri>
            <MessageDigest algorithm="SHA-512"
                >942bb63cc16bf5ca3ba7fabf40ce9be19c3185a36cd87ad17c63d6fad1aa29d4312d73f2d6a1ba1266c3a71fc4119dd476d2d776cf2ad2acd7a9a3dfa1f80dc7</MessageDigest>
            <Size>29403</Size>
            <FormatIdentification>
                <FormatLitteral>Acrobat PDF 1.4 - Portable Document Format</FormatLitteral>
                <MimeType>application/pdf</MimeType>
                <FormatId>fmt/18</FormatId>
            </FormatIdentification>
            <FileInfo>
                <Filename>DttzvaBjmOJlnNHhwjRWBRqvyqWtbx.pdf</Filename>
                <LastModified>2016-06-03T15:28:00.000+02:00</LastModified>
            </FileInfo>
        </BinaryDataObject>
        <DescriptiveMetadata>
            <ArchiveUnit id="AU1">
                <Management>
                    <StorageRule>
                        <Rule>R1</Rule>
                        <StartDate>2017-01-01</StartDate>
                        <FinalAction>RestrictAccess</FinalAction>
                    </StorageRule>
                </Management>
                <Content>
                    <DescriptionLevel>RecordGrp</DescriptionLevel>
                    <Title>AU1</Title>
                </Content>
                <ArchiveUnit id="AU3">
                    <Management>
                        <StorageRule>
                            <Rule>R1</Rule>
                            <StartDate>2110-01-01</StartDate>
                            <Rule>R3</Rule>
                            <StartDate>2020-01-01</StartDate>
                            <FinalAction>RestrictAccess</FinalAction>
                        </StorageRule>
                    </Management>
                    <Content>
                        <DescriptionLevel>RecordGrp</DescriptionLevel>
                        <Title>AU3</Title>
                    </Content>
                    <ArchiveUnit id="AU4">
                        <Content>
                            <DescriptionLevel>RecordGrp</DescriptionLevel>
                            <Title>AU4</Title>
                        </Content>  
                        <ArchiveUnit id="AU6">
                            <Content>
                                <DescriptionLevel>RecordGrp</DescriptionLevel>
                                <Title>AU6</Title>
                            </Content>  
                            <DataObjectReference>
                                <DataObjectGroupReferenceId>ID6</DataObjectGroupReferenceId>
                            </DataObjectReference>                            
                        </ArchiveUnit> 
                    </ArchiveUnit>  
                    <ArchiveUnit id="AU5">
                        <Content>
                            <DescriptionLevel>RecordGrp</DescriptionLevel>
                            <Title>AU5</Title>
                        </Content>  
                        <ArchiveUnit id="AU_ref_vers_AU6">
                            <ArchiveUnitRefId>AU6</ArchiveUnitRefId>
                        </ArchiveUnit>
                    </ArchiveUnit>
                </ArchiveUnit>
            </ArchiveUnit>
            
            <ArchiveUnit id="AU2">
                <Management>
                    <StorageRule>
                        <Rule>R2</Rule>
                        <StartDate>2018-01-01</StartDate>
                        <FinalAction>RestrictAccess</FinalAction>
                    </StorageRule>
                </Management>
                <Content>
                    <DescriptionLevel>RecordGrp</DescriptionLevel>
                    <Title>AU2</Title>
                </Content>      
                <ArchiveUnit id="AUref1">
                    <ArchiveUnitRefId>AU3</ArchiveUnitRefId>
                </ArchiveUnit>
            </ArchiveUnit>

            <ArchiveUnit id="AU7">
                <Management>
                    <DisseminationRule>
                        <Rule>DIS-00004</Rule>
                        <StartDate>2017-01-01</StartDate>
                    </DisseminationRule>
                </Management>
                <Content>
                    <DescriptionLevel>RecordGrp</DescriptionLevel>
                    <Title>AU7</Title>
                </Content>      
                <ArchiveUnit id="AU8">
                    <Content>
                        <DescriptionLevel>RecordGrp</DescriptionLevel>
                        <Title>AU8</Title>
                    </Content>      
                </ArchiveUnit>
            </ArchiveUnit>
            
        </DescriptiveMetadata>
        <ManagementMetadata>
            <StorageRule>
                <Rule>R6</Rule>
                <StartDate>2021-01-01</StartDate>
                <Rule>R1</Rule>
                <StartDate>1900-01-01</StartDate>
                <FinalAction>Copy</FinalAction>
            </StorageRule>
            <AccessRule>
                <Rule>ACC-00035</Rule>
                <StartDate>2020-01-01</StartDate>
            </AccessRule>
            <OriginatingAgencyIdentifier>FRAN_NP_009913</OriginatingAgencyIdentifier>
        </ManagementMetadata>
    </DataObjectPackage>
    <ArchivalAgency>
        <Identifier>Identifier4</Identifier>
    </ArchivalAgency>
    <TransferringAgency>
        <Identifier>Identifier5</Identifier>
    </TransferringAgency>
</ArchiveTransfer>
