<?xml version="1.0" ?>
<ArchiveTransfer xmlns:xlink="http://www.w3.org/1999/xlink" xmlns:pr="info:lc/xmlns/premis-v2" xmlns="fr:gouv:culture:archivesdefrance:seda:v2.0" xmlns:xsi="http://www.w3.org/2001/XMLSchema-instance" xsi:schemaLocation="fr:gouv:culture:archivesdefrance:seda:v2.0 seda-2.0-main.xsd" xml:id="ID1">
	<Comment>Jeu de test avec objet dont l'empreinte est prise avec algorithme SHA-256</Comment>
	<Date>2017-01-02T10:26:15</Date>
	<MessageIdentifier>20161107001</MessageIdentifier>
	<ArchivalAgreement>ArchivalAgreement0</ArchivalAgreement>
	<CodeListVersions>
		<ReplyCodeListVersion>ReplyCodeListVersion0</ReplyCodeListVersion>
		<MessageDigestAlgorithmCodeListVersion>MessageDigestAlgorithmCodeListVersion0</MessageDigestAlgorithmCodeListVersion>
		<MimeTypeCodeListVersion>MimeTypeCodeListVersion0</MimeTypeCodeListVersion>
		<EncodingCodeListVersion>EncodingCodeListVersion0</EncodingCodeListVersion>
		<FileFormatCodeListVersion>FileFormatCodeListVersion0</FileFormatCodeListVersion>
		<CompressionAlgorithmCodeListVersion>CompressionAlgorithmCodeListVersion0</CompressionAlgorithmCodeListVersion>
		<DataObjectVersionCodeListVersion>DataObjectVersionCodeListVersion0</DataObjectVersionCodeListVersion>
		<StorageRuleCodeListVersion>StorageRuleCodeListVersion0</StorageRuleCodeListVersion>
		<AppraisalRuleCodeListVersion>AppraisalRuleCodeListVersion0</AppraisalRuleCodeListVersion>
		<AccessRuleCodeListVersion>AccessRuleCodeListVersion0</AccessRuleCodeListVersion>
		<DisseminationRuleCodeListVersion>DisseminationRuleCodeListVersion0</DisseminationRuleCodeListVersion>
		<ReuseRuleCodeListVersion>ReuseRuleCodeListVersion0</ReuseRuleCodeListVersion>
		<ClassificationRuleCodeListVersion>ClassificationRuleCodeListVersion0</ClassificationRuleCodeListVersion>
		<AuthorizationReasonCodeListVersion>AuthorizationReasonCodeListVersion0</AuthorizationReasonCodeListVersion>
		<RelationshipCodeListVersion>RelationshipCodeListVersion0</RelationshipCodeListVersion>
	</CodeListVersions>
	<DataObjectPackage xml:id="ID2">
		<BinaryDataObject id="ID7">
			<DataObjectGroupId>ID6</DataObjectGroupId>
			<DataObjectVersion>BinaryMaster</DataObjectVersion>
			<Uri>Content/ID7.txt</Uri>
			<MessageDigest algorithm="SHA-256"></MessageDigest>
			<Size>48</Size>
			<FormatIdentification>
				<FormatLitteral>Plain Text File</FormatLitteral>
				<MimeType>text/plain</MimeType>
				<FormatId>x-fmt/111</FormatId>
			</FormatIdentification>
			<FileInfo>
				<Filename>PVI57_fic1_pr_unit_non_ordonnée .txt</Filename>
				<LastModified>2017-01-02T10:22:02.750+01:00</LastModified>
			</FileInfo>
		</BinaryDataObject>
		<BinaryDataObject id="ID11">
			<DataObjectGroupId>ID10</DataObjectGroupId>
			<DataObjectVersion>BinaryMaster</DataObjectVersion>
			<Uri>Content/ID11.txt</Uri>
			<MessageDigest algorithm="SHA-256">63b47eae932fa614e07ece0bbfc2e5ebcafedd8160692e3636542a85d7d64ced</MessageDigest>
			<Size>48</Size>
			<FormatIdentification>
				<FormatLitteral>Plain Text File</FormatLitteral>
				<MimeType>text/plain</MimeType>
				<FormatId>x-fmt/111</FormatId>
			</FormatIdentification>
			<FileInfo>
				<Filename>PVI57_fic2_pr_unit_non_ordonnée.txt</Filename>
				<LastModified>2017-01-02T10:21:54.717+01:00</LastModified>
			</FileInfo>
		</BinaryDataObject>
		<BinaryDataObject id="ID17">
			<DataObjectGroupId>ID16</DataObjectGroupId>
			<DataObjectVersion>BinaryMaster</DataObjectVersion>
			<Uri>Content/ID17.txt</Uri>
			<MessageDigest algorithm="SHA-256">e07ca58747ad9f91bd344fcf71e16d483336fa23d203a651cde33283f3bff374</MessageDigest>
			<Size>48</Size>
			<FormatIdentification>
				<FormatLitteral>Plain Text File</FormatLitteral>
				<MimeType>text/plain</MimeType>
				<FormatId>x-fmt/111</FormatId>
			</FormatIdentification>
			<FileInfo>
				<Filename>PVI57_fic3_pr_unit_non_ordonnée .txt</Filename>
				<LastModified>2017-01-02T10:22:26.747+01:00</LastModified>
			</FileInfo>
		</BinaryDataObject>
		<BinaryDataObject id="ID21">
			<DataObjectGroupId>ID20</DataObjectGroupId>
			<DataObjectVersion>BinaryMaster</DataObjectVersion>
			<Uri>Content/ID21.txt</Uri>
			<MessageDigest algorithm="SHA-256">0cac4f0c6f5e5fd9c7511a9f22f9bb4c6e4c37a482c1b3ddb222bcfd68788704</MessageDigest>
			<Size>48</Size>
			<FormatIdentification>
				<FormatLitteral>Plain Text File</FormatLitteral>
				<MimeType>text/plain</MimeType>
				<FormatId>x-fmt/111</FormatId>
			</FormatIdentification>
			<FileInfo>
				<Filename>PVI57_fic4_pr_unit_non_ordonnée.txt</Filename>
				<LastModified>2017-01-02T10:22:33.673+01:00</LastModified>
			</FileInfo>
		</BinaryDataObject>
		<DescriptiveMetadata>
			<ArchiveUnit id="ID8">
				<Content>
					<DescriptionLevel>Item</DescriptionLevel>
					<Title>PVI57_fic1_pr_unit_non_ordonnée .txt</Title>
					<Description>Pseudo Archive Unit du fichier :C:\Users\fajjaz\Documents\VITAM\zzzPremiers Tests\API\Autres\PVI-57\JDD\construction\Dossier_pr_Unit_non_ordonnées\Sous_doc_1\PVI57_fic1_pr_unit_non_ordonnée .txt</Description>
					<TransactedDate>2017-01-02T10:22:02</TransactedDate>
				</Content>
				<DataObjectReference>
					<DataObjectGroupReferenceId>ID6</DataObjectGroupReferenceId>
				</DataObjectReference>
			</ArchiveUnit>
			<ArchiveUnit id="ID4">
				<Content>
					<DescriptionLevel>RecordGrp</DescriptionLevel>
					<Title>Sous_doc_1</Title>
					<Description>C:\Users\fajjaz\Documents\VITAM\zzzPremiers Tests\API\Autres\PVI-57\JDD\construction\Dossier_pr_Unit_non_ordonnées\Sous_doc_1</Description>
					<StartDate>2017-01-02T10:21:54</StartDate>
					<EndDate>2017-01-02T10:22:02</EndDate>
				</Content>
				<ArchiveUnit id="ID9">
					<ArchiveUnitRefId>ID8</ArchiveUnitRefId>
				</ArchiveUnit>
				<ArchiveUnit id="ID13">
					<ArchiveUnitRefId>ID12</ArchiveUnitRefId>
				</ArchiveUnit>
			</ArchiveUnit>			
			<ArchiveUnit id="ID3">
				<Content>
					<DescriptionLevel>RecordGrp</DescriptionLevel>
					<Title>Dossier_pr_Unit_non_ordonnées</Title>
					<Description>C:\Users\fajjaz\Documents\VITAM\zzzPremiers Tests\API\Autres\PVI-57\JDD\construction\Dossier_pr_Unit_non_ordonnées</Description>
					<StartDate>2017-01-02T10:21:54</StartDate>
					<EndDate>2017-01-02T10:22:33</EndDate>
				</Content>
				<ArchiveUnit id="ID5">
					<ArchiveUnitRefId>ID4</ArchiveUnitRefId>
				</ArchiveUnit>
				<ArchiveUnit id="ID15">
					<ArchiveUnitRefId>ID14</ArchiveUnitRefId>
				</ArchiveUnit>
			</ArchiveUnit>
			<ArchiveUnit id="ID12">
				<Content>
					<DescriptionLevel>Item</DescriptionLevel>
					<Title>PVI57_fic2_pr_unit_non_ordonnée.txt</Title>
					<Description>Pseudo Archive Unit du fichier :C:\Users\fajjaz\Documents\VITAM\zzzPremiers Tests\API\Autres\PVI-57\JDD\construction\Dossier_pr_Unit_non_ordonnées\Sous_doc_1\PVI57_fic2_pr_unit_non_ordonnée.txt</Description>
					<TransactedDate>2017-01-02T10:21:54</TransactedDate>
				</Content>
				<DataObjectReference>
					<DataObjectGroupReferenceId>ID10</DataObjectGroupReferenceId>
				</DataObjectReference>
			</ArchiveUnit>
			<ArchiveUnit id="ID14">
				<Content>
					<DescriptionLevel>RecordGrp</DescriptionLevel>
					<Title>Sous_doc_2</Title>
					<Description>C:\Users\fajjaz\Documents\VITAM\zzzPremiers Tests\API\Autres\PVI-57\JDD\construction\Dossier_pr_Unit_non_ordonnées\Sous_doc_2</Description>
					<StartDate>2017-01-02T10:22:26</StartDate>
					<EndDate>2017-01-02T10:22:33</EndDate>
				</Content>
				<ArchiveUnit id="ID19">
					<ArchiveUnitRefId>ID18</ArchiveUnitRefId>
				</ArchiveUnit>
				<ArchiveUnit id="ID23">
					<ArchiveUnitRefId>ID22</ArchiveUnitRefId>
				</ArchiveUnit>
			</ArchiveUnit>
			<ArchiveUnit id="ID18">
				<Content>
					<DescriptionLevel>Item</DescriptionLevel>
					<Title>PVI57_fic3_pr_unit_non_ordonnée .txt</Title>
					<Description>Pseudo Archive Unit du fichier :C:\Users\fajjaz\Documents\VITAM\zzzPremiers Tests\API\Autres\PVI-57\JDD\construction\Dossier_pr_Unit_non_ordonnées\Sous_doc_2\PVI57_fic3_pr_unit_non_ordonnée .txt</Description>
					<TransactedDate>2017-01-02T10:22:26</TransactedDate>
				</Content>
				<DataObjectReference>
					<DataObjectGroupReferenceId>ID16</DataObjectGroupReferenceId>
				</DataObjectReference>
			</ArchiveUnit>
			<ArchiveUnit id="ID22">
				<Content>
					<DescriptionLevel>Item</DescriptionLevel>
					<Title>PVI57_fic4_pr_unit_non_ordonnée.txt</Title>
					<Description>Pseudo Archive Unit du fichier :C:\Users\fajjaz\Documents\VITAM\zzzPremiers Tests\API\Autres\PVI-57\JDD\construction\Dossier_pr_Unit_non_ordonnées\Sous_doc_2\PVI57_fic4_pr_unit_non_ordonnée.txt</Description>
					<TransactedDate>2017-01-02T10:22:33</TransactedDate>
				</Content>
				<DataObjectReference>
					<DataObjectGroupReferenceId>ID20</DataObjectGroupReferenceId>
				</DataObjectReference>
			</ArchiveUnit>
		</DescriptiveMetadata>
		<ManagementMetadata>
			<OriginatingAgencyIdentifier>OAIAJJAZ</OriginatingAgencyIdentifier>
			<SubmissionAgencyIdentifier>OAIAJJAZ</SubmissionAgencyIdentifier>
		</ManagementMetadata>
	</DataObjectPackage>
	<ArchivalAgency>
		<Identifier>Identifier4</Identifier>
	</ArchivalAgency>
	<TransferringAgency>
		<Identifier>Identifier5</Identifier>
	</TransferringAgency>
</ArchiveTransfer>
