<?xml version="1.0" ?>
<ArchiveTransfer xmlns:xsi="http://www.w3.org/2001/XMLSchema-instance"
 xsi:schemaLocation="fr:gouv:culture:archivesdefrance:seda:v2.0 file:/Z:/espacePOBA/SEDA/Version_definitive_publiee/seda-2.0-main.xsd"
 xmlns="fr:gouv:culture:archivesdefrance:seda:v2.0" xmlns:xlink="http://www.w3.org/1999/xlink"
 xmlns:pr="info:lc/xmlns/premis-v2" xml:id="ID1">
    <Comment>2eme SIP</Comment>
    <Date>2016-10-18T15:23:00</Date>
    <MessageIdentifier>SIP KO règles de gestion incohérentes avec management métadata</MessageIdentifier>
    <ArchivalAgreement>ArchivalAgreement0</ArchivalAgreement>
    <CodeListVersions>
        <ReplyCodeListVersion>ReplyCodeListVersion0</ReplyCodeListVersion>
        <MessageDigestAlgorithmCodeListVersion>MessageDigestAlgorithmCodeListVersion0</MessageDigestAlgorithmCodeListVersion>
        <MimeTypeCodeListVersion>MimeTypeCodeListVersion0</MimeTypeCodeListVersion>
        <EncodingCodeListVersion>EncodingCodeListVersion0</EncodingCodeListVersion>
        <FileFormatCodeListVersion>FileFormatCodeListVersion0</FileFormatCodeListVersion>
        <CompressionAlgorithmCodeListVersion>CompressionAlgorithmCodeListVersion0</CompressionAlgorithmCodeListVersion>
        <DataObjectVersionCodeListVersion>DataObjectVersionCodeListVersion0</DataObjectVersionCodeListVersion>
        <StorageRuleCodeListVersion>StorageRuleCodeListVersion0</StorageRuleCodeListVersion>
        <AppraisalRuleCodeListVersion>AppraisalRuleCodeListVersion0</AppraisalRuleCodeListVersion>
        <AccessRuleCodeListVersion>AccessRuleCodeListVersion0</AccessRuleCodeListVersion>
        <DisseminationRuleCodeListVersion>DisseminationRuleCodeListVersion0</DisseminationRuleCodeListVersion>
        <ReuseRuleCodeListVersion>ReuseRuleCodeListVersion0</ReuseRuleCodeListVersion>
        <ClassificationRuleCodeListVersion>ClassificationRuleCodeListVersion0</ClassificationRuleCodeListVersion>
        <AuthorizationReasonCodeListVersion>AuthorizationReasonCodeListVersion0</AuthorizationReasonCodeListVersion>
        <RelationshipCodeListVersion>RelationshipCodeListVersion0</RelationshipCodeListVersion>
    </CodeListVersions>
    <DataObjectPackage xml:id="ID2">
        <BinaryDataObject id="ID7">
            <DataObjectGroupId>ID6</DataObjectGroupId>
            <DataObjectVersion>BinaryMaster</DataObjectVersion>
            <Uri>Content/ID7.pdf</Uri>
            <MessageDigest algorithm="SHA-512"
                >f5d6880f323e5aa73a95cece09a66fed2ca462c60690acdbf438216981d5c7f0c6f16e879c07199bb2a45a64f73fa6466d43296e18bb3e68123a7df9a6ad97b0</MessageDigest>
            <Size>524372</Size>
            <FormatIdentification>
                <FormatLitteral>Acrobat PDF 1.4 - Portable Document Format</FormatLitteral>
                <MimeType>application/pdf</MimeType>
                <FormatId>fmt/18</FormatId>
            </FormatIdentification>
            <FileInfo>
                <Filename>Histoire de la station de sa cération à 1946.pdf</Filename>
                <LastModified>2015-12-04T09:02:25.713+01:00</LastModified>
            </FileInfo>
        </BinaryDataObject>
        <BinaryDataObject id="ID13">
            <DataObjectGroupId>ID12</DataObjectGroupId>
            <DataObjectVersion>BinaryMaster</DataObjectVersion>
            <Uri>Content/ID13.odp</Uri>
            <MessageDigest algorithm="SHA-512"
                >422d96b979ebe53082b951048890cf09daebf1caf487d90a1e288978bdb57afb4c9f109159b40c8fc1319fa22bb96ded8b9e05b6529abc3a04e11f06707f0871</MessageDigest>
            <Size>2201507</Size>
            <FormatIdentification>
                <FormatLitteral>OpenDocument Presentation</FormatLitteral>
                <MimeType>application/vnd.oasis.opendocument.presentation</MimeType>
                <FormatId>fmt/293</FormatId>
            </FormatIdentification>
            <FileInfo>
                <Filename>Histoire de la station de sa création à 1946.odp</Filename>
                <LastModified>2016-06-02T15:32:29.146+02:00</LastModified>
            </FileInfo>
        </BinaryDataObject>
        <DescriptiveMetadata>
            <ArchiveUnit id="ID3">
                <Content>
                    <DescriptionLevel>RecordGrp</DescriptionLevel>
                    <Title>South-Kensington et Hyde Park</Title>
                    <Description>Une liste sur la grande aventure souterraine du plus célèbre transport parisien : découvrez les matériels, les hommes et les coulisses du métro tels que vous ne les avez jamais vus. Bientôt 110 ans au coeur de la cité ! Le métro de Paris « transporte » chaque jour 9 à 10 millions de passagers à la fois sous terre et au-dessus</Description>
        
                    <StartDate>2015-12-04T09:02:25</StartDate>
                    <EndDate>2016-06-02T15:32:29</EndDate>
                </Content>
                <ArchiveUnit id="ID5">
                    <ArchiveUnitRefId>ID4</ArchiveUnitRefId>
                </ArchiveUnit>
                <ArchiveUnit id="ID11">
                    <ArchiveUnitRefId>ID10</ArchiveUnitRefId>
                </ArchiveUnit>
            </ArchiveUnit>
            <ArchiveUnit id="ID4">
                <Management>
                    <ReuseRule>
                        <Rule>REU-00001</Rule>
                        <StartDate>2015-11-19</StartDate>
                    </ReuseRule>
                </Management>
                <Content>
                    <DescriptionLevel>RecordGrp</DescriptionLevel>
                    <Title>South-Kensington</Title>
                    <Description>Elle se trouve dans le quartier de Clignancourt à proximité de Montmartre, entre la mairie du 18e arrondissement et l'église Notre-Dame-de-Clignancourt.
                        
                        La station est ouverte en 1912. Ce prolongement avait été décidé par le conseil municipal du 3 juillet 1905 sur proposition d'Édouard Ballière1,2, et déclaré d'utilité publique par la loi du 10 avril 1908 votée sur proposition de Louis Barthou3.
                        
                        Elle porte le nom de Jules Joffrin (1846-1890) qui fut conseiller municipal et député du 18e arrondissement parisien.</Description>
                    <StartDate>2015-12-04T09:02:25</StartDate>
                    <EndDate>2015-12-04T09:02:25</EndDate>
                </Content>
                <ArchiveUnit id="ID9">
                    <ArchiveUnitRefId>ID8</ArchiveUnitRefId>
                </ArchiveUnit>
            </ArchiveUnit>
            <ArchiveUnit id="ID8">
                <Content>
                    <DescriptionLevel>Item</DescriptionLevel>
                    <Title>Histoire de la station de sa cération à 1946.pdf</Title>
                    <Description>Le 18e arrondissement de Paris fut formé par l’annexion de plusieurs hameaux et villages situés hors les murs : La Chapelle, Clignancourt et Montmartre dont dépendait l’actuelle place Jules Joffrin. Ouverte en 1858, soit deux années avant l’expansion parisienne, la voie était connue sous l’appellation Sainte-Euphrasie et fut rebaptisée en 1895 en hommage à François Alexandre Jules Joffrin, député du 18e arrondissement.</Description>
                    <TransactedDate>2015-12-04T09:02:25</TransactedDate>
                </Content>
                <DataObjectReference>
                    <DataObjectGroupReferenceId>ID6</DataObjectGroupReferenceId>
                </DataObjectReference>
            </ArchiveUnit>
            <ArchiveUnit id="ID10">
                <Management>
                    <DisseminationRule>
                        <Rule>DIS-00001</Rule>
                        <StartDate>2015-11-19</StartDate>
                    </DisseminationRule>
                </Management>
                <Content>
                    <DescriptionLevel>RecordGrp</DescriptionLevel>
                    <Title>Hyde Park</Title>
                    <Description>La station, ouverte le 23 août 1916 sous le nom de Torcy, est située en dessous de la partie sud de la rue de la Chapelle. Elle prend son nom actuel le 11 mai 1946. Son unique accès donne sur le terre-plein près du carrefour des rues Ordener, Riquet et de la Chapelle.</Description>

                    <StartDate>2016-06-02T15:32:29</StartDate>
                    <EndDate>2016-06-02T15:32:29</EndDate>
                </Content>
                <ArchiveUnit id="ID15">
                    <ArchiveUnitRefId>ID14</ArchiveUnitRefId>
                </ArchiveUnit>
            </ArchiveUnit>
            <ArchiveUnit id="ID14">
                <Content>
                    <DescriptionLevel>Item</DescriptionLevel>
                    <Title>Histoire de la station de sa création à 1946.odp</Title>
                    <Description>Jusqu'en 1946, la station s'appelait Torcy. Le marquis Jean-Baptiste Colbert de Torcy (1665-1746), neveu de Colbert, fut secrétaire dEtat aux Affaires étrangères. Il fut très actif dans les traités d'Ultrecht (1713) et de Ralstatt (1714).
                        Maire socialiste de Montluçon, député, puis sénateur, Marx Dormoy (1888-1941) fut ministre de l'Intérieur en 1937 et
                        
                        1938. Il fut assassiné par des cagoulards.</Description>
                    <TransactedDate>2016-06-02T15:32:29</TransactedDate>
                </Content>
                <DataObjectReference>
                    <DataObjectGroupReferenceId>ID12</DataObjectGroupReferenceId>
                </DataObjectReference>
            </ArchiveUnit>
        </DescriptiveMetadata>
        <ManagementMetadata>
            <DisseminationRule>
                <Rule>STO-00003</Rule>
                <StartDate>2016-12-04</StartDate>
            </DisseminationRule>
            <OriginatingAgencyIdentifier>FRAN_NP_009196</OriginatingAgencyIdentifier>
            <SubmissionAgencyIdentifier>FRAN_NP_005761</SubmissionAgencyIdentifier>
        </ManagementMetadata>
    </DataObjectPackage>
    <ArchivalAgency>
        <Identifier>Identifier4</Identifier>
    </ArchivalAgency>
    <TransferringAgency>
        <Identifier>Identifier5</Identifier>
    </TransferringAgency>
</ArchiveTransfer>
