<?xml version="1.0" ?>
<ArchiveTransfer xmlns:xlink="http://www.w3.org/1999/xlink" xmlns:pr="info:lc/xmlns/premis-v2" xmlns="fr:gouv:culture:archivesdefrance:seda:v2.1" xmlns:xsi="http://www.w3.org/2001/XMLSchema-instance" xsi:schemaLocation="fr:gouv:culture:archivesdefrance:seda:v2.1 seda-2.1-main.xsd" xml:id="ID1">
	<Comment>Jeu de test avec objet dont l'empreinte est prise avec algorithme SHA-256</Comment>
	<Date>2016-11-07T08:55:52</Date>
	<MessageIdentifier>SIP avec des empreintes de fichier en SHA-512</MessageIdentifier>
	<ArchivalAgreement>ArchivalAgreement0</ArchivalAgreement>
	<CodeListVersions>
		<ReplyCodeListVersion>ReplyCodeListVersion0</ReplyCodeListVersion>
		<MessageDigestAlgorithmCodeListVersion>MessageDigestAlgorithmCodeListVersion0</MessageDigestAlgorithmCodeListVersion>
		<MimeTypeCodeListVersion>MimeTypeCodeListVersion0</MimeTypeCodeListVersion>
		<EncodingCodeListVersion>EncodingCodeListVersion0</EncodingCodeListVersion>
		<FileFormatCodeListVersion>FileFormatCodeListVersion0</FileFormatCodeListVersion>
		<CompressionAlgorithmCodeListVersion>CompressionAlgorithmCodeListVersion0</CompressionAlgorithmCodeListVersion>
		<DataObjectVersionCodeListVersion>DataObjectVersionCodeListVersion0</DataObjectVersionCodeListVersion>
		<StorageRuleCodeListVersion>StorageRuleCodeListVersion0</StorageRuleCodeListVersion>
		<AppraisalRuleCodeListVersion>AppraisalRuleCodeListVersion0</AppraisalRuleCodeListVersion>
		<AccessRuleCodeListVersion>AccessRuleCodeListVersion0</AccessRuleCodeListVersion>
		<DisseminationRuleCodeListVersion>DisseminationRuleCodeListVersion0</DisseminationRuleCodeListVersion>
		<ReuseRuleCodeListVersion>ReuseRuleCodeListVersion0</ReuseRuleCodeListVersion>
		<ClassificationRuleCodeListVersion>ClassificationRuleCodeListVersion0</ClassificationRuleCodeListVersion>
		<AuthorizationReasonCodeListVersion>AuthorizationReasonCodeListVersion0</AuthorizationReasonCodeListVersion>
		<RelationshipCodeListVersion>RelationshipCodeListVersion0</RelationshipCodeListVersion>
	</CodeListVersions>
	<DataObjectPackage xml:id="ID2">
		<BinaryDataObject id="ID5">
			<DataObjectGroupId>ID4</DataObjectGroupId>
			<DataObjectVersion>BinaryMaster</DataObjectVersion>
			<Uri>Content/ID5.pdf</Uri>
			<MessageDigest algorithm="SHA-256">5f8c54974e6b8e74b3ec654898feda06e4318728c9dd4b9fc291b9af6bf7d16b</MessageDigest>
			<Size>211176</Size>
			<FormatIdentification>
				<FormatLitteral>Acrobat PDF 1.4 - Portable Document Format</FormatLitteral>
				<MimeType>application/pdf</MimeType>
				<FormatId>fmt/18</FormatId>
			</FormatIdentification>
			<FileInfo>
				<Filename>20160722_newsletter_vitam_n2_.pdf</Filename>
				<LastModified>2016-11-07T08:54:11.600+01:00</LastModified>
			</FileInfo>
		</BinaryDataObject>
		<DescriptiveMetadata>
			<ArchiveUnit id="ID3">
				<Content>
					<DescriptionLevel>RecordGrp</DescriptionLevel>
					<Title>newsletter</Title>
					<StartDate>2016-11-07T08:54:11</StartDate>
					<EndDate>2016-11-07T08:54:11</EndDate>
				</Content>
				<ArchiveUnit id="ID7">
					<ArchiveUnitRefId>ID6</ArchiveUnitRefId>
				</ArchiveUnit>
			</ArchiveUnit>
			<ArchiveUnit id="ID6">
				<Content>
					<DescriptionLevel>Item</DescriptionLevel>
					<Title>la nouvelle newsletter de vitam</Title>
					<TransactedDate>2016-11-07T08:54:11</TransactedDate>
				</Content>
				<DataObjectReference>
					<DataObjectGroupReferenceId>ID4</DataObjectGroupReferenceId>
				</DataObjectReference>
			</ArchiveUnit>
		</DescriptiveMetadata>
		<ManagementMetadata>
			<OriginatingAgencyIdentifier>Vitam</OriginatingAgencyIdentifier>
			<SubmissionAgencyIdentifier>Vitam</SubmissionAgencyIdentifier>
		</ManagementMetadata>
	</DataObjectPackage>
	<ArchivalAgency>
		<Identifier>Identifier4</Identifier>
	</ArchivalAgency>
	<TransferringAgency>
		<Identifier>Identifier5</Identifier>
	</TransferringAgency>
</ArchiveTransfer>
