<?xml version="1.0" ?>
<ArchiveTransfer xmlns:xsi="http://www.w3.org/2001/XMLSchema-instance"
    xsi:schemaLocation="fr:gouv:culture:archivesdefrance:seda:v2.1 ../../Bureau/BA/Sch%D0%92mas/seda-2.1-main.xsd"
    xmlns="fr:gouv:culture:archivesdefrance:seda:v2.1" xmlns:pr="info:lc/xmlns/premis-v2"
    xmlns:xlink="http://www.w3.org/1999/xlink" xml:id="ID1">
    <Comment>SIP possédant des règles de RefNonRuleId pour la story 2093</Comment>

    <!--
    DESCRIPTION DU SIP ET DU CAS TESTÉ

    CAS 1 : AU3 ayant RefNonRuleID déclarée dans une nouvelle StorageRule

    AU11 [str1, acc1] -> AU12 [str2] -> AU13 -> AU14
    AU13 -> AU15
    Donc avec AU13 ayant 2 enfants.
    
    AU11 possédant la règle de gestion StorageRule d'identifiant "str1" et une règle d'accès AccessRule acc1
    Et AU12 possédant une règle de gestion "str2" 

    CAS 4 : AU41 ayant RefNonRuleID déclarée dans la règle str1 et ce RefNonRuleId ayant pour valeur "str2"
      
    AU41 [str1, acc1] -> AU42 [str2] -> AU43 -> AU44
    AU43 -> AU45
    Donc avec AU43 ayant 2 enfants.
    
    AU41 possédant la règle de gestion StorageRule d'identifiant "str1" et une règle d'accès AccessRule acc1
    Et AU42 possédant une règle de gestion "str2" 

    CAS 5 : un bloc ManagementMetatada ayant une StorageRule d'identifiant "R5" et AU51 ayant dans sa StorageRule "str1" un RefNonRuleId = "R5"
      
    AU51 [str1, acc1] -> AU52 [str2] -> AU53 -> AU54
    AU53 -> AU55
    Donc avec AU53 ayant 2 enfants.
    
    AU51 possédant la règle de gestion StorageRule d'identifiant "str1" et une règle d'accès AccessRule acc1
    Et AU52 possédant une règle de gestion "str2" 

    CAS 6 : AU63 ayant RefNonRuleID déclarée dans une nouvelle StorageRule et ce RefNonRuleId ayant pour valeur "R6"
      
    AU61 [str1, acc1] -> AU62 [str2] -> AU63 -> AU64
    AU36 -> AU65
    Donc avec AU63 ayant 2 enfants.
    
    AU61 possédant la règle de gestion StorageRule d'identifiant "str1" et une règle d'accès AccessRule acc1
    Et AU62 possédant une règle de gestion "str2" 

    -->

    <Date>2016-10-18T14:52:27</Date>
    <MessageIdentifier>SIP possédant des règles de RefNonRuleId pour la story 2093</MessageIdentifier>
    <ArchivalAgreement>ArchivalAgreement0</ArchivalAgreement>
    <CodeListVersions>
        <ReplyCodeListVersion>ReplyCodeListVersion0</ReplyCodeListVersion>
        <MessageDigestAlgorithmCodeListVersion>MessageDigestAlgorithmCodeListVersion0</MessageDigestAlgorithmCodeListVersion>
        <MimeTypeCodeListVersion>MimeTypeCodeListVersion0</MimeTypeCodeListVersion>
        <EncodingCodeListVersion>EncodingCodeListVersion0</EncodingCodeListVersion>
        <FileFormatCodeListVersion>FileFormatCodeListVersion0</FileFormatCodeListVersion>
        <CompressionAlgorithmCodeListVersion>CompressionAlgorithmCodeListVersion0</CompressionAlgorithmCodeListVersion>
        <DataObjectVersionCodeListVersion>DataObjectVersionCodeListVersion0</DataObjectVersionCodeListVersion>
        <StorageRuleCodeListVersion>StorageRuleCodeListVersion0</StorageRuleCodeListVersion>
        <AppraisalRuleCodeListVersion>AppraisalRuleCodeListVersion0</AppraisalRuleCodeListVersion>
        <AccessRuleCodeListVersion>AccessRuleCodeListVersion0</AccessRuleCodeListVersion>
        <DisseminationRuleCodeListVersion>DisseminationRuleCodeListVersion0</DisseminationRuleCodeListVersion>
        <ReuseRuleCodeListVersion>ReuseRuleCodeListVersion0</ReuseRuleCodeListVersion>
        <ClassificationRuleCodeListVersion>ClassificationRuleCodeListVersion0</ClassificationRuleCodeListVersion>
        <AuthorizationReasonCodeListVersion>AuthorizationReasonCodeListVersion0</AuthorizationReasonCodeListVersion>
        <RelationshipCodeListVersion>RelationshipCodeListVersion0</RelationshipCodeListVersion>
    </CodeListVersions>
    <DataObjectPackage xml:id="ID2">
        <BinaryDataObject id="ID17">
            <DataObjectGroupId>ID16</DataObjectGroupId>
            <DataObjectVersion>BinaryMaster</DataObjectVersion>
            <Uri>Content/1DttzvaBjmOJlnNHhwjRWBRqvyqWtbx.pdf</Uri>
            <MessageDigest algorithm="SHA-512"
                >942bb63cc16bf5ca3ba7fabf40ce9be19c3185a36cd87ad17c63d6fad1aa29d4312d73f2d6a1ba1266c3a71fc4119dd476d2d776cf2ad2acd7a9a3dfa1f80dc7</MessageDigest>
            <Size>29403</Size>
            <FormatIdentification>
                <FormatLitteral>Acrobat PDF 1.4 - Portable Document Format</FormatLitteral>
                <MimeType>application/pdf</MimeType>
                <FormatId>fmt/18</FormatId>
            </FormatIdentification>
            <FileInfo>
                <Filename>DttzvaBjmOJlnNHhwjRWBRqvyqWtbx.pdf</Filename>
                <LastModified>2016-06-03T15:28:00.000+02:00</LastModified>
            </FileInfo>
        </BinaryDataObject>
        <BinaryDataObject id="ID47">
            <DataObjectGroupId>ID46</DataObjectGroupId>
            <DataObjectVersion>BinaryMaster</DataObjectVersion>
            <Uri>Content/4DttzvaBjmOJlnNHhwjRWBRqvyqWtbx.pdf</Uri>
            <MessageDigest algorithm="SHA-512"
                >942bb63cc16bf5ca3ba7fabf40ce9be19c3185a36cd87ad17c63d6fad1aa29d4312d73f2d6a1ba1266c3a71fc4119dd476d2d776cf2ad2acd7a9a3dfa1f80dc7</MessageDigest>
            <Size>29403</Size>
            <FormatIdentification>
                <FormatLitteral>Acrobat PDF 1.4 - Portable Document Format</FormatLitteral>
                <MimeType>application/pdf</MimeType>
                <FormatId>fmt/18</FormatId>
            </FormatIdentification>
            <FileInfo>
                <Filename>4DttzvaBjmOJlnNHhwjRWBRqvyqWtbx.pdf</Filename>
                <LastModified>2016-06-03T15:28:00.000+02:00</LastModified>
            </FileInfo>
        </BinaryDataObject>
        <BinaryDataObject id="ID57">
            <DataObjectGroupId>ID56</DataObjectGroupId>
            <DataObjectVersion>BinaryMaster</DataObjectVersion>
            <Uri>Content/5DttzvaBjmOJlnNHhwjRWBRqvyqWtbx.pdf</Uri>
            <MessageDigest algorithm="SHA-512"
                >942bb63cc16bf5ca3ba7fabf40ce9be19c3185a36cd87ad17c63d6fad1aa29d4312d73f2d6a1ba1266c3a71fc4119dd476d2d776cf2ad2acd7a9a3dfa1f80dc7</MessageDigest>
            <Size>29403</Size>
            <FormatIdentification>
                <FormatLitteral>Acrobat PDF 1.4 - Portable Document Format</FormatLitteral>
                <MimeType>application/pdf</MimeType>
                <FormatId>fmt/18</FormatId>
            </FormatIdentification>
            <FileInfo>
                <Filename>5DttzvaBjmOJlnNHhwjRWBRqvyqWtbx.pdf</Filename>
                <LastModified>2016-06-03T15:28:00.000+02:00</LastModified>
            </FileInfo>
        </BinaryDataObject>
        <BinaryDataObject id="ID67">
            <DataObjectGroupId>ID66</DataObjectGroupId>
            <DataObjectVersion>BinaryMaster</DataObjectVersion>
            <Uri>Content/6DttzvaBjmOJlnNHhwjRWBRqvyqWtbx.pdf</Uri>
            <MessageDigest algorithm="SHA-512"
                >942bb63cc16bf5ca3ba7fabf40ce9be19c3185a36cd87ad17c63d6fad1aa29d4312d73f2d6a1ba1266c3a71fc4119dd476d2d776cf2ad2acd7a9a3dfa1f80dc7</MessageDigest>
            <Size>29403</Size>
            <FormatIdentification>
                <FormatLitteral>Acrobat PDF 1.4 - Portable Document Format</FormatLitteral>
                <MimeType>application/pdf</MimeType>
                <FormatId>fmt/18</FormatId>
            </FormatIdentification>
            <FileInfo>
                <Filename>6DttzvaBjmOJlnNHhwjRWBRqvyqWtbx.pdf</Filename>
                <LastModified>2016-06-03T15:28:00.000+02:00</LastModified>
            </FileInfo>
        </BinaryDataObject>
        <DescriptiveMetadata>
            <ArchiveUnit id="AU11">
                <Management>
                    <StorageRule>
                        <Rule>R1</Rule>
                        <StartDate>2017-01-01</StartDate>
                        <FinalAction>RestrictAccess</FinalAction>
                    </StorageRule>
                    <AccessRule>
                        <Rule>ACC-00001</Rule>
                        <StartDate>2017-01-01</StartDate>
                    </AccessRule>
                </Management>
                <Content>
                    <DescriptionLevel>RecordGrp</DescriptionLevel>
                    <Title>AU1</Title>
                    <StartDate>2016-06-03T15:28:00</StartDate>
                    <EndDate>2016-06-03T15:28:00</EndDate>
                </Content>
                <ArchiveUnit id="AU12">
                    <Management>
                        <StorageRule>
                            <Rule>R2</Rule>
                            <StartDate>2017-02-01</StartDate>
                            <FinalAction>RestrictAccess</FinalAction>
                        </StorageRule>
                    </Management>
                    <Content>
                        <DescriptionLevel>RecordGrp</DescriptionLevel>
                        <Title>AU12</Title>
                    </Content>
                    <ArchiveUnit id="AU13">
                        <Management>
                            <StorageRule>
                                <RefNonRuleId>R1</RefNonRuleId>
                                <FinalAction>Copy</FinalAction>
                            </StorageRule>
                        </Management>
                        <Content>
                            <DescriptionLevel>RecordGrp</DescriptionLevel>
                            <Title>AU13</Title>
                        </Content>
                        <ArchiveUnit id="AU14">
                            <Content>
                                <DescriptionLevel>RecordGrp</DescriptionLevel>
                                <Title>AU14</Title>
                            </Content>
                        </ArchiveUnit>
                            <ArchiveUnit id="AU15">
                                <Content>
                                    <DescriptionLevel>Item</DescriptionLevel>
                                    <Title>AU15</Title>
                                </Content>
                                <DataObjectReference>
                                    <DataObjectGroupReferenceId>ID16</DataObjectGroupReferenceId>
                                </DataObjectReference>
                            </ArchiveUnit>
                    </ArchiveUnit>
                </ArchiveUnit>
            </ArchiveUnit>
            <ArchiveUnit id="AU41">
                <Management>
                    <StorageRule>
                        <Rule>R1</Rule>
                        <StartDate>2017-01-01</StartDate>
                        <RefNonRuleId>R2</RefNonRuleId>
                        <FinalAction>RestrictAccess</FinalAction>
                    </StorageRule>
                    <AccessRule>
                        <Rule>ACC-00001</Rule>
                        <StartDate>2017-01-01</StartDate>
                    </AccessRule>
                </Management>
                <Content>
                    <DescriptionLevel>RecordGrp</DescriptionLevel>
                    <Title>AU41</Title>
                    <StartDate>2016-06-03T15:28:00</StartDate>
                    <EndDate>2016-06-03T15:28:00</EndDate>
                </Content>
                <ArchiveUnit id="AU42">
                    <Management>
                        <StorageRule>
                            <Rule>R2</Rule>
                            <StartDate>2017-02-01</StartDate>
                            <FinalAction>RestrictAccess</FinalAction>
                        </StorageRule>
                    </Management>
                    <Content>
                        <DescriptionLevel>RecordGrp</DescriptionLevel>
                        <Title>AU42</Title>
                    </Content>
                    <ArchiveUnit id="AU43">
                        <Content>
                            <DescriptionLevel>RecordGrp</DescriptionLevel>
                            <Title>AU43</Title>
                        </Content>
                        <ArchiveUnit id="AU44">
                            <Content>
                                <DescriptionLevel>RecordGrp</DescriptionLevel>
                                <Title>AU44</Title>
                            </Content>
                        </ArchiveUnit>
                            <ArchiveUnit id="AU45">
                                <Content>
                                    <DescriptionLevel>Item</DescriptionLevel>
                                    <Title>AU45</Title>
                                </Content>
                                <DataObjectReference>
                                    <DataObjectGroupReferenceId>ID46</DataObjectGroupReferenceId>
                                </DataObjectReference>
                            </ArchiveUnit>
                    </ArchiveUnit>
                </ArchiveUnit>
            </ArchiveUnit>
            <ArchiveUnit id="AU51">
                <Management>
                    <StorageRule>
                        <Rule>R1</Rule>
                        <StartDate>2017-01-01</StartDate>
                        <RefNonRuleId>R5</RefNonRuleId>
                        <FinalAction>RestrictAccess</FinalAction>
                    </StorageRule>
                    <AccessRule>
                        <Rule>ACC-00001</Rule>
                        <StartDate>2017-01-01</StartDate>
                    </AccessRule>
                </Management>
                <Content>
                    <DescriptionLevel>RecordGrp</DescriptionLevel>
                    <Title>AU51</Title>
                    <StartDate>2016-06-03T15:28:00</StartDate>
                    <EndDate>2016-06-03T15:28:00</EndDate>
                </Content>
                <ArchiveUnit id="AU52">
                    <Management>
                        <StorageRule>
                            <Rule>R2</Rule>
                            <StartDate>2017-02-01</StartDate>
                            <FinalAction>RestrictAccess</FinalAction>
                        </StorageRule>
                    </Management>
                    <Content>
                        <DescriptionLevel>RecordGrp</DescriptionLevel>
                        <Title>AU52</Title>
                    </Content>
                    <ArchiveUnit id="AU53">
                        <Content>
                            <DescriptionLevel>RecordGrp</DescriptionLevel>
                            <Title>AU53</Title>
                        </Content>
                        <ArchiveUnit id="AU54">
                            <Content>
                                <DescriptionLevel>RecordGrp</DescriptionLevel>
                                <Title>AU54</Title>
                            </Content>
                        </ArchiveUnit>
                            <ArchiveUnit id="AU55">
                                <Content>
                                    <DescriptionLevel>Item</DescriptionLevel>
                                    <Title>AU55</Title>
                                </Content>
                                <DataObjectReference>
                                    <DataObjectGroupReferenceId>ID56</DataObjectGroupReferenceId>
                                </DataObjectReference>
                            </ArchiveUnit>
                    </ArchiveUnit>
                </ArchiveUnit>
            </ArchiveUnit>
            <ArchiveUnit id="AU61">
                <Management>
                    <StorageRule>
                        <Rule>R1</Rule>
                        <StartDate>2017-01-01</StartDate>
                        <FinalAction>RestrictAccess</FinalAction>
                    </StorageRule>
                    <AccessRule>
                        <Rule>ACC-00001</Rule>
                        <StartDate>2017-01-01</StartDate>
                    </AccessRule>
                </Management>
                <Content>
                    <DescriptionLevel>RecordGrp</DescriptionLevel>
                    <Title>AU61</Title>
                    <StartDate>2016-06-03T15:28:00</StartDate>
                    <EndDate>2016-06-03T15:28:00</EndDate>
                </Content>
                <ArchiveUnit id="AU62">
                    <Management>
                        <StorageRule>
                            <Rule>R2</Rule>
                            <StartDate>2017-02-01</StartDate>
                            <FinalAction>RestrictAccess</FinalAction>
                        </StorageRule>
                    </Management>
                    <Content>
                        <DescriptionLevel>RecordGrp</DescriptionLevel>
                        <Title>AU62</Title>
                    </Content>
                    <ArchiveUnit id="AU63">
                        <Management>
                            <StorageRule>
                                <RefNonRuleId>R6</RefNonRuleId>
                                <FinalAction>Copy</FinalAction>
                            </StorageRule>
                        </Management>
                        <Content>
                            <DescriptionLevel>RecordGrp</DescriptionLevel>
                            <Title>AU63</Title>
                        </Content>
                        <ArchiveUnit id="AU64">
                            <Content>
                                <DescriptionLevel>RecordGrp</DescriptionLevel>
                                <Title>AU64</Title>
                            </Content>
                        </ArchiveUnit>
                            <ArchiveUnit id="AU65">
                                <Content>
                                    <DescriptionLevel>Item</DescriptionLevel>
                                    <Title>AU65</Title>
                                </Content>
                                <DataObjectReference>
                                    <DataObjectGroupReferenceId>ID66</DataObjectGroupReferenceId>
                                </DataObjectReference>
                            </ArchiveUnit>
                    </ArchiveUnit>
                </ArchiveUnit>
            </ArchiveUnit>
        </DescriptiveMetadata>
        <ManagementMetadata>
<OriginatingAgencyIdentifier>FRAN_NP_009913</OriginatingAgencyIdentifier>
            <StorageRule>
                <Rule>R5</Rule>
                <FinalAction>Copy</FinalAction>
            </StorageRule>
        </ManagementMetadata>
    </DataObjectPackage>
    <ArchivalAgency>
        <Identifier>Identifier4</Identifier>
    </ArchivalAgency>
    <TransferringAgency>
        <Identifier>Identifier5</Identifier>
    </TransferringAgency>
</ArchiveTransfer>
