<?xml version="1.0" ?>
<ArchiveTransfer xmlns:xsi="http://www.w3.org/2001/XMLSchema-instance"
 xsi:schemaLocation="fr:gouv:culture:archivesdefrance:seda:v2.0 ../../Bureau/BA/Sch%D0%92mas/seda-2.0-main.xsd"
 xmlns="fr:gouv:culture:archivesdefrance:seda:v2.0" xmlns:pr="info:lc/xmlns/premis-v2"
 xmlns:xlink="http://www.w3.org/1999/xlink" xml:id="ID1">
    <Comment>SIP ayant 2 racines AU0 Racine001 et AU0 Racine002 et un bloc ManagementMetadata ayant une règle de gestion "R2"</Comment>
      
    <Date>2016-10-18T14:52:27</Date>
    <MessageIdentifier>SIP ayant 2 racines AU0 Racine001 et AU0 Racine002 et un bloc ManagementMetadata ayant une règle de gestion "R2"</MessageIdentifier>
    <ArchivalAgreement>ArchivalAgreement0</ArchivalAgreement>
    <CodeListVersions>
        <ReplyCodeListVersion>ReplyCodeListVersion0</ReplyCodeListVersion>
        <MessageDigestAlgorithmCodeListVersion>MessageDigestAlgorithmCodeListVersion0</MessageDigestAlgorithmCodeListVersion>
        <MimeTypeCodeListVersion>MimeTypeCodeListVersion0</MimeTypeCodeListVersion>
        <EncodingCodeListVersion>EncodingCodeListVersion0</EncodingCodeListVersion>
        <FileFormatCodeListVersion>FileFormatCodeListVersion0</FileFormatCodeListVersion>
        <CompressionAlgorithmCodeListVersion>CompressionAlgorithmCodeListVersion0</CompressionAlgorithmCodeListVersion>
        <DataObjectVersionCodeListVersion>DataObjectVersionCodeListVersion0</DataObjectVersionCodeListVersion>
        <StorageRuleCodeListVersion>StorageRuleCodeListVersion0</StorageRuleCodeListVersion>
        <AppraisalRuleCodeListVersion>AppraisalRuleCodeListVersion0</AppraisalRuleCodeListVersion>
        <AccessRuleCodeListVersion>AccessRuleCodeListVersion0</AccessRuleCodeListVersion>
        <DisseminationRuleCodeListVersion>DisseminationRuleCodeListVersion0</DisseminationRuleCodeListVersion>
        <ReuseRuleCodeListVersion>ReuseRuleCodeListVersion0</ReuseRuleCodeListVersion>
        <ClassificationRuleCodeListVersion>ClassificationRuleCodeListVersion0</ClassificationRuleCodeListVersion>
        <AuthorizationReasonCodeListVersion>AuthorizationReasonCodeListVersion0</AuthorizationReasonCodeListVersion>
        <RelationshipCodeListVersion>RelationshipCodeListVersion0</RelationshipCodeListVersion>
    </CodeListVersions>
    <DataObjectPackage xml:id="ID2">
        <BinaryDataObject id="ID7">
            <DataObjectGroupId>ID6</DataObjectGroupId>
            <DataObjectVersion>BinaryMaster</DataObjectVersion>
            <Uri>Content/DttzvaBjmOJlnNHhwjRWBRqvyqWtbx.pdf</Uri>
            <MessageDigest algorithm="SHA-512"
                >942bb63cc16bf5ca3ba7fabf40ce9be19c3185a36cd87ad17c63d6fad1aa29d4312d73f2d6a1ba1266c3a71fc4119dd476d2d776cf2ad2acd7a9a3dfa1f80dc7</MessageDigest>
            <Size>29403</Size>
            <FormatIdentification>
                <FormatLitteral>Acrobat PDF 1.4 - Portable Document Format</FormatLitteral>
                <MimeType>application/pdf</MimeType>
                <FormatId>fmt/18</FormatId>
            </FormatIdentification>
            <FileInfo>
                <Filename>DttzvaBjmOJlnNHhwjRWBRqvyqWtbx.pdf</Filename>
                <LastModified>2016-06-03T15:28:00.000+02:00</LastModified>
            </FileInfo>
        </BinaryDataObject>     
        <DescriptiveMetadata>
            
            <ArchiveUnit id="AU0">
                <Content>
                    <DescriptionLevel>RecordGrp</DescriptionLevel>
                    <Title>AU0 Racine001</Title>
                </Content>
                <ArchiveUnit id="AUREF">
                    <ArchiveUnitRefId>AU2</ArchiveUnitRefId>
                </ArchiveUnit>
            </ArchiveUnit>
            
 
            <ArchiveUnit id="AU1">
                <Management>
                </Management>
                <Content>
                    <DescriptionLevel>RecordGrp</DescriptionLevel>
                    <Title>AU1 Racine002</Title>
                    <StartDate>2016-06-03T15:28:00</StartDate>
                    <EndDate>2016-06-03T15:28:00</EndDate>
                </Content>              
                <ArchiveUnit id="AU2">
                    <Content>
                    <DescriptionLevel>RecordGrp</DescriptionLevel>
                    <Title>AU2 RG1535 LDU061607</Title>   
                    </Content>
                    <ArchiveUnit id="AU3">
                        <Content>
                        <DescriptionLevel>RecordGrp</DescriptionLevel>
                        <Title>AU3 LDU061130 LDU061450 LDU061607</Title>   
                        </Content>                    
                        <ArchiveUnit id="AU4">
                            <Content>                        
                            <DescriptionLevel>RecordGrp</DescriptionLevel>
                            <Title>AU4 LDU061130 LDU061450 LDU061607</Title>   
                            </Content>
                            <ArchiveUnit id="ref6">
                                <ArchiveUnitRefId>AU6</ArchiveUnitRefId>
                            </ArchiveUnit>
                            <ArchiveUnit id="AU5">
                                <Content>
                                <DescriptionLevel>Item</DescriptionLevel>
                                <Title>AU5 LDU061130 LDU061450 LDU061607</Title>      
                                </Content>
                                <DataObjectReference>
                                    <DataObjectGroupReferenceId>ID6</DataObjectGroupReferenceId>
                                </DataObjectReference>
                            </ArchiveUnit>
                        </ArchiveUnit>
                    </ArchiveUnit>
                </ArchiveUnit>
            </ArchiveUnit>
            <ArchiveUnit id="AU6">
                <Content>
                    <DescriptionLevel>RecordGrp</DescriptionLevel>
                    <Title>AU6 LDU061130 LDU061450 LDU061607</Title>
                </Content>
            </ArchiveUnit>
        </DescriptiveMetadata>
        <ManagementMetadata>
            <StorageRule>
                <Rule>R2</Rule>
                <StartDate>2015-01-01</StartDate>
                <FinalAction>Copy</FinalAction>
            </StorageRule>
            
            <OriginatingAgencyIdentifier>FRAN_NP_009913</OriginatingAgencyIdentifier>
        </ManagementMetadata>
    </DataObjectPackage>
    <ArchivalAgency>
        <Identifier>Identifier4</Identifier>
    </ArchivalAgency>
    <TransferringAgency>
        <Identifier>Identifier5</Identifier>
    </TransferringAgency>
</ArchiveTransfer>
