<?xml version="1.0" encoding="UTF-8"?>
<ArchiveTransfer xmlns:xlink="http://www.w3.org/1999/xlink"
    xmlns:pr="info:lc/xmlns/premis-v2"
    xmlns="fr:gouv:culture:archivesdefrance:seda:v2.1"
    xmlns:xsi="http://www.w3.org/2001/XMLSchema-instance"
    xsi:schemaLocation="fr:gouv:culture:archivesdefrance:seda:v2.1 seda-2.1-main.xsd" xml:id="ID002">
    <Date>2016-06-23T09:45:51.0</Date>
    <MessageIdentifier>vitam</MessageIdentifier>
    <ArchivalAgreement>ArchivalAgreement0</ArchivalAgreement>
    <CodeListVersions xml:id="ID005">
        <ReplyCodeListVersion>ReplyCodeListVersion0</ReplyCodeListVersion>
        <MessageDigestAlgorithmCodeListVersion>MessageDigestAlgorithmCodeListVersion0</MessageDigestAlgorithmCodeListVersion>
        <MimeTypeCodeListVersion>MimeTypeCodeListVersion0</MimeTypeCodeListVersion>
        <EncodingCodeListVersion>EncodingCodeListVersion0</EncodingCodeListVersion>
        <FileFormatCodeListVersion>FileFormatCodeListVersion0</FileFormatCodeListVersion>
        <CompressionAlgorithmCodeListVersion>CompressionAlgorithmCodeListVersion0</CompressionAlgorithmCodeListVersion>
        <DataObjectVersionCodeListVersion>DataObjectVersionCodeListVersion0</DataObjectVersionCodeListVersion>
        <StorageRuleCodeListVersion>StorageRuleCodeListVersion0</StorageRuleCodeListVersion>
        <AppraisalRuleCodeListVersion>AppraisalRuleCodeListVersion0</AppraisalRuleCodeListVersion>
        <AccessRuleCodeListVersion>AccessRuleCodeListVersion0</AccessRuleCodeListVersion>
        <DisseminationRuleCodeListVersion>DisseminationRuleCodeListVersion0</DisseminationRuleCodeListVersion>
        <ReuseRuleCodeListVersion>ReuseRuleCodeListVersion0</ReuseRuleCodeListVersion>
        <ClassificationRuleCodeListVersion>ClassificationRuleCodeListVersion0</ClassificationRuleCodeListVersion>
        <AuthorizationReasonCodeListVersion>AuthorizationReasonCodeListVersion0</AuthorizationReasonCodeListVersion>
        <RelationshipCodeListVersion>RelationshipCodeListVersion0</RelationshipCodeListVersion>
    </CodeListVersions>
    
    <DataObjectPackage xml:id="ID007">
        <PhysicalDataObject id="ID009">
            <DataObjectGroupReferenceId>ID006</DataObjectGroupReferenceId>
            <DataObjectVersion>PhysicalMaster</DataObjectVersion>
            <PhysicalId>1500W03</PhysicalId>
            <PhysicalDimensions>
				<NumberOfPage>23</NumberOfPage>
            </PhysicalDimensions>
        </PhysicalDataObject>
        
        <BinaryDataObject id="ID011">
            <DataObjectGroupId>ID006</DataObjectGroupId>
            <DataObjectVersion>BinaryMaster</DataObjectVersion>
            <Uri>content/e726e114f302c871b64569a00acb3a19badb7ee8ce4aef72cc2a043ace4905b8e8fca6f4771f8d6f67e221a53a4bbe170501af318c8f2c026cc8ea60f66fa804.odp</Uri>
            <MessageDigest algorithm="SHA-512">e726e114f302c871b64569a00acb3a19badb7ee8ce4aef72cc2a043ace4905b8e8fca6f4771f8d6f67e221a53a4bbe170501af318c8f2c026cc8ea60f66fa804</MessageDigest>
            <Size>100646</Size>
            <FormatIdentification>
                <FormatLitteral>OpenDocument Presentation</FormatLitteral>
                <MimeType>application/vnd.oasis.opendocument.presentation</MimeType>
                <FormatId>fmt/293</FormatId>
            </FormatIdentification>
            <FileInfo>
                <Filename>Vitam-Sensibilisation-API-V1.0.odp</Filename>
                <CreatingApplicationName>LibreOffice/Impress</CreatingApplicationName>
                <CreatingApplicationVersion>5.0.5.2</CreatingApplicationVersion>
                <CreatingOs>Windows_X86_64</CreatingOs>
                <CreatingOsVersion>10</CreatingOsVersion>
                <LastModified>2016-05-05T20:45:20</LastModified>
            </FileInfo>
            <Metadata>
                <Document><!--  --></Document>
            </Metadata>
            <OtherMetadata><!--  --></OtherMetadata>
        </BinaryDataObject>
        <BinaryDataObject id="ID012">
            <DataObjectGroupReferenceId>ID006</DataObjectGroupReferenceId>
            <DataObjectVersion>Dissemination</DataObjectVersion>
            <Uri>content/f332ca3fd108067eb3500df34283485a1c35e36bdf8f4bd3db3fd9064efdb954.pdf</Uri>
            <MessageDigest algorithm="SHA-256">f332ca3fd108067eb3500df34283485a1c35e36bdf8f4bd3db3fd9064efdb954</MessageDigest>
            <Size>186536</Size>
            <FormatIdentification>
                <FormatLitteral>Acrobat PDF 1.4 - Portable Document Format</FormatLitteral>
                <MimeType>application/pdf</MimeType>
                <FormatId>fmt/18</FormatId>
            </FormatIdentification>
            <FileInfo>
                <Filename>Vitam-Sensibilisation-API-V1.0.pdf</Filename>
                <CreatingApplicationName>LibreOffice 5.0/Impress</CreatingApplicationName>
                <CreatingApplicationVersion>5.0.5.2</CreatingApplicationVersion>
                <CreatingOs>Windows_X86_64</CreatingOs>
                <CreatingOsVersion>10</CreatingOsVersion>
                <LastModified>2016-05-05T20:45:32</LastModified>
            </FileInfo>
            <Metadata>
                <Document><!--  --></Document>
            </Metadata>
            <OtherMetadata><!--  --></OtherMetadata>
        </BinaryDataObject>
        <BinaryDataObject id="ID013">
            <DataObjectGroupReferenceId>ID006</DataObjectGroupReferenceId>
            <DataObjectVersion>Thumbnail</DataObjectVersion>
            <Uri>content/fe2b0664fc66afd85f839be6ee4b6433b60a06b9a4481e0743c9965394fa0b8aa51b30df11f3281fef3d7f6c86a35cd2925351076da7abc064ad89369edf44f0.png</Uri>
            <MessageDigest algorithm="SHA-512">fe2b0664fc66afd85f839be6ee4b6433b60a06b9a4481e0743c9965394fa0b8aa51b30df11f3281fef3d7f6c86a35cd2925351076da7abc064ad89369edf44f0</MessageDigest>
            <Size>40740</Size>
            <FormatIdentification>
                <FormatLitteral>Portable Network Graphics</FormatLitteral>
                <MimeType>image/png</MimeType>
                <FormatId>fmt/11</FormatId>
            </FormatIdentification>
            <FileInfo>
                <Filename>Vitam-Sensibilisation-API-V1.0.png</Filename>
                <CreatingApplicationName>LibreOffice/Impress</CreatingApplicationName>
                <CreatingApplicationVersion>5.0.5.2</CreatingApplicationVersion>
                <CreatingOs>Windows_X86_64</CreatingOs>
                <CreatingOsVersion>10</CreatingOsVersion>
                <LastModified>2016-06-23T12:45:20</LastModified>
            </FileInfo>
            <Metadata>
                <Image><!--  --></Image>
            </Metadata>
            <OtherMetadata><!--  --></OtherMetadata>
        </BinaryDataObject>
        <BinaryDataObject id="ID014">
            <DataObjectGroupReferenceId>ID006</DataObjectGroupReferenceId>
            <DataObjectVersion>TextContent</DataObjectVersion>
            <Uri>content/d156f4a4cc725cc6eaaafdcb7936c9441d25bdf033e4e2f1852cf540d39713446cfcd42f2ba087eb66f3f9dbfeca338180ca64bdde645706ec14499311d557f4.txt</Uri>
            <MessageDigest algorithm="SHA-512">d156f4a4cc725cc6eaaafdcb7936c9441d25bdf033e4e2f1852cf540d39713446cfcd42f2ba087eb66f3f9dbfeca338180ca64bdde645706ec14499311d557f4</MessageDigest>
            <Size>17120</Size>
            <FormatIdentification>
                <FormatLitteral>Plain Text File</FormatLitteral>
                <MimeType>text/plain</MimeType>
                <FormatId>x-fmt/111</FormatId>
                <Encoding>UTF-8</Encoding>
            </FormatIdentification>
            <FileInfo>
                <Filename>Vitam-Sensibilisation-API-V1.0.txt</Filename>
                <LastModified>2016-06-23T12:50:20</LastModified>
            </FileInfo>
            <Metadata>
                <Text><!--  --></Text>
            </Metadata>
            <OtherMetadata><!--  --></OtherMetadata>
        </BinaryDataObject>
        
        <DescriptiveMetadata>
            <ArchiveUnit id="ID015">
                <ArchiveUnitProfile>PresentationType</ArchiveUnitProfile>
                <Management>
                    <StorageRule>
                        <Rule id="ID017">STO-00001</Rule>
                        <FinalAction>RestrictAccess</FinalAction>
                    </StorageRule>
                    <AppraisalRule>
                        <Rule id="ID018">APP-00001</Rule>
                        <FinalAction>Keep</FinalAction>
                    </AppraisalRule>
                    <AccessRule>
                        <Rule id="ID019">ACC-00001</Rule>
                    </AccessRule>
                    <DisseminationRule>
                        <Rule id="ID020">DIS-00001</Rule>
                    </DisseminationRule>
                    <ReuseRule>
                        <Rule id="ID022">REU-00001</Rule>
                    </ReuseRule>
                    <ClassificationRule>
                        <Rule id="ID024">CLASS-00001</Rule>
                        <ClassificationLevel>ClassificationLevel0</ClassificationLevel>
                        <ClassificationOwner>ClassificationOwner0</ClassificationOwner>
                    </ClassificationRule>
                    <NeedAuthorization>false</NeedAuthorization>
                </Management>
                <Content>
                    <DescriptionLevel>Item</DescriptionLevel>
                    <Title>Sensibilisation API</Title>
                    <FilePlanPosition>FilePlanPosition0</FilePlanPosition>
                    <OriginatingSystemId>OriginatingSystemId0</OriginatingSystemId>
                    <ArchivalAgencyArchiveUnitIdentifier>ArchivalAgencyArchiveUnitIdentifier0</ArchivalAgencyArchiveUnitIdentifier>
                    <OriginatingAgencyArchiveUnitIdentifier>OriginatingAgencyArchiveUnitIdentifier0</OriginatingAgencyArchiveUnitIdentifier>
                    <TransferringAgencyArchiveUnitIdentifier>TransferringAgencyArchiveUnitIdentifier0</TransferringAgencyArchiveUnitIdentifier>
                    <Description>Sensibilisation au Technical Design et à l'API Design Java et REST de la solution logicielle Vitam</Description>
                    <Language>fr-FR</Language>
                    <OriginatingAgency>
                        <Identifier>Identifier0</Identifier>
                    </OriginatingAgency>
                    <SubmissionAgency>
                        <Identifier>Identifier1</Identifier>
                    </SubmissionAgency>
                    <Writer>
                        <FirstName>FirstName0</FirstName>
                        <BirthName>BirthName0</BirthName>
                    </Writer>
                    <CreatedDate>2016-05-05T20:45:20</CreatedDate>
                    <TransactedDate>2016-05-05</TransactedDate>
                </Content>
                <DataObjectReference id="ID0290">
                    <DataObjectGroupReferenceId>ID006</DataObjectGroupReferenceId>
                </DataObjectReference>
            </ArchiveUnit>
        </DescriptiveMetadata>
        <ManagementMetadata xml:id="ID030">
            <ServiceLevel>ServiceLevel0</ServiceLevel>
            <OriginatingAgencyIdentifier>FRAN_NP_005568</OriginatingAgencyIdentifier>
            <SubmissionAgencyIdentifier>FRAN_NP_005061</SubmissionAgencyIdentifier>
        </ManagementMetadata>
    </DataObjectPackage>

    <ArchivalAgency xml:id="ID031">
        <Identifier>ArchivalAgency1</Identifier>
    </ArchivalAgency>
    <TransferringAgency xml:id="ID032">
        <Identifier>TransferringAgency1</Identifier>
    </TransferringAgency>
</ArchiveTransfer>
