<?xml version="1.0" encoding="UTF-8"?>
<ArchiveTransfer xmlns:xsi="http://www.w3.org/2001/XMLSchema-instance"
 xsi:schemaLocation="fr:gouv:culture:archivesdefrance:seda:v2.1 ../../Documentation/SEDA/SEDA_2.1/SEDA_2-1_definitif/seda-2.1-main.xsd"
 xmlns="fr:gouv:culture:archivesdefrance:seda:v2.1">
   <Comment>SIP pour tester les eliminations complexes</Comment>
	<Date>2018-07-02T16:01:43</Date>
	<MessageIdentifier>MessageIdentifier0</MessageIdentifier>
	<ArchivalAgreement>IC-000001</ArchivalAgreement>
	<CodeListVersions>
		<ReplyCodeListVersion>ReplyCodeListVersion0</ReplyCodeListVersion>
		<MessageDigestAlgorithmCodeListVersion>MessageDigestAlgorithmCodeListVersion0</MessageDigestAlgorithmCodeListVersion>
		<MimeTypeCodeListVersion>MimeTypeCodeListVersion0</MimeTypeCodeListVersion>
		<EncodingCodeListVersion>EncodingCodeListVersion0</EncodingCodeListVersion>
		<FileFormatCodeListVersion>FileFormatCodeListVersion0</FileFormatCodeListVersion>
		<CompressionAlgorithmCodeListVersion>CompressionAlgorithmCodeListVersion0</CompressionAlgorithmCodeListVersion>
		<DataObjectVersionCodeListVersion>DataObjectVersionCodeListVersion0</DataObjectVersionCodeListVersion>
		<StorageRuleCodeListVersion>StorageRuleCodeListVersion0</StorageRuleCodeListVersion>
		<AppraisalRuleCodeListVersion>AppraisalRuleCodeListVersion0</AppraisalRuleCodeListVersion>
		<AccessRuleCodeListVersion>AccessRuleCodeListVersion0</AccessRuleCodeListVersion>
		<DisseminationRuleCodeListVersion>DisseminationRuleCodeListVersion0</DisseminationRuleCodeListVersion>
		<ReuseRuleCodeListVersion>ReuseRuleCodeListVersion0</ReuseRuleCodeListVersion>
		<ClassificationRuleCodeListVersion>ClassificationRuleCodeListVersion0</ClassificationRuleCodeListVersion>
		<AuthorizationReasonCodeListVersion>AuthorizationReasonCodeListVersion0</AuthorizationReasonCodeListVersion>
		<RelationshipCodeListVersion>RelationshipCodeListVersion0</RelationshipCodeListVersion>
	</CodeListVersions>
	<DataObjectPackage xml:id="ID2">
		<BinaryDataObject id="ID13">
			<DataObjectGroupId>ID12</DataObjectGroupId>
			<DataObjectVersion>BinaryMaster</DataObjectVersion>
			<Uri>Content/ID13.txt</Uri>
			<MessageDigest algorithm="SHA-512">6f239deebca46d350561d72c99ccf25ebab5bf152b10bda88cb07abbb1c9fd0697e328727116893e648fea7e6fde3da36e90eb8b81fcb103aceb1213f9355029</MessageDigest>
			<Size>7</Size>
			<FormatIdentification>
				<FormatLitteral>Plain Text File</FormatLitteral>
				<MimeType>text/plain</MimeType>
				<FormatId>x-fmt/111</FormatId>
			</FormatIdentification>
			<FileInfo>
				<Filename>Dourdan.txt</Filename>
				<LastModified>2018-07-02T15:59:50.283+02:00</LastModified>
			</FileInfo>
		</BinaryDataObject>
		<BinaryDataObject id="ID19">
			<DataObjectGroupId>ID18</DataObjectGroupId>
			<DataObjectVersion>BinaryMaster</DataObjectVersion>
			<Uri>Content/ID19.txt</Uri>
			<MessageDigest algorithm="SHA-512">f9cbb3b8496a4c8b94a95ae4ca96499a0047cda69c1dac5a060c801d02e56f21eac30e00ebb49d032ff95e1a895796e1480047f40b2fb0fb77e6c72a6c49fda8</MessageDigest>
			<Size>7</Size>
			<FormatIdentification>
				<FormatLitteral>Plain Text File</FormatLitteral>
				<MimeType>text/plain</MimeType>
				<FormatId>x-fmt/111</FormatId>
			</FormatIdentification>
			<FileInfo>
				<Filename>Etampes.txt</Filename>
				<LastModified>2018-07-02T15:58:27.847+02:00</LastModified>
			</FileInfo>
		</BinaryDataObject>
		<BinaryDataObject id="ID37">
			<DataObjectGroupId>ID36</DataObjectGroupId>
			<DataObjectVersion>BinaryMaster</DataObjectVersion>
			<Uri>Content/ID37.txt</Uri>
			<MessageDigest algorithm="SHA-512">3672f49ac8a8e9d11366807bc3530427bff54b8fec48248dbcb2f5820d876e3d96dacbe3be3b3e8f9c26e7976cd067eed8b7ba067678949c607eb25f7033013b</MessageDigest>
			<Size>11</Size>
			<FormatIdentification>
				<FormatLitteral>Plain Text File</FormatLitteral>
				<MimeType>text/plain</MimeType>
				<FormatId>x-fmt/111</FormatId>
			</FormatIdentification>
			<FileInfo>
				<Filename>Malesherbes.txt</Filename>
				<LastModified>2018-07-02T15:57:51.704+02:00</LastModified>
			</FileInfo>
		</BinaryDataObject>
		<BinaryDataObject id="ID47">
			<DataObjectGroupId>ID46</DataObjectGroupId>
			<DataObjectVersion>BinaryMaster</DataObjectVersion>
			<Uri>Content/ID47.txt</Uri>
			<MessageDigest algorithm="SHA-512">c271bc41ef425b981b5d7071c6448e6941ab9ce872780076176fb497cbe6399df3b94d71ca35d7334dadbfc89391c3e06e69df4dcd8089cb98aa5293db4e6273</MessageDigest>
			<Size>25</Size>
			<FormatIdentification>
				<FormatLitteral>Plain Text File</FormatLitteral>
				<MimeType>text/plain</MimeType>
				<FormatId>x-fmt/111</FormatId>
			</FormatIdentification>
			<FileInfo>
				<Filename>Saint_Quentin.txt</Filename>
				<LastModified>2018-07-02T15:59:33.224+02:00</LastModified>
			</FileInfo>
		</BinaryDataObject>
		<DescriptiveMetadata>
			<ArchiveUnit id="ID4">
				<Management>
				<AppraisalRule>
				<Rule>APP-09049</Rule>
				<StartDate>2016-01-01</StartDate>
				<PreventInheritance>true</PreventInheritance>
				<FinalAction>Destroy</FinalAction>
			</AppraisalRule>
				</Management>
				<Content>
					<DescriptionLevel>RecordGrp</DescriptionLevel>
					<Title>Gare d'Austerlitz</Title>
					<StartDate>2018-07-02T15:58:27</StartDate>
					<EndDate>2018-07-02T15:59:50</EndDate>
				</Content>
				<ArchiveUnit id="ID7">
					<ArchiveUnitRefId>ID6</ArchiveUnitRefId>
				</ArchiveUnit>
			</ArchiveUnit>
			<ArchiveUnit id="ID6">
				<Content>
					<DescriptionLevel>RecordGrp</DescriptionLevel>
					<Title>Juvisy</Title>
					<StartDate>2018-07-02T15:58:27</StartDate>
					<EndDate>2018-07-02T15:59:50</EndDate>
				</Content>
				<ArchiveUnit id="ID9">
					<ArchiveUnitRefId>ID8</ArchiveUnitRefId>
				</ArchiveUnit>
				<ArchiveUnit id="ID23">
					<ArchiveUnitRefId>ID22</ArchiveUnitRefId>
				</ArchiveUnit>
				<ArchiveUnit id="ID27">
					<ArchiveUnitRefId>ID26</ArchiveUnitRefId>
				</ArchiveUnit>
			</ArchiveUnit>
			<ArchiveUnit id="ID8">
				<Management>
					<AppraisalRule>
						<RefNonRuleId>APP-09050</RefNonRuleId>
						<FinalAction>Destroy</FinalAction>
					</AppraisalRule>
				</Management>
				<Content>
					<DescriptionLevel>RecordGrp</DescriptionLevel>
					<Title>Brétigny</Title>
					<StartDate>2018-07-02T15:58:27</StartDate>
					<EndDate>2018-07-02T15:59:50</EndDate>
				</Content>
				<ArchiveUnit id="ID11">
					<ArchiveUnitRefId>ID10</ArchiveUnitRefId>
				</ArchiveUnit>
				<ArchiveUnit id="ID17">
					<ArchiveUnitRefId>ID16</ArchiveUnitRefId>
				</ArchiveUnit>
			</ArchiveUnit>
			<ArchiveUnit id="ID10">
				<Management>
					<AppraisalRule>
						<Rule>APP-09049</Rule>
						<StartDate>2014-01-01</StartDate>
						<FinalAction>Destroy</FinalAction>
					</AppraisalRule>
				</Management>
				<Content>
					<DescriptionLevel>RecordGrp</DescriptionLevel>
					<Title>Arpajon</Title>
					<StartDate>2018-07-02T15:59:50</StartDate>
					<EndDate>2018-07-02T15:59:50</EndDate>
				</Content>
				<ArchiveUnit id="ID15">
					<ArchiveUnitRefId>ID14</ArchiveUnitRefId>
				</ArchiveUnit>
			</ArchiveUnit>
			<ArchiveUnit id="ID14">
				<Management>
					<AppraisalRule>
						<Rule>APP-09049</Rule>
						<StartDate>2015-01-01</StartDate>
						<FinalAction>Destroy</FinalAction>
					</AppraisalRule>
				</Management>
				<Content>
					<DescriptionLevel>Item</DescriptionLevel>
					<Title>Dourdan</Title>
					<TransactedDate>2018-07-02T15:59:50</TransactedDate>
				</Content>
				<DataObjectReference>
					<DataObjectGroupReferenceId>ID12</DataObjectGroupReferenceId>
				</DataObjectReference>
			</ArchiveUnit>
			<ArchiveUnit id="ID16">
				<Management>
					<AppraisalRule>
						<Rule>APP-09049</Rule>
						<StartDate>2013-01-01</StartDate>
						<FinalAction>Destroy</FinalAction>
					</AppraisalRule>
				</Management>
				<Content>
					<DescriptionLevel>RecordGrp</DescriptionLevel>
					<Title>Chamarande</Title>
					<StartDate>2018-07-02T15:58:27</StartDate>
					<EndDate>2018-07-02T15:58:27</EndDate>
				</Content>
				<ArchiveUnit id="ID21">
					<ArchiveUnitRefId>ID20</ArchiveUnitRefId>
				</ArchiveUnit>
			</ArchiveUnit>
			<ArchiveUnit id="ID20">
				<Management>
					<AppraisalRule>
						<Rule>APP-09049</Rule>
						<StartDate>2012-01-01</StartDate>
						<FinalAction>Destroy</FinalAction>
					</AppraisalRule>
				</Management>
				<Content>
					<DescriptionLevel>Item</DescriptionLevel>
					<Title>Etampes</Title>
					<TransactedDate>2018-07-02T15:58:27</TransactedDate>
				</Content>
				<DataObjectReference>
					<DataObjectGroupReferenceId>ID18</DataObjectGroupReferenceId>
				</DataObjectReference>
			</ArchiveUnit>
			<ArchiveUnit id="ID2000">
				<Management>
					<UpdateOperation>
						<SystemId>_REPLACE_ME_</SystemId>
					</UpdateOperation>
				</Management>
				<Content>
					<DescriptionLevel>Item</DescriptionLevel>
					<Title>Denfert-Rochereau</Title>
				</Content>
				<ArchiveUnit id="ID2001">
					<ArchiveUnitRefId>ID22</ArchiveUnitRefId>
				</ArchiveUnit>
			</ArchiveUnit>
			<ArchiveUnit id="ID22">
				<Management>
					<AppraisalRule>
						<RefNonRuleId>APP-09050</RefNonRuleId>
						<FinalAction>Destroy</FinalAction>
					</AppraisalRule>
				</Management>
				<Content>
					<DescriptionLevel>RecordGrp</DescriptionLevel>
					<Title>Massy Palaiseau</Title>
					<StartDate>2018-07-02T16:01:44</StartDate>
					<EndDate>2018-07-02T16:01:44</EndDate>
				</Content>
				<ArchiveUnit id="ID1000">
					<ArchiveUnitRefId>ID44</ArchiveUnitRefId>
				</ArchiveUnit>
			</ArchiveUnit>
			<ArchiveUnit id="ID24">
				<Management>
					<AppraisalRule>
						<Rule>APP-09050</Rule>
						<StartDate>2016-01-01</StartDate>
						<PreventInheritance>true</PreventInheritance>
						<FinalAction>Destroy</FinalAction>
					</AppraisalRule>
				</Management>
				<Content>
					<DescriptionLevel>RecordGrp</DescriptionLevel>
					<Title>Gare de Lyon</Title>
					<StartDate>2018-07-02T15:57:51</StartDate>
					<EndDate>2018-07-02T15:57:51</EndDate>
				</Content>
				<ArchiveUnit id="ID1001">
					<ArchiveUnitRefId>ID6</ArchiveUnitRefId>
				</ArchiveUnit>
			</ArchiveUnit>
			<ArchiveUnit id="ID26">
				<Management>
					<AppraisalRule>
					<RefNonRuleId>APP-09049</RefNonRuleId>
					<FinalAction>Destroy</FinalAction>
					</AppraisalRule>
				</Management>
				<Content>
					<DescriptionLevel>RecordGrp</DescriptionLevel>
					<Title>Viry Chatillon</Title>
					<StartDate>2018-07-02T15:57:51</StartDate>
					<EndDate>2018-07-02T15:57:51</EndDate>
				</Content>
				<ArchiveUnit id="ID29">
					<ArchiveUnitRefId>ID28</ArchiveUnitRefId>
				</ArchiveUnit>
				<ArchiveUnit id="ID31">
					<ArchiveUnitRefId>ID30</ArchiveUnitRefId>
				</ArchiveUnit>
			</ArchiveUnit>
			<ArchiveUnit id="ID28">
				<Content>
					<DescriptionLevel>RecordGrp</DescriptionLevel>
					<Title>Evry</Title>
					<StartDate>2018-07-02T16:01:44</StartDate>
					<EndDate>2018-07-02T16:01:44</EndDate>
				</Content>
				<ArchiveUnit id="ID1002">
					<ArchiveUnitRefId>ID32</ArchiveUnitRefId>
				</ArchiveUnit>
			</ArchiveUnit>
			<ArchiveUnit id="ID30">
				<Management>
					<AppraisalRule>
						<PreventInheritance>true</PreventInheritance>
						<FinalAction>Keep</FinalAction>
					</AppraisalRule>
				</Management>
				<Content>
					<DescriptionLevel>RecordGrp</DescriptionLevel>
					<Title>Grigny Centre</Title>
					<StartDate>2018-07-02T15:57:51</StartDate>
					<EndDate>2018-07-02T15:57:51</EndDate>
				</Content>
				<ArchiveUnit id="ID33">
					<ArchiveUnitRefId>ID32</ArchiveUnitRefId>
				</ArchiveUnit>
			</ArchiveUnit>
			<ArchiveUnit id="ID32">
				<Content>
					<DescriptionLevel>RecordGrp</DescriptionLevel>
					<Title>Corbeil-Essonnes</Title>
					<EndDate>2018-07-02T15:57:51</EndDate>
				</Content>
				<ArchiveUnit id="ID35">
					<ArchiveUnitRefId>ID34</ArchiveUnitRefId>
				</ArchiveUnit>
			</ArchiveUnit>
			<ArchiveUnit id="ID34">
				<Content>
					<DescriptionLevel>RecordGrp</DescriptionLevel>
					<Title>La Ferte Alais</Title>
					<StartDate>2018-07-02T15:57:51</StartDate>
					<EndDate>2018-07-02T15:57:51</EndDate>
				</Content>
				<ArchiveUnit id="ID39">
					<ArchiveUnitRefId>ID38</ArchiveUnitRefId>
				</ArchiveUnit>
			</ArchiveUnit>
			<ArchiveUnit id="ID38">
				<Content>
					<DescriptionLevel>Item</DescriptionLevel>
					<Title>Malesherbes</Title>
					<TransactedDate>2018-07-02T15:57:51</TransactedDate>
				</Content>
				<DataObjectReference>
					<DataObjectGroupReferenceId>ID36</DataObjectGroupReferenceId>
				</DataObjectReference>
			</ArchiveUnit>
			<ArchiveUnit id="ID40">
				<Content>
					<DescriptionLevel>RecordGrp</DescriptionLevel>
					<Title>Montparnasse SNCF</Title>
					<StartDate>2018-07-02T15:59:33</StartDate>
					<EndDate>2018-07-02T15:59:33</EndDate>
				</Content>
				<ArchiveUnit id="ID43">
					<ArchiveUnitRefId>ID42</ArchiveUnitRefId>
				</ArchiveUnit>
			</ArchiveUnit>
			<ArchiveUnit id="ID42">
				<Content>
					<DescriptionLevel>RecordGrp</DescriptionLevel>
					<Title>Vanves</Title>
					<StartDate>2018-07-02T15:59:33</StartDate>
					<EndDate>2018-07-02T15:59:33</EndDate>
				</Content>
				<ArchiveUnit id="ID45">
					<ArchiveUnitRefId>ID44</ArchiveUnitRefId>
				</ArchiveUnit>
			</ArchiveUnit>
			<ArchiveUnit id="ID44">
				<Management>
					<AppraisalRule>
						<RefNonRuleId>APP-09051</RefNonRuleId>
						<FinalAction>Keep</FinalAction>
					</AppraisalRule>
				</Management>
				<Content>
					<DescriptionLevel>RecordGrp</DescriptionLevel>
					<Title>Versailles Chantiers</Title>
					<StartDate>2018-07-02T15:59:33</StartDate>
					<EndDate>2018-07-02T15:59:33</EndDate>
				</Content>
				<ArchiveUnit id="ID49">
					<ArchiveUnitRefId>ID48</ArchiveUnitRefId>
				</ArchiveUnit>
			</ArchiveUnit>
			<ArchiveUnit id="ID48">
				<Management>
					<AppraisalRule>
						<RefNonRuleId>APP-09049</RefNonRuleId>
						<FinalAction>Keep</FinalAction>
					</AppraisalRule>
				</Management>
				<Content>
					<DescriptionLevel>Item</DescriptionLevel>
					<Title>Saint-Quentin-en-Yvelines</Title>
					<TransactedDate>2018-07-02T15:59:33</TransactedDate>
				</Content>
				<DataObjectReference>
					<DataObjectGroupReferenceId>ID46</DataObjectGroupReferenceId>
				</DataObjectReference>
			</ArchiveUnit>
		</DescriptiveMetadata>
		<ManagementMetadata>
			<OriginatingAgencyIdentifier>SNCF_ELIM</OriginatingAgencyIdentifier>
			<SubmissionAgencyIdentifier>SNCF_ELIM</SubmissionAgencyIdentifier>
			<AppraisalRule>
				<Rule>APP-09048</Rule>
				<FinalAction>Keep</FinalAction>
			</AppraisalRule>
		</ManagementMetadata>
	</DataObjectPackage>
	<ArchivalAgency>
		<Identifier>Identifier4</Identifier>
	</ArchivalAgency>
	<TransferringAgency>
		<Identifier>Identifier5</Identifier>
	</TransferringAgency>
</ArchiveTransfer>
