<?xml version="1.0" encoding="UTF-8"?>
<ArchiveTransfer xmlns:xlink="http://www.w3.org/1999/xlink"
 xmlns:pr="info:lc/xmlns/premis-v2"
 xmlns="fr:gouv:culture:archivesdefrance:seda:v2.0"
 xmlns:xsi="http://www.w3.org/2001/XMLSchema-instance"
 xsi:schemaLocation="fr:gouv:culture:archivesdefrance:seda:v2.0 file:/C:/Users/gwendoline.stab.CULTURE.DOM/Documents/Travaux_transversaux/SEDA/SEDA_Vitam/seda-2.0-main.xsd" xml:id="ID001">
    <Date>2016-06-23T09:45:51.0</Date>
    <MessageIdentifier>Entrée virus faux positif code 2</MessageIdentifier>
    <ArchivalAgreement>ArchivalAgreement0</ArchivalAgreement>
    <!-- SIP KO par l'antivirus dont l'objet provoque un code 2 dans ClamAV -->
    <CodeListVersions xml:id="ID005">
        <ReplyCodeListVersion>ReplyCodeListVersion0</ReplyCodeListVersion>
        <MessageDigestAlgorithmCodeListVersion>MessageDigestAlgorithmCodeListVersion0</MessageDigestAlgorithmCodeListVersion>
        <MimeTypeCodeListVersion>MimeTypeCodeListVersion0</MimeTypeCodeListVersion>
        <EncodingCodeListVersion>EncodingCodeListVersion0</EncodingCodeListVersion>
        <FileFormatCodeListVersion>FileFormatCodeListVersion0</FileFormatCodeListVersion>
        <CompressionAlgorithmCodeListVersion>CompressionAlgorithmCodeListVersion0</CompressionAlgorithmCodeListVersion>
        <DataObjectVersionCodeListVersion>DataObjectVersionCodeListVersion0</DataObjectVersionCodeListVersion>
        <StorageRuleCodeListVersion>StorageRuleCodeListVersion0</StorageRuleCodeListVersion>
        <AppraisalRuleCodeListVersion>AppraisalRuleCodeListVersion0</AppraisalRuleCodeListVersion>
        <AccessRuleCodeListVersion>AccessRuleCodeListVersion0</AccessRuleCodeListVersion>
        <DisseminationRuleCodeListVersion>DisseminationRuleCodeListVersion0</DisseminationRuleCodeListVersion>
        <ReuseRuleCodeListVersion>ReuseRuleCodeListVersion0</ReuseRuleCodeListVersion>
        <ClassificationRuleCodeListVersion>ClassificationRuleCodeListVersion0</ClassificationRuleCodeListVersion>
        <AuthorizationReasonCodeListVersion>AuthorizationReasonCodeListVersion0</AuthorizationReasonCodeListVersion>
        <RelationshipCodeListVersion>RelationshipCodeListVersion0</RelationshipCodeListVersion>
    </CodeListVersions>
    
    <DataObjectPackage xml:id="ID007">
        <PhysicalDataObject id="ID009">
            <DataObjectGroupReferenceId>ID006</DataObjectGroupReferenceId>
            <DataObjectVersion>PhysicalMaster</DataObjectVersion>
            <PhysicalId>1500W03</PhysicalId>
            <PhysicalDimensions>
            </PhysicalDimensions>
        </PhysicalDataObject>
        
        <BinaryDataObject id="ID011">
            <DataObjectGroupId>ID006</DataObjectGroupId>
            <DataObjectVersion>BinaryMaster</DataObjectVersion>
            <Uri>content/5581f85b25f0d80fa84c69e7ca24d98344f5fbaec45b7707dccf139a8c065961391d6e762516ee1db3137c4d82eca7fbc67c348c37ea0d615bb88161cf3b3008</Uri>
            <MessageDigest algorithm="SHA-512">5581f85b25f0d80fa84c69e7ca24d98344f5fbaec45b7707dccf139a8c065961391d6e762516ee1db3137c4d82eca7fbc67c348c37ea0d615bb88161cf3b3008</MessageDigest>
            <Size>69</Size>
            <FormatIdentification>
            </FormatIdentification>
            <FileInfo>
                <Filename>eicartestfile</Filename>
            </FileInfo>
        </BinaryDataObject>
        
        <DescriptiveMetadata>
            <ArchiveUnit id="ID015">
                <Content>
                    <DescriptionLevel>Item</DescriptionLevel>
                    <Title>Virus</Title>
                    <Description>eicartestfile</Description>
                    <TransactedDate>2016-06-23</TransactedDate>
                </Content>
                <DataObjectReference>
                    <DataObjectGroupReferenceId>ID006</DataObjectGroupReferenceId>
                </DataObjectReference>
            </ArchiveUnit>
            
        </DescriptiveMetadata>
        <ManagementMetadata xml:id="ID019">
           <OriginatingAgencyIdentifier>FRAN_NP_051314</OriginatingAgencyIdentifier>
           <SubmissionAgencyIdentifier>FRAN_NP_005761</SubmissionAgencyIdentifier>
        </ManagementMetadata>
    </DataObjectPackage>

    <ArchivalAgency xml:id="ID061">
        <Identifier>Identifier0</Identifier>
        <OrganizationDescriptiveMetadata xml:id="ID063" xlink:href="http://www.oxygenxml.com/">
        </OrganizationDescriptiveMetadata>
    </ArchivalAgency>
    <TransferringAgency xml:id="ID065">
        <Identifier>Identifier1</Identifier>
        <OrganizationDescriptiveMetadata xml:id="ID067" xlink:href="http://www.oxygenxml.com/">
        </OrganizationDescriptiveMetadata>
    </TransferringAgency>
</ArchiveTransfer>
