<?xml version="1.0" encoding="UTF-8"?>
<ArchiveTransfer xmlns="fr:gouv:culture:archivesdefrance:seda:v2.1">
   <Comment>Reboisement du mont Ventoux Enquêtes photographiques</Comment>
   <Date>2007-01-01T00:00:00</Date>
   <MessageIdentifier>FRAD084_IRL000004</MessageIdentifier>
   <ArchivalAgreement>ArchivalAgreement0</ArchivalAgreement>
   <CodeListVersions>
      <ReplyCodeListVersion>ReplyCodeListVersion0</ReplyCodeListVersion>
      <MessageDigestAlgorithmCodeListVersion>MessageDigestAlgorithmCodeListVersion0</MessageDigestAlgorithmCodeListVersion>
      <MimeTypeCodeListVersion>MimeTypeCodeListVersion0</MimeTypeCodeListVersion>
      <EncodingCodeListVersion>EncodingCodeListVersion0</EncodingCodeListVersion>
      <FileFormatCodeListVersion>FileFormatCodeListVersion0</FileFormatCodeListVersion>
      <CompressionAlgorithmCodeListVersion>CompressionAlgorithmCodeListVersion0</CompressionAlgorithmCodeListVersion>
      <DataObjectVersionCodeListVersion>DataObjectVersionCodeListVersion0</DataObjectVersionCodeListVersion>
      <StorageRuleCodeListVersion>StorageRuleCodeListVersion0</StorageRuleCodeListVersion>
      <AppraisalRuleCodeListVersion>AppraisalRuleCodeListVersion0</AppraisalRuleCodeListVersion>
      <AccessRuleCodeListVersion>AccessRuleCodeListVersion0</AccessRuleCodeListVersion>
      <DisseminationRuleCodeListVersion>DisseminationRuleCodeListVersion0</DisseminationRuleCodeListVersion>
      <ReuseRuleCodeListVersion>ReuseRuleCodeListVersion0</ReuseRuleCodeListVersion>
      <ClassificationRuleCodeListVersion>ClassificationRuleCodeListVersion0</ClassificationRuleCodeListVersion>
      <AuthorizationReasonCodeListVersion>AuthorizationReasonCodeListVersion0</AuthorizationReasonCodeListVersion>
      <RelationshipCodeListVersion>RelationshipCodeListVersion0</RelationshipCodeListVersion>
   </CodeListVersions>
   <DataObjectPackage>
      <BinaryDataObject id="ID00-de-1">
         <DataObjectGroupId>ID000-de-1</DataObjectGroupId>
         <DataObjectVersion>BinaryMaster</DataObjectVersion>
         <Uri>Content/1NUM_1.JPG</Uri>
         <MessageDigest algorithm="SHA-512">0e0cec05a1d72ee5610eaa5afbc904c012d190037cbc827d08272102cdecf0226efcad122b86e7699f767c661c9f3702379b8c2cb01c4f492f69deb200661bb9</MessageDigest>
         <Size>7702</Size>
         <FormatIdentification>
            <FormatLitteral>JPEG File Interchange Format</FormatLitteral>
            <MimeType>image/jpeg</MimeType>
            <FormatId>fmt/43</FormatId>
         </FormatIdentification>
         <FileInfo>
            <Filename>5FI6/5FI6_16</Filename>
         </FileInfo>
      </BinaryDataObject>
      <BinaryDataObject id="ID00-de-2">
         <DataObjectGroupId>ID000-de-2</DataObjectGroupId>
         <DataObjectVersion>BinaryMaster</DataObjectVersion>
         <Uri>Content/1NUM_2.JPG</Uri>
         <MessageDigest algorithm="SHA-512">0e0cec05a1d72ee5610eaa5afbc904c012d190037cbc827d08272102cdecf0226efcad122b86e7699f767c661c9f3702379b8c2cb01c4f492f69deb200661bb9</MessageDigest>
         <Size>7702</Size>
         <FormatIdentification>
            <FormatLitteral>JPEG File Interchange Format</FormatLitteral>
            <MimeType>image/jpeg</MimeType>
            <FormatId>fmt/43</FormatId>
         </FormatIdentification>
         <FileInfo>
            <Filename>5FI6/5FI6_17</Filename>
         </FileInfo>
      </BinaryDataObject>
      <BinaryDataObject id="ID00-de-3">
         <DataObjectGroupId>ID000-de-3</DataObjectGroupId>
         <DataObjectVersion>BinaryMaster</DataObjectVersion>
         <Uri>Content/1NUM_3.JPG</Uri>
         <MessageDigest algorithm="SHA-512">0e0cec05a1d72ee5610eaa5afbc904c012d190037cbc827d08272102cdecf0226efcad122b86e7699f767c661c9f3702379b8c2cb01c4f492f69deb200661bb9</MessageDigest>
         <Size>7702</Size>
         <FormatIdentification>
            <FormatLitteral>JPEG File Interchange Format</FormatLitteral>
            <MimeType>image/jpeg</MimeType>
            <FormatId>fmt/43</FormatId>
         </FormatIdentification>
         <FileInfo>
            <Filename>5FI6/5FI6_8</Filename>
         </FileInfo>
      </BinaryDataObject>
      <BinaryDataObject id="ID00-de-4">
         <DataObjectGroupId>ID000-de-4</DataObjectGroupId>
         <DataObjectVersion>BinaryMaster</DataObjectVersion>
         <Uri>Content/1NUM_4.JPG</Uri>
         <MessageDigest algorithm="SHA-512">0e0cec05a1d72ee5610eaa5afbc904c012d190037cbc827d08272102cdecf0226efcad122b86e7699f767c661c9f3702379b8c2cb01c4f492f69deb200661bb9</MessageDigest>
         <Size>7702</Size>
         <FormatIdentification>
            <FormatLitteral>JPEG File Interchange Format</FormatLitteral>
            <MimeType>image/jpeg</MimeType>
            <FormatId>fmt/43</FormatId>
         </FormatIdentification>
         <FileInfo>
            <Filename>5FI6/5FI6_9</Filename>
         </FileInfo>
      </BinaryDataObject>
      <BinaryDataObject id="ID00-de-5">
         <DataObjectGroupId>ID000-de-5</DataObjectGroupId>
         <DataObjectVersion>BinaryMaster</DataObjectVersion>
         <Uri>Content/1NUM_5.JPG</Uri>
         <MessageDigest algorithm="SHA-512">0e0cec05a1d72ee5610eaa5afbc904c012d190037cbc827d08272102cdecf0226efcad122b86e7699f767c661c9f3702379b8c2cb01c4f492f69deb200661bb9</MessageDigest>
         <Size>7702</Size>
         <FormatIdentification>
            <FormatLitteral>JPEG File Interchange Format</FormatLitteral>
            <MimeType>image/jpeg</MimeType>
            <FormatId>fmt/43</FormatId>
         </FormatIdentification>
         <FileInfo>
            <Filename>5FI6/5FI6_10</Filename>
         </FileInfo>
      </BinaryDataObject>
      <BinaryDataObject id="ID00-de-6">
         <DataObjectGroupId>ID000-de-6</DataObjectGroupId>
         <DataObjectVersion>BinaryMaster</DataObjectVersion>
         <Uri>Content/1NUM_6.JPG</Uri>
         <MessageDigest algorithm="SHA-512">0e0cec05a1d72ee5610eaa5afbc904c012d190037cbc827d08272102cdecf0226efcad122b86e7699f767c661c9f3702379b8c2cb01c4f492f69deb200661bb9</MessageDigest>
         <Size>7702</Size>
         <FormatIdentification>
            <FormatLitteral>JPEG File Interchange Format</FormatLitteral>
            <MimeType>image/jpeg</MimeType>
            <FormatId>fmt/43</FormatId>
         </FormatIdentification>
         <FileInfo>
            <Filename>5FI6/5FI6_11</Filename>
         </FileInfo>
      </BinaryDataObject>
      <BinaryDataObject id="ID00-de-7">
         <DataObjectGroupId>ID000-de-7</DataObjectGroupId>
         <DataObjectVersion>BinaryMaster</DataObjectVersion>
         <Uri>Content/1NUM_7.JPG</Uri>
         <MessageDigest algorithm="SHA-512">0e0cec05a1d72ee5610eaa5afbc904c012d190037cbc827d08272102cdecf0226efcad122b86e7699f767c661c9f3702379b8c2cb01c4f492f69deb200661bb9</MessageDigest>
         <Size>7702</Size>
         <FormatIdentification>
            <FormatLitteral>JPEG File Interchange Format</FormatLitteral>
            <MimeType>image/jpeg</MimeType>
            <FormatId>fmt/43</FormatId>
         </FormatIdentification>
         <FileInfo>
            <Filename>5FI6/5FI6_12</Filename>
         </FileInfo>
      </BinaryDataObject>
      <BinaryDataObject id="ID00-de-8">
         <DataObjectGroupId>ID000-de-8</DataObjectGroupId>
         <DataObjectVersion>BinaryMaster</DataObjectVersion>
         <Uri>Content/1NUM_8.JPG</Uri>
         <MessageDigest algorithm="SHA-512">0e0cec05a1d72ee5610eaa5afbc904c012d190037cbc827d08272102cdecf0226efcad122b86e7699f767c661c9f3702379b8c2cb01c4f492f69deb200661bb9</MessageDigest>
         <Size>7702</Size>
         <FormatIdentification>
            <FormatLitteral>JPEG File Interchange Format</FormatLitteral>
            <MimeType>image/jpeg</MimeType>
            <FormatId>fmt/43</FormatId>
         </FormatIdentification>
         <FileInfo>
            <Filename>5FI6/5FI6_18</Filename>
         </FileInfo>
      </BinaryDataObject>
      <BinaryDataObject id="ID00-de-9">
         <DataObjectGroupId>ID000-de-9</DataObjectGroupId>
         <DataObjectVersion>BinaryMaster</DataObjectVersion>
         <Uri>Content/1NUM_9.JPG</Uri>
         <MessageDigest algorithm="SHA-512">0e0cec05a1d72ee5610eaa5afbc904c012d190037cbc827d08272102cdecf0226efcad122b86e7699f767c661c9f3702379b8c2cb01c4f492f69deb200661bb9</MessageDigest>
         <Size>7702</Size>
         <FormatIdentification>
            <FormatLitteral>JPEG File Interchange Format</FormatLitteral>
            <MimeType>image/jpeg</MimeType>
            <FormatId>fmt/43</FormatId>
         </FormatIdentification>
         <FileInfo>
            <Filename>5FI6/5FI6_19</Filename>
         </FileInfo>
      </BinaryDataObject>
      <BinaryDataObject id="ID00-de-10">
         <DataObjectGroupId>ID000-de-10</DataObjectGroupId>
         <DataObjectVersion>BinaryMaster</DataObjectVersion>
         <Uri>Content/1NUM_10.JPG</Uri>
         <MessageDigest algorithm="SHA-512">0e0cec05a1d72ee5610eaa5afbc904c012d190037cbc827d08272102cdecf0226efcad122b86e7699f767c661c9f3702379b8c2cb01c4f492f69deb200661bb9</MessageDigest>
         <Size>7702</Size>
         <FormatIdentification>
            <FormatLitteral>JPEG File Interchange Format</FormatLitteral>
            <MimeType>image/jpeg</MimeType>
            <FormatId>fmt/43</FormatId>
         </FormatIdentification>
         <FileInfo>
            <Filename>5FI6/5FI6_20</Filename>
         </FileInfo>
      </BinaryDataObject>
      <BinaryDataObject id="ID00-de-11">
         <DataObjectGroupId>ID000-de-11</DataObjectGroupId>
         <DataObjectVersion>BinaryMaster</DataObjectVersion>
         <Uri>Content/1NUM_11.JPG</Uri>
         <MessageDigest algorithm="SHA-512">0e0cec05a1d72ee5610eaa5afbc904c012d190037cbc827d08272102cdecf0226efcad122b86e7699f767c661c9f3702379b8c2cb01c4f492f69deb200661bb9</MessageDigest>
         <Size>7702</Size>
         <FormatIdentification>
            <FormatLitteral>JPEG File Interchange Format</FormatLitteral>
            <MimeType>image/jpeg</MimeType>
            <FormatId>fmt/43</FormatId>
         </FormatIdentification>
         <FileInfo>
            <Filename>5FI6/5FI6_1</Filename>
         </FileInfo>
      </BinaryDataObject>
      <BinaryDataObject id="ID00-de-12">
         <DataObjectGroupId>ID000-de-12</DataObjectGroupId>
         <DataObjectVersion>BinaryMaster</DataObjectVersion>
         <Uri>Content/1NUM_12.JPG</Uri>
         <MessageDigest algorithm="SHA-512">0e0cec05a1d72ee5610eaa5afbc904c012d190037cbc827d08272102cdecf0226efcad122b86e7699f767c661c9f3702379b8c2cb01c4f492f69deb200661bb9</MessageDigest>
         <Size>7702</Size>
         <FormatIdentification>
            <FormatLitteral>JPEG File Interchange Format</FormatLitteral>
            <MimeType>image/jpeg</MimeType>
            <FormatId>fmt/43</FormatId>
         </FormatIdentification>
         <FileInfo>
            <Filename>5FI6/5FI6_2</Filename>
         </FileInfo>
      </BinaryDataObject>
      <BinaryDataObject id="ID00-de-13">
         <DataObjectGroupId>ID000-de-13</DataObjectGroupId>
         <DataObjectVersion>BinaryMaster</DataObjectVersion>
         <Uri>Content/1NUM_13.JPG</Uri>
         <MessageDigest algorithm="SHA-512">0e0cec05a1d72ee5610eaa5afbc904c012d190037cbc827d08272102cdecf0226efcad122b86e7699f767c661c9f3702379b8c2cb01c4f492f69deb200661bb9</MessageDigest>
         <Size>7702</Size>
         <FormatIdentification>
            <FormatLitteral>JPEG File Interchange Format</FormatLitteral>
            <MimeType>image/jpeg</MimeType>
            <FormatId>fmt/43</FormatId>
         </FormatIdentification>
         <FileInfo>
            <Filename>5FI6/5FI6_3</Filename>
         </FileInfo>
      </BinaryDataObject>
      <BinaryDataObject id="ID00-de-14">
         <DataObjectGroupId>ID000-de-14</DataObjectGroupId>
         <DataObjectVersion>BinaryMaster</DataObjectVersion>
         <Uri>Content/1NUM_14.JPG</Uri>
         <MessageDigest algorithm="SHA-512">0e0cec05a1d72ee5610eaa5afbc904c012d190037cbc827d08272102cdecf0226efcad122b86e7699f767c661c9f3702379b8c2cb01c4f492f69deb200661bb9</MessageDigest>
         <Size>7702</Size>
         <FormatIdentification>
            <FormatLitteral>JPEG File Interchange Format</FormatLitteral>
            <MimeType>image/jpeg</MimeType>
            <FormatId>fmt/43</FormatId>
         </FormatIdentification>
         <FileInfo>
            <Filename>5FI6/5FI6_4</Filename>
         </FileInfo>
      </BinaryDataObject>
      <BinaryDataObject id="ID00-de-15">
         <DataObjectGroupId>ID000-de-15</DataObjectGroupId>
         <DataObjectVersion>BinaryMaster</DataObjectVersion>
         <Uri>Content/1NUM_15.JPG</Uri>
         <MessageDigest algorithm="SHA-512">0e0cec05a1d72ee5610eaa5afbc904c012d190037cbc827d08272102cdecf0226efcad122b86e7699f767c661c9f3702379b8c2cb01c4f492f69deb200661bb9</MessageDigest>
         <Size>7702</Size>
         <FormatIdentification>
            <FormatLitteral>JPEG File Interchange Format</FormatLitteral>
            <MimeType>image/jpeg</MimeType>
            <FormatId>fmt/43</FormatId>
         </FormatIdentification>
         <FileInfo>
            <Filename>5FI6/5FI6_5</Filename>
         </FileInfo>
      </BinaryDataObject>
      <BinaryDataObject id="ID00-de-16">
         <DataObjectGroupId>ID000-de-16</DataObjectGroupId>
         <DataObjectVersion>BinaryMaster</DataObjectVersion>
         <Uri>Content/1NUM_16.JPG</Uri>
         <MessageDigest algorithm="SHA-512">0e0cec05a1d72ee5610eaa5afbc904c012d190037cbc827d08272102cdecf0226efcad122b86e7699f767c661c9f3702379b8c2cb01c4f492f69deb200661bb9</MessageDigest>
         <Size>7702</Size>
         <FormatIdentification>
            <FormatLitteral>JPEG File Interchange Format</FormatLitteral>
            <MimeType>image/jpeg</MimeType>
            <FormatId>fmt/43</FormatId>
         </FormatIdentification>
         <FileInfo>
            <Filename>5FI6/5FI6_6</Filename>
         </FileInfo>
      </BinaryDataObject>
      <BinaryDataObject id="ID00-de-17">
         <DataObjectGroupId>ID000-de-17</DataObjectGroupId>
         <DataObjectVersion>BinaryMaster</DataObjectVersion>
         <Uri>Content/1NUM_17.JPG</Uri>
         <MessageDigest algorithm="SHA-512">0e0cec05a1d72ee5610eaa5afbc904c012d190037cbc827d08272102cdecf0226efcad122b86e7699f767c661c9f3702379b8c2cb01c4f492f69deb200661bb9</MessageDigest>
         <Size>7702</Size>
         <FormatIdentification>
            <FormatLitteral>JPEG File Interchange Format</FormatLitteral>
            <MimeType>image/jpeg</MimeType>
            <FormatId>fmt/43</FormatId>
         </FormatIdentification>
         <FileInfo>
            <Filename>5FI6/5FI6_7</Filename>
         </FileInfo>
      </BinaryDataObject>
      <BinaryDataObject id="ID00-de-27">
         <DataObjectGroupId>ID000-de-27</DataObjectGroupId>
         <DataObjectVersion>BinaryMaster</DataObjectVersion>
         <Uri>Content/1NUM_27.JPG</Uri>
         <MessageDigest algorithm="SHA-512">0e0cec05a1d72ee5610eaa5afbc904c012d190037cbc827d08272102cdecf0226efcad122b86e7699f767c661c9f3702379b8c2cb01c4f492f69deb200661bb9</MessageDigest>
         <Size>7702</Size>
         <FormatIdentification>
            <FormatLitteral>JPEG File Interchange Format</FormatLitteral>
            <MimeType>image/jpeg</MimeType>
            <FormatId>fmt/43</FormatId>
         </FormatIdentification>
         <FileInfo>
            <Filename>5FI6/5FI6_21</Filename>
         </FileInfo>
      </BinaryDataObject>
      <BinaryDataObject id="ID00-de-28">
         <DataObjectGroupId>ID000-de-28</DataObjectGroupId>
         <DataObjectVersion>BinaryMaster</DataObjectVersion>
         <Uri>Content/1NUM_28.JPG</Uri>
         <MessageDigest algorithm="SHA-512">0e0cec05a1d72ee5610eaa5afbc904c012d190037cbc827d08272102cdecf0226efcad122b86e7699f767c661c9f3702379b8c2cb01c4f492f69deb200661bb9</MessageDigest>
         <Size>7702</Size>
         <FormatIdentification>
            <FormatLitteral>JPEG File Interchange Format</FormatLitteral>
            <MimeType>image/jpeg</MimeType>
            <FormatId>fmt/43</FormatId>
         </FormatIdentification>
         <FileInfo>
            <Filename>5FI6/5FI6_22</Filename>
         </FileInfo>
      </BinaryDataObject>
      <BinaryDataObject id="ID00-de-29">
         <DataObjectGroupId>ID000-de-29</DataObjectGroupId>
         <DataObjectVersion>BinaryMaster</DataObjectVersion>
         <Uri>Content/1NUM_29.JPG</Uri>
         <MessageDigest algorithm="SHA-512">0e0cec05a1d72ee5610eaa5afbc904c012d190037cbc827d08272102cdecf0226efcad122b86e7699f767c661c9f3702379b8c2cb01c4f492f69deb200661bb9</MessageDigest>
         <Size>7702</Size>
         <FormatIdentification>
            <FormatLitteral>JPEG File Interchange Format</FormatLitteral>
            <MimeType>image/jpeg</MimeType>
            <FormatId>fmt/43</FormatId>
         </FormatIdentification>
         <FileInfo>
            <Filename>5FI6/5FI6_23</Filename>
         </FileInfo>
      </BinaryDataObject>
      <BinaryDataObject id="ID00-de-37">
         <DataObjectGroupId>ID000-de-37</DataObjectGroupId>
         <DataObjectVersion>BinaryMaster</DataObjectVersion>
         <Uri>Content/1NUM_37.JPG</Uri>
         <MessageDigest algorithm="SHA-512">0e0cec05a1d72ee5610eaa5afbc904c012d190037cbc827d08272102cdecf0226efcad122b86e7699f767c661c9f3702379b8c2cb01c4f492f69deb200661bb9</MessageDigest>
         <Size>7702</Size>
         <FormatIdentification>
            <FormatLitteral>JPEG File Interchange Format</FormatLitteral>
            <MimeType>image/jpeg</MimeType>
            <FormatId>fmt/43</FormatId>
         </FormatIdentification>
         <FileInfo>
            <Filename>5FI6/5FI6_13</Filename>
         </FileInfo>
      </BinaryDataObject>
      <BinaryDataObject id="ID00-de-38">
         <DataObjectGroupId>ID000-de-38</DataObjectGroupId>
         <DataObjectVersion>BinaryMaster</DataObjectVersion>
         <Uri>Content/1NUM_38.JPG</Uri>
         <MessageDigest algorithm="SHA-512">0e0cec05a1d72ee5610eaa5afbc904c012d190037cbc827d08272102cdecf0226efcad122b86e7699f767c661c9f3702379b8c2cb01c4f492f69deb200661bb9</MessageDigest>
         <Size>7702</Size>
         <FormatIdentification>
            <FormatLitteral>JPEG File Interchange Format</FormatLitteral>
            <MimeType>image/jpeg</MimeType>
            <FormatId>fmt/43</FormatId>
         </FormatIdentification>
         <FileInfo>
            <Filename>5FI6/5FI6_14</Filename>
         </FileInfo>
      </BinaryDataObject>
      <BinaryDataObject id="ID00-de-39">
         <DataObjectGroupId>ID000-de-39</DataObjectGroupId>
         <DataObjectVersion>BinaryMaster</DataObjectVersion>
         <Uri>Content/1NUM_39.JPG</Uri>
         <MessageDigest algorithm="SHA-512">0e0cec05a1d72ee5610eaa5afbc904c012d190037cbc827d08272102cdecf0226efcad122b86e7699f767c661c9f3702379b8c2cb01c4f492f69deb200661bb9</MessageDigest>
         <Size>7702</Size>
         <FormatIdentification>
            <FormatLitteral>JPEG File Interchange Format</FormatLitteral>
            <MimeType>image/jpeg</MimeType>
            <FormatId>fmt/43</FormatId>
         </FormatIdentification>
         <FileInfo>
            <Filename>5FI6/5FI6_15</Filename>
         </FileInfo>
      </BinaryDataObject>
      <DescriptiveMetadata>
         <ArchiveUnit id="ID01">
            <Content>
               <DescriptionLevel>Fonds</DescriptionLevel>
               <Title xml:lang="fr">Reboisement du mont Ventoux - Enquêtes photographiques de l'Inspection des Eaux et forêts d'Avignon</Title>
               <Title xml:lang="en">Reboisement du mont Ventoux - Enquêtes photographiques de l'Inspection des Eaux et forêts d'Avignon</Title>
               <ArchivalAgencyArchiveUnitIdentifier>5 Fi 6 1-39</ArchivalAgencyArchiveUnitIdentifier>
               <Description>On trouvera dans le fonds</Description>
               <Description>Clichés représentant les opérations de reboisement du mont Ventoux dans le périmètre de Brantes, Malaucène et Saint-Léger-du-Ventoux (vallée du Toulourenc).</Description>
               <CustodialHistory>
                  <CustodialHistoryItem>Les travaux photographiques du reboisement et de la restauration des terrains en montagne s'inscrivent dans le cadre des opérations menées par le service de restauration des terrains en montagne, né au sein de la direction générale des forêts du ministère des finances lors de la loi sur le reboisement du 28 juillet 1860. Cette loi fut remplacée en 1882 par la loi sur la restauration des terrains en montagne qui connut plusieurs aménagements en 1913 et 1933. Une instruction du 1er avril 1886 charge les conservations des eaux et forêts d'illustrer les projets et les travaux de reboisement et de restauration des terrains en montagne par des photographies.</CustodialHistoryItem>
                  <CustodialHistoryItem>Ces plaques de verre relèvent du fonds d'archives de l'inspection d'Avignon des Eaux et forêts.</CustodialHistoryItem>
                  <CustodialHistoryItem>Versement de l'Office National des Forêts du 28 novembre 1985</CustodialHistoryItem>
               </CustodialHistory>
               
               <DocumentType>Recherche détaillée</DocumentType>
               <Language>fre</Language>
               <DescriptionLanguage>fre</DescriptionLanguage>
               <Tag>photographie</Tag>
               <Tag>forêt</Tag>
               <Tag>reboisement</Tag>
               <Tag>Ventoux (Vaucluse, France ; montagne)</Tag>
               <Tag>Recherche détaillée</Tag>
               <Keyword>
                  <KeywordContent>photographie</KeywordContent>
                  <KeywordType>genreform</KeywordType>
               </Keyword>
               <Keyword>
                  <KeywordContent>Recherche détaillée</KeywordContent>
                  <KeywordType>genreform</KeywordType>
               </Keyword>
               <Keyword>
                  <KeywordContent>Ventoux (Vaucluse, France ; montagne)</KeywordContent>
                  <KeywordType>geogname</KeywordType>
               </Keyword>
               <Keyword>
                  <KeywordContent>forêt</KeywordContent>
                  <KeywordType>subject</KeywordType>
               </Keyword>
               <Keyword>
                  <KeywordContent>reboisement</KeywordContent>
                  <KeywordType>subject</KeywordType>
               </Keyword>
               <Coverage>
                  <Spatial>Ventoux (Vaucluse, France ; montagne)</Spatial>
                  <Temporal>1888-1903</Temporal>
                  <Juridictional>Ventoux (Vaucluse, France ; montagne)</Juridictional>
               </Coverage>
               <OriginatingAgency>
                  <Identifier/>
               </OriginatingAgency>
               <SubmissionAgency>
                  <Identifier/>
               </SubmissionAgency>
               <StartDate>1888-01-01</StartDate>
               <EndDate>1903-12-30</EndDate>
            </Content>
            <ArchiveUnit id="ID01-tt1-1">
               <ArchiveUnitRefId>tt1-1</ArchiveUnitRefId>
            </ArchiveUnit>
            <ArchiveUnit id="ID01-tt1-2">
               <ArchiveUnitRefId>tt1-2</ArchiveUnitRefId>
            </ArchiveUnit>
            <ArchiveUnit id="ID01-tt1-3">
               <ArchiveUnitRefId>tt1-3</ArchiveUnitRefId>
            </ArchiveUnit>
            <ArchiveUnit id="ID01-tt1-4">
               <ArchiveUnitRefId>tt1-4</ArchiveUnitRefId>
            </ArchiveUnit>
            <ArchiveUnit id="ID01-tt1-5">
               <ArchiveUnitRefId>tt1-5</ArchiveUnitRefId>
            </ArchiveUnit>
            <ArchiveUnit id="ID01-tt1-7">
               <ArchiveUnitRefId>tt1-7</ArchiveUnitRefId>
            </ArchiveUnit>
            <ArchiveUnit id="ID01-tt1-8">
               <ArchiveUnitRefId>tt1-8</ArchiveUnitRefId>
            </ArchiveUnit>
            <ArchiveUnit id="ID01-tt1-10">
               <ArchiveUnitRefId>tt1-10</ArchiveUnitRefId>
            </ArchiveUnit>
         </ArchiveUnit>
         <ArchiveUnit id="tt1-1">
            <Content>
               <DescriptionLevel>RecordGrp</DescriptionLevel>
               <Title>Clichés du 27 juillet 1888</Title>
               <Language>fre</Language>
               <DescriptionLanguage>fre</DescriptionLanguage>
            </Content>
            <ArchiveUnit id="ID02-de-1">
               <ArchiveUnitRefId>de-1</ArchiveUnitRefId>
            </ArchiveUnit>
         </ArchiveUnit>
         <ArchiveUnit id="de-1">
            <Management>
               <AccessRule>
                  <Rule>ACC-00001</Rule>
                  <StartDate>1888-12-30</StartDate>
               </AccessRule>
            </Management>
            <Content>
               <DescriptionLevel>RecordGrp</DescriptionLevel>
               <Title>Brantes. Combe de la Mure.</Title>
               <FilePlanPosition>instrument_recherche/5FI6/5FI6_16</FilePlanPosition>
               <ArchivalAgencyArchiveUnitIdentifier>5 Fi 6/16</ArchivalAgencyArchiveUnitIdentifier>
               <Description>Contenu</Description>
               <Description>Dim. 18x24 cm.</Description>
               <Language>fre</Language>
               <DescriptionLanguage>fre</DescriptionLanguage>
               <Version>Original</Version>
               <Tag>Combe de la Mure (Brantes, Vaucluse, France)</Tag>
               <Tag>Brantes (Vaucluse, France)</Tag>
               <Keyword>
                  <KeywordContent>Combe de la Mure (Brantes, Vaucluse, France)</KeywordContent>
                  <KeywordType>geogname</KeywordType>
               </Keyword>
               <Keyword>
                  <KeywordContent>Brantes (Vaucluse, France)</KeywordContent>
                  <KeywordType>geogname</KeywordType>
               </Keyword>
               <Coverage>
                  <Spatial>Combe de la Mure (Brantes, Vaucluse, France)</Spatial>
                  <Spatial>Brantes (Vaucluse, France)</Spatial>
                  <Temporal>1888</Temporal>
                  <Juridictional>Combe de la Mure (Brantes, Vaucluse, France)</Juridictional>
                  <Juridictional>Brantes (Vaucluse, France)</Juridictional>
               </Coverage>
               <OriginatingAgency>
                  <Identifier/>
               </OriginatingAgency>
               <SubmissionAgency>
                  <Identifier/>
               </SubmissionAgency>
               <EndDate>1888-12-30</EndDate>
            </Content>
            <DataObjectReference>
               <DataObjectGroupReferenceId>ID000-de-1</DataObjectGroupReferenceId>
            </DataObjectReference>
         </ArchiveUnit>
         <ArchiveUnit id="tt1-2">
            <Content>
               <DescriptionLevel>RecordGrp</DescriptionLevel>
               <Title>Clichés du 28 août 1888</Title>
               <Language>fre</Language>
               <DescriptionLanguage>fre</DescriptionLanguage>
            </Content>
            <ArchiveUnit id="ID02-de-2">
               <ArchiveUnitRefId>de-2</ArchiveUnitRefId>
            </ArchiveUnit>
         </ArchiveUnit>
         <ArchiveUnit id="de-2">
            <Management>
               <AccessRule>
                  <Rule>ACC-00001</Rule>
                  <StartDate>1888-12-30</StartDate>
               </AccessRule>
            </Management>
            <Content>
               <DescriptionLevel>RecordGrp</DescriptionLevel>
               <Title>Brantes. Combes de Noïdes, torrents des Vabres et des Sucs.</Title>
               <FilePlanPosition>instrument_recherche/5FI6/5FI6_17</FilePlanPosition>
               <ArchivalAgencyArchiveUnitIdentifier>5 Fi 6/17</ArchivalAgencyArchiveUnitIdentifier>
               <Description>Contenu</Description>
               <Description>Dim. 18x24 cm.</Description>
               <Language>fre</Language>
               <DescriptionLanguage>fre</DescriptionLanguage>
               <Version>Original</Version>
               <Tag>Combe de Noïdes (Brantes, Vaucluse, France)</Tag>
               <Tag>Brantes (Vaucluse, France)</Tag>
               <Tag>Vabres, torrent des (Brantes, Vaucluse, France ; cours d'eau)</Tag>
               <Tag>Sucs, torrent des (Brantes, Vaucluse, France ; cours d'eau)</Tag>
               <Keyword>
                  <KeywordContent>Combe de Noïdes (Brantes, Vaucluse, France)</KeywordContent>
                  <KeywordType>geogname</KeywordType>
               </Keyword>
               <Keyword>
                  <KeywordContent>Brantes (Vaucluse, France)</KeywordContent>
                  <KeywordType>geogname</KeywordType>
               </Keyword>
               <Keyword>
                  <KeywordContent>Vabres, torrent des (Brantes, Vaucluse, France ; cours d'eau)</KeywordContent>
                  <KeywordType>geogname</KeywordType>
               </Keyword>
               <Keyword>
                  <KeywordContent>Sucs, torrent des (Brantes, Vaucluse, France ; cours d'eau)</KeywordContent>
                  <KeywordType>geogname</KeywordType>
               </Keyword>
               <Coverage>
                  <Spatial>Combe de Noïdes (Brantes, Vaucluse, France)</Spatial>
                  <Spatial>Brantes (Vaucluse, France)</Spatial>
                  <Spatial>Vabres, torrent des (Brantes, Vaucluse, France ; cours d'eau)</Spatial>
                  <Spatial>Sucs, torrent des (Brantes, Vaucluse, France ; cours d'eau)</Spatial>
                  <Temporal>1888</Temporal>
                  <Juridictional>Combe de Noïdes (Brantes, Vaucluse, France)</Juridictional>
                  <Juridictional>Brantes (Vaucluse, France)</Juridictional>
                  <Juridictional>Vabres, torrent des (Brantes, Vaucluse, France ; cours d'eau)</Juridictional>
                  <Juridictional>Sucs, torrent des (Brantes, Vaucluse, France ; cours d'eau)</Juridictional>
               </Coverage>
               <OriginatingAgency>
                  <Identifier/>
               </OriginatingAgency>
               <SubmissionAgency>
                  <Identifier/>
               </SubmissionAgency>
               <EndDate>1888-12-30</EndDate>
            </Content>
            <DataObjectReference>
               <DataObjectGroupReferenceId>ID000-de-2</DataObjectGroupReferenceId>
            </DataObjectReference>
         </ArchiveUnit>
         <ArchiveUnit id="tt1-3">
            <Content>
               <DescriptionLevel>RecordGrp</DescriptionLevel>
               <Title>Clichés du 29 octobre 1888</Title>
               <Language>fre</Language>
               <DescriptionLanguage>fre</DescriptionLanguage>
            </Content>
            <ArchiveUnit id="ID02-de-3">
               <ArchiveUnitRefId>de-3</ArchiveUnitRefId>
            </ArchiveUnit>
            <ArchiveUnit id="ID02-de-4">
               <ArchiveUnitRefId>de-4</ArchiveUnitRefId>
            </ArchiveUnit>
            <ArchiveUnit id="ID02-de-5">
               <ArchiveUnitRefId>de-5</ArchiveUnitRefId>
            </ArchiveUnit>
            <ArchiveUnit id="ID02-de-6">
               <ArchiveUnitRefId>de-6</ArchiveUnitRefId>
            </ArchiveUnit>
            <ArchiveUnit id="ID02-de-7">
               <ArchiveUnitRefId>de-7</ArchiveUnitRefId>
            </ArchiveUnit>
         </ArchiveUnit>
         <ArchiveUnit id="de-3">
            <Management>
               <AccessRule>
                  <Rule>ACC-00001</Rule>
                  <StartDate>1888-12-30</StartDate>
               </AccessRule>
            </Management>
            <Content>
               <DescriptionLevel>RecordGrp</DescriptionLevel>
               <Title>Beaumont-du-Ventoux. Versant du grand Vallat.</Title>
               <FilePlanPosition>instrument_recherche/5FI6/5FI6_8</FilePlanPosition>
               <ArchivalAgencyArchiveUnitIdentifier>5 Fi 6/8</ArchivalAgencyArchiveUnitIdentifier>
               <Description>Contenu</Description>
               <Description>Dim. 18x24 cm.</Description>
               <Language>fre</Language>
               <DescriptionLanguage>fre</DescriptionLanguage>
               <Version>Original</Version>
               <Tag>Grand Vallat (Beaumont-du-Ventoux, Vaucluse, France)</Tag>
               <Tag>Beaumont-du-Ventoux (Vaucluse, France)</Tag>
               <Keyword>
                  <KeywordContent>Grand Vallat (Beaumont-du-Ventoux, Vaucluse, France)</KeywordContent>
                  <KeywordType>geogname</KeywordType>
               </Keyword>
               <Keyword>
                  <KeywordContent>Beaumont-du-Ventoux (Vaucluse, France)</KeywordContent>
                  <KeywordType>geogname</KeywordType>
               </Keyword>
               <Coverage>
                  <Spatial>Grand Vallat (Beaumont-du-Ventoux, Vaucluse, France)</Spatial>
                  <Spatial>Beaumont-du-Ventoux (Vaucluse, France)</Spatial>
                  <Temporal>1888</Temporal>
                  <Juridictional>Grand Vallat (Beaumont-du-Ventoux, Vaucluse, France)</Juridictional>
                  <Juridictional>Beaumont-du-Ventoux (Vaucluse, France)</Juridictional>
               </Coverage>
               <OriginatingAgency>
                  <Identifier/>
               </OriginatingAgency>
               <SubmissionAgency>
                  <Identifier/>
               </SubmissionAgency>
               <EndDate>1888-12-30</EndDate>
            </Content>
            <DataObjectReference>
               <DataObjectGroupReferenceId>ID000-de-3</DataObjectGroupReferenceId>
            </DataObjectReference>
         </ArchiveUnit>
         <ArchiveUnit id="de-4">
            <Management>
               <AccessRule>
                  <Rule>ACC-00001</Rule>
                  <StartDate>1888-12-30</StartDate>
               </AccessRule>
            </Management>
            <Content>
               <DescriptionLevel>RecordGrp</DescriptionLevel>
               <Title>Saint-Léger-du-Ventoux. Cabane forestière de la Fontaine du Contrat.</Title>
               <FilePlanPosition>instrument_recherche/5FI6/5FI6_9</FilePlanPosition>
               <ArchivalAgencyArchiveUnitIdentifier>5 Fi 6/9</ArchivalAgencyArchiveUnitIdentifier>
               <Description>Contenu</Description>
               <Description>Dim. 18x24 cm.</Description>
               <Language>fre</Language>
               <DescriptionLanguage>fre</DescriptionLanguage>
               <Version>Original</Version>
               <Tag>baraque forestière</Tag>
               <Tag>Fontaine du Contrat (Saint-Léger-du-Ventoux, Vaucluse, France)</Tag>
               <Tag>Saint-Léger-du-Ventoux (Vaucluse, France)</Tag>
               <Keyword>
                  <KeywordContent>Fontaine du Contrat (Saint-Léger-du-Ventoux, Vaucluse, France)</KeywordContent>
                  <KeywordType>geogname</KeywordType>
               </Keyword>
               <Keyword>
                  <KeywordContent>Saint-Léger-du-Ventoux (Vaucluse, France)</KeywordContent>
                  <KeywordType>geogname</KeywordType>
               </Keyword>
               <Keyword>
                  <KeywordContent>baraque forestière</KeywordContent>
                  <KeywordType>subject</KeywordType>
               </Keyword>
               <Coverage>
                  <Spatial>Fontaine du Contrat (Saint-Léger-du-Ventoux, Vaucluse, France)</Spatial>
                  <Spatial>Saint-Léger-du-Ventoux (Vaucluse, France)</Spatial>
                  <Temporal>1888</Temporal>
                  <Juridictional>Fontaine du Contrat (Saint-Léger-du-Ventoux, Vaucluse, France)</Juridictional>
                  <Juridictional>Saint-Léger-du-Ventoux (Vaucluse, France)</Juridictional>
               </Coverage>
               <OriginatingAgency>
                  <Identifier/>
               </OriginatingAgency>
               <SubmissionAgency>
                  <Identifier/>
               </SubmissionAgency>
               <EndDate>1888-12-30</EndDate>
            </Content>
            <DataObjectReference>
               <DataObjectGroupReferenceId>ID000-de-4</DataObjectGroupReferenceId>
            </DataObjectReference>
         </ArchiveUnit>
         <ArchiveUnit id="de-5">
            <Management>
               <AccessRule>
                  <Rule>ACC-00001</Rule>
                  <StartDate>1888-12-30</StartDate>
               </AccessRule>
            </Management>
            <Content>
               <DescriptionLevel>RecordGrp</DescriptionLevel>
               <Title xml:lang="fr">Saint-Léger-du-Ventoux. Pépinières de la Fontaine du Contrat. Vue d'ensemble.</Title>
               <FilePlanPosition>instrument_recherche/5FI6/5FI6_10</FilePlanPosition>
               <ArchivalAgencyArchiveUnitIdentifier>5 Fi 6/10</ArchivalAgencyArchiveUnitIdentifier>
               <Description>Contenu</Description>
               <Description>Dim. 18x24 cm.</Description>
               <Language>fre</Language>
               <DescriptionLanguage>fre</DescriptionLanguage>
               <Version>Original</Version>
               <Tag>pépinière forestière</Tag>
               <Tag>Fontaine du Contrat (Saint-Léger-du-Ventoux, Vaucluse, France)</Tag>
               <Tag>Saint-Léger-du-Ventoux (Vaucluse, France)</Tag>
               <Keyword>
                  <KeywordContent>Fontaine du Contrat (Saint-Léger-du-Ventoux, Vaucluse, France)</KeywordContent>
                  <KeywordType>geogname</KeywordType>
               </Keyword>
               <Keyword>
                  <KeywordContent>Saint-Léger-du-Ventoux (Vaucluse, France)</KeywordContent>
                  <KeywordType>geogname</KeywordType>
               </Keyword>
               <Keyword>
                  <KeywordContent>pépinière forestière</KeywordContent>
                  <KeywordType>subject</KeywordType>
               </Keyword>
               <Coverage>
                  <Spatial>Fontaine du Contrat (Saint-Léger-du-Ventoux, Vaucluse, France)</Spatial>
                  <Spatial>Saint-Léger-du-Ventoux (Vaucluse, France)</Spatial>
                  <Temporal>1888</Temporal>
                  <Juridictional>Fontaine du Contrat (Saint-Léger-du-Ventoux, Vaucluse, France)</Juridictional>
                  <Juridictional>Saint-Léger-du-Ventoux (Vaucluse, France)</Juridictional>
               </Coverage>
               <OriginatingAgency>
                  <Identifier/>
               </OriginatingAgency>
               <SubmissionAgency>
                  <Identifier/>
               </SubmissionAgency>
               <EndDate>1888-12-30</EndDate>
            </Content>
            <DataObjectReference>
               <DataObjectGroupReferenceId>ID000-de-5</DataObjectGroupReferenceId>
            </DataObjectReference>
         </ArchiveUnit>
         <ArchiveUnit id="de-6">
            <Management>
               <AccessRule>
                  <Rule>ACC-00001</Rule>
                  <StartDate>1888-12-30</StartDate>
               </AccessRule>
            </Management>
            <Content>
               <DescriptionLevel>RecordGrp</DescriptionLevel>
               <Title xml:lang="fr">Saint-Léger-du-Ventoux. Pépinières de la Fontaine du Contrat. Vue de détail.</Title>
               <Title xml:lang="en">Saint-Léger-du-Ventoux. Pépinières de la Fontaine du Contrat. Vue de détail.</Title>
               <FilePlanPosition>instrument_recherche/5FI6/5FI6_11</FilePlanPosition>
               <ArchivalAgencyArchiveUnitIdentifier>5 Fi 6/11</ArchivalAgencyArchiveUnitIdentifier>
               <Description>Contenu</Description>
               <Description>Dim. 18x24 cm.</Description>
               <Language>fre</Language>
               <DescriptionLanguage>fre</DescriptionLanguage>
               <Version>Original</Version>
               <Tag>pépinière forestière</Tag>
               <Tag>Fontaine du Contrat (Saint-Léger-du-Ventoux, Vaucluse, France)</Tag>
               <Tag>Saint-Léger-du-Ventoux (Vaucluse, France)</Tag>
               <Keyword>
                  <KeywordContent>Fontaine du Contrat (Saint-Léger-du-Ventoux, Vaucluse, France)</KeywordContent>
                  <KeywordType>geogname</KeywordType>
               </Keyword>
               <Keyword>
                  <KeywordContent>Saint-Léger-du-Ventoux (Vaucluse, France)</KeywordContent>
                  <KeywordType>geogname</KeywordType>
               </Keyword>
               <Keyword>
                  <KeywordContent>pépinière forestière</KeywordContent>
                  <KeywordType>subject</KeywordType>
               </Keyword>
               <Coverage>
                  <Spatial>Fontaine du Contrat (Saint-Léger-du-Ventoux, Vaucluse, France)</Spatial>
                  <Spatial>Saint-Léger-du-Ventoux (Vaucluse, France)</Spatial>
                  <Temporal>1888</Temporal>
                  <Juridictional>Fontaine du Contrat (Saint-Léger-du-Ventoux, Vaucluse, France)</Juridictional>
                  <Juridictional>Saint-Léger-du-Ventoux (Vaucluse, France)</Juridictional>
               </Coverage>
               <OriginatingAgency>
                  <Identifier/>
               </OriginatingAgency>
               <SubmissionAgency>
                  <Identifier/>
               </SubmissionAgency>
               <EndDate>1888-12-30</EndDate>
            </Content>
            <DataObjectReference>
               <DataObjectGroupReferenceId>ID000-de-6</DataObjectGroupReferenceId>
            </DataObjectReference>
         </ArchiveUnit>
         <ArchiveUnit id="de-7">
            <Management>
               <AccessRule>
                  <Rule>ACC-00001</Rule>
                  <StartDate>1888-12-30</StartDate>
               </AccessRule>
            </Management>
            <Content>
               <DescriptionLevel>RecordGrp</DescriptionLevel>
               <Title xml:lang="fr">Saint-Léger-du-Ventoux. Sapin du berger (alt. 1550m.), avec au premier plan, un garde forestier.</Title>
               <Title xml:lang="en">Saint-Léger-du-Ventoux. Sapin du berger (alt. 1550m.), avec au premier plan, un garde forestier.</Title>
               <Title xml:lang="de">Saint-Léger-du-Ventoux. Sapin du berger (alt. 1550m.), avec au premier plan, un garde forestier.</Title>
               <FilePlanPosition>instrument_recherche/5FI6/5FI6_12</FilePlanPosition>
               <ArchivalAgencyArchiveUnitIdentifier>5 Fi 6/12</ArchivalAgencyArchiveUnitIdentifier>
               <Description>Contenu</Description>
               <Description>Dim. 18x24 cm.</Description>
               <Language>fre</Language>
               <DescriptionLanguage>fre</DescriptionLanguage>
               <Version>Original</Version>
               <Tag>garde forestier</Tag>
               <Tag>Sapin du berger (Saint-Léger-du-Ventoux, Vaucluse, France)</Tag>
               <Tag>Saint-Léger-du-Ventoux (Vaucluse, France)</Tag>
               <Keyword>
                  <KeywordContent>Sapin du berger (Saint-Léger-du-Ventoux, Vaucluse, France)</KeywordContent>
                  <KeywordType>geogname</KeywordType>
               </Keyword>
               <Keyword>
                  <KeywordContent>Saint-Léger-du-Ventoux (Vaucluse, France)</KeywordContent>
                  <KeywordType>geogname</KeywordType>
               </Keyword>
               <Keyword>
                  <KeywordContent>garde forestier</KeywordContent>
                  <KeywordType>subject</KeywordType>
               </Keyword>
               <Coverage>
                  <Spatial>Sapin du berger (Saint-Léger-du-Ventoux, Vaucluse, France)</Spatial>
                  <Spatial>Saint-Léger-du-Ventoux (Vaucluse, France)</Spatial>
                  <Temporal>1888</Temporal>
                  <Juridictional>Sapin du berger (Saint-Léger-du-Ventoux, Vaucluse, France)</Juridictional>
                  <Juridictional>Saint-Léger-du-Ventoux (Vaucluse, France)</Juridictional>
               </Coverage>
               <OriginatingAgency>
                  <Identifier/>
               </OriginatingAgency>
               <SubmissionAgency>
                  <Identifier/>
               </SubmissionAgency>
               <EndDate>1888-12-30</EndDate>
            </Content>
            <DataObjectReference>
               <DataObjectGroupReferenceId>ID000-de-7</DataObjectGroupReferenceId>
            </DataObjectReference>
         </ArchiveUnit>
         <ArchiveUnit id="tt1-4">
            <Content>
               <DescriptionLevel>RecordGrp</DescriptionLevel>
               <Title>Clichés du 30 juin 1889</Title>
               <Language>fre</Language>
               <DescriptionLanguage>fre</DescriptionLanguage>
            </Content>
            <ArchiveUnit id="ID02-de-8">
               <ArchiveUnitRefId>de-8</ArchiveUnitRefId>
            </ArchiveUnit>
            <ArchiveUnit id="ID02-de-9">
               <ArchiveUnitRefId>de-9</ArchiveUnitRefId>
            </ArchiveUnit>
            <ArchiveUnit id="ID02-de-10">
               <ArchiveUnitRefId>de-10</ArchiveUnitRefId>
            </ArchiveUnit>
         </ArchiveUnit>
         <ArchiveUnit id="de-8">
            <Management>
               <AccessRule>
                  <Rule>ACC-00001</Rule>
                  <StartDate>1889-12-30</StartDate>
               </AccessRule>
            </Management>
            <Content>
               <DescriptionLevel>RecordGrp</DescriptionLevel>
               <Title>Brantes. Maison forestière de Brantes, exhaussée d'un étage. Vue de détail.</Title>
               <FilePlanPosition>instrument_recherche/5FI6/5FI6_18</FilePlanPosition>
               <ArchivalAgencyArchiveUnitIdentifier>5 Fi 6/18</ArchivalAgencyArchiveUnitIdentifier>
               <Description>Contenu</Description>
               <Description>Dim. 18x24.</Description>
               <Language>fre</Language>
               <DescriptionLanguage>fre</DescriptionLanguage>
               <Version>Original</Version>
               <Tag>maison forestière</Tag>
               <Tag>Brantes (Vaucluse, France)</Tag>
               <Keyword>
                  <KeywordContent>Brantes (Vaucluse, France)</KeywordContent>
                  <KeywordType>geogname</KeywordType>
               </Keyword>
               <Keyword>
                  <KeywordContent>maison forestière</KeywordContent>
                  <KeywordType>subject</KeywordType>
               </Keyword>
               <Coverage>
                  <Spatial>Brantes (Vaucluse, France)</Spatial>
                  <Temporal>1889</Temporal>
                  <Juridictional>Brantes (Vaucluse, France)</Juridictional>
               </Coverage>
               <OriginatingAgency>
                  <Identifier/>
               </OriginatingAgency>
               <SubmissionAgency>
                  <Identifier/>
               </SubmissionAgency>
               <EndDate>1889-12-30</EndDate>
            </Content>
            <DataObjectReference>
               <DataObjectGroupReferenceId>ID000-de-8</DataObjectGroupReferenceId>
            </DataObjectReference>
         </ArchiveUnit>
         <ArchiveUnit id="de-9">
            <Management>
               <AccessRule>
                  <Rule>ACC-00001</Rule>
                  <StartDate>1889-12-30</StartDate>
               </AccessRule>
            </Management>
            <Content>
               <DescriptionLevel>RecordGrp</DescriptionLevel>
               <Title>Brantes. Pépinières de la maison forestière de Brantes.</Title>
               <FilePlanPosition>instrument_recherche/5FI6/5FI6_19</FilePlanPosition>
               <ArchivalAgencyArchiveUnitIdentifier>5 Fi 6/19</ArchivalAgencyArchiveUnitIdentifier>
               <Description>Contenu</Description>
               <Description>Dim. 18x24 cm.</Description>
               <Language>fre</Language>
               <DescriptionLanguage>fre</DescriptionLanguage>
               <Version>Original</Version>
               <Tag>pépinière forestière</Tag>
               <Tag>maison forestière</Tag>
               <Tag>Brantes (Vaucluse, France)</Tag>
               <Keyword>
                  <KeywordContent>Brantes (Vaucluse, France)</KeywordContent>
                  <KeywordType>geogname</KeywordType>
               </Keyword>
               <Keyword>
                  <KeywordContent>pépinière forestière</KeywordContent>
                  <KeywordType>subject</KeywordType>
               </Keyword>
               <Keyword>
                  <KeywordContent>maison forestière</KeywordContent>
                  <KeywordType>subject</KeywordType>
               </Keyword>
               <Coverage>
                  <Spatial>Brantes (Vaucluse, France)</Spatial>
                  <Temporal>1889</Temporal>
                  <Juridictional>Brantes (Vaucluse, France)</Juridictional>
               </Coverage>
               <OriginatingAgency>
                  <Identifier/>
               </OriginatingAgency>
               <SubmissionAgency>
                  <Identifier/>
               </SubmissionAgency>
               <EndDate>1889-12-30</EndDate>
            </Content>
            <DataObjectReference>
               <DataObjectGroupReferenceId>ID000-de-9</DataObjectGroupReferenceId>
            </DataObjectReference>
         </ArchiveUnit>
         <ArchiveUnit id="de-10">
            <Management>
               <AccessRule>
                  <Rule>ACC-00001</Rule>
                  <StartDate>1889-12-30</StartDate>
               </AccessRule>
            </Management>
            <Content>
               <DescriptionLevel>RecordGrp</DescriptionLevel>
               <Title>Brantes. Semoir Sadrin pour les semis.</Title>
               <FilePlanPosition>instrument_recherche/5FI6/5FI6_20</FilePlanPosition>
               <ArchivalAgencyArchiveUnitIdentifier>5 Fi 6/20</ArchivalAgencyArchiveUnitIdentifier>
               <Description>Contenu</Description>
               <Description>18x24 cm.</Description>
               <Language>fre</Language>
               <DescriptionLanguage>fre</DescriptionLanguage>
               <Version>Original</Version>
               <Tag>semoir</Tag>
               <Tag>Brantes (Vaucluse, France)</Tag>
               <Keyword>
                  <KeywordContent>Brantes (Vaucluse, France)</KeywordContent>
                  <KeywordType>geogname</KeywordType>
               </Keyword>
               <Keyword>
                  <KeywordContent>semoir</KeywordContent>
                  <KeywordType>subject</KeywordType>
               </Keyword>
               <Coverage>
                  <Spatial>Brantes (Vaucluse, France)</Spatial>
                  <Temporal>1889</Temporal>
                  <Juridictional>Brantes (Vaucluse, France)</Juridictional>
               </Coverage>
               <OriginatingAgency>
                  <Identifier/>
               </OriginatingAgency>
               <SubmissionAgency>
                  <Identifier/>
               </SubmissionAgency>
               <EndDate>1889-12-30</EndDate>
            </Content>
            <DataObjectReference>
               <DataObjectGroupReferenceId>ID000-de-10</DataObjectGroupReferenceId>
            </DataObjectReference>
         </ArchiveUnit>
         <ArchiveUnit id="tt1-5">
            <Content>
               <DescriptionLevel>RecordGrp</DescriptionLevel>
               <Title>Clichés du 2 juillet 1889</Title>
               <Language>fre</Language>
               <DescriptionLanguage>fre</DescriptionLanguage>
            </Content>
            <ArchiveUnit id="ID02-de-11">
               <ArchiveUnitRefId>de-11</ArchiveUnitRefId>
            </ArchiveUnit>
            <ArchiveUnit id="ID02-de-12">
               <ArchiveUnitRefId>de-12</ArchiveUnitRefId>
            </ArchiveUnit>
            <ArchiveUnit id="ID02-de-13">
               <ArchiveUnitRefId>de-13</ArchiveUnitRefId>
            </ArchiveUnit>
            <ArchiveUnit id="ID02-de-14">
               <ArchiveUnitRefId>de-14</ArchiveUnitRefId>
            </ArchiveUnit>
            <ArchiveUnit id="ID02-de-15">
               <ArchiveUnitRefId>de-15</ArchiveUnitRefId>
            </ArchiveUnit>
            <ArchiveUnit id="ID02-de-16">
               <ArchiveUnitRefId>de-16</ArchiveUnitRefId>
            </ArchiveUnit>
            <ArchiveUnit id="ID02-de-17">
               <ArchiveUnitRefId>de-17</ArchiveUnitRefId>
            </ArchiveUnit>
         </ArchiveUnit>
         <ArchiveUnit id="de-11">
            <Management>
               <AccessRule>
                  <Rule>ACC-00001</Rule>
                  <StartDate>1889-12-30</StartDate>
               </AccessRule>
            </Management>
            <Content>
               <DescriptionLevel>RecordGrp</DescriptionLevel>
               <Title>Brantes. Panorama du mont Ventoux.</Title>
               <FilePlanPosition>instrument_recherche/5FI6/5FI6_1</FilePlanPosition>
               <ArchivalAgencyArchiveUnitIdentifier>5 Fi 6/1</ArchivalAgencyArchiveUnitIdentifier>
               <Description>Contenu</Description>
               <Description>Dim. 18 x 24 cm.</Description>
               <Language>fre</Language>
               <DescriptionLanguage>fre</DescriptionLanguage>
               <Version>Original</Version>
               <Tag>Brantes (Vaucluse, France)</Tag>
               <Keyword>
                  <KeywordContent>Brantes (Vaucluse, France)</KeywordContent>
                  <KeywordType>geogname</KeywordType>
               </Keyword>
               <Coverage>
                  <Spatial>Brantes (Vaucluse, France)</Spatial>
                  <Temporal>1889</Temporal>
                  <Juridictional>Brantes (Vaucluse, France)</Juridictional>
               </Coverage>
               <OriginatingAgency>
                  <Identifier/>
               </OriginatingAgency>
               <SubmissionAgency>
                  <Identifier/>
               </SubmissionAgency>
               <EndDate>1889-12-30</EndDate>
            </Content>
            <DataObjectReference>
               <DataObjectGroupReferenceId>ID000-de-11</DataObjectGroupReferenceId>
            </DataObjectReference>
         </ArchiveUnit>
         <ArchiveUnit id="de-12">
            <Management>
               <AccessRule>
                  <Rule>ACC-00001</Rule>
                  <StartDate>1889-12-30</StartDate>
               </AccessRule>
            </Management>
            <Content>
               <DescriptionLevel>RecordGrp</DescriptionLevel>
               <Title>Brantes. Panorama du mont Ventoux.</Title>
               <FilePlanPosition>instrument_recherche/5FI6/5FI6_2</FilePlanPosition>
               <ArchivalAgencyArchiveUnitIdentifier>5 Fi 6/2</ArchivalAgencyArchiveUnitIdentifier>
               <Description>Contenu</Description>
               <Description>Dim. 18 x 24 cm.</Description>
               <Language>fre</Language>
               <DescriptionLanguage>fre</DescriptionLanguage>
               <Version>Original</Version>
               <Tag>Brantes (Vaucluse, France)</Tag>
               <Keyword>
                  <KeywordContent>Brantes (Vaucluse, France)</KeywordContent>
                  <KeywordType>geogname</KeywordType>
               </Keyword>
               <Coverage>
                  <Spatial>Brantes (Vaucluse, France)</Spatial>
                  <Temporal>1889</Temporal>
                  <Juridictional>Brantes (Vaucluse, France)</Juridictional>
               </Coverage>
               <OriginatingAgency>
                  <Identifier/>
               </OriginatingAgency>
               <SubmissionAgency>
                  <Identifier/>
               </SubmissionAgency>
               <EndDate>1889-12-30</EndDate>
            </Content>
            <DataObjectReference>
               <DataObjectGroupReferenceId>ID000-de-12</DataObjectGroupReferenceId>
            </DataObjectReference>
         </ArchiveUnit>
         <ArchiveUnit id="de-13">
            <Management>
               <AccessRule>
                  <Rule>ACC-00001</Rule>
                  <StartDate>1889-12-30</StartDate>
               </AccessRule>
            </Management>
            <Content>
               <DescriptionLevel>RecordGrp</DescriptionLevel>
               <Title>Brantes. Panorama du mont Ventoux.</Title>
               <FilePlanPosition>instrument_recherche/5FI6/5FI6_3</FilePlanPosition>
               <ArchivalAgencyArchiveUnitIdentifier>5 Fi 6/3</ArchivalAgencyArchiveUnitIdentifier>
               <Description>Contenu</Description>
               <Description>Dim. 18 x 24 cm.</Description>
               <Language>fre</Language>
               <DescriptionLanguage>fre</DescriptionLanguage>
               <Version>Original</Version>
               <Tag>Brantes (Vaucluse, France)</Tag>
               <Keyword>
                  <KeywordContent>Brantes (Vaucluse, France)</KeywordContent>
                  <KeywordType>geogname</KeywordType>
               </Keyword>
               <Coverage>
                  <Spatial>Brantes (Vaucluse, France)</Spatial>
                  <Temporal>1889</Temporal>
                  <Juridictional>Brantes (Vaucluse, France)</Juridictional>
               </Coverage>
               <OriginatingAgency>
                  <Identifier/>
               </OriginatingAgency>
               <SubmissionAgency>
                  <Identifier/>
               </SubmissionAgency>
               <EndDate>1889-12-30</EndDate>
            </Content>
            <DataObjectReference>
               <DataObjectGroupReferenceId>ID000-de-13</DataObjectGroupReferenceId>
            </DataObjectReference>
         </ArchiveUnit>
         <ArchiveUnit id="de-14">
            <Management>
               <AccessRule>
                  <Rule>ACC-00001</Rule>
                  <StartDate>1889-12-30</StartDate>
               </AccessRule>
            </Management>
            <Content>
               <DescriptionLevel>RecordGrp</DescriptionLevel>
               <Title>Brantes. Panorama du mont Ventoux.</Title>
               <FilePlanPosition>instrument_recherche/5FI6/5FI6_4</FilePlanPosition>
               <ArchivalAgencyArchiveUnitIdentifier>5 Fi 6/4</ArchivalAgencyArchiveUnitIdentifier>
               <Description>Contenu</Description>
               <Description>Dim. 18 x 24 cm.</Description>
               <Language>fre</Language>
               <DescriptionLanguage>fre</DescriptionLanguage>
               <Version>Original</Version>
               <Tag>Brantes (Vaucluse, France)</Tag>
               <Keyword>
                  <KeywordContent>Brantes (Vaucluse, France)</KeywordContent>
                  <KeywordType>geogname</KeywordType>
               </Keyword>
               <Coverage>
                  <Spatial>Brantes (Vaucluse, France)</Spatial>
                  <Temporal>1889</Temporal>
                  <Juridictional>Brantes (Vaucluse, France)</Juridictional>
               </Coverage>
               <OriginatingAgency>
                  <Identifier/>
               </OriginatingAgency>
               <SubmissionAgency>
                  <Identifier/>
               </SubmissionAgency>
               <EndDate>1889-12-30</EndDate>
            </Content>
            <DataObjectReference>
               <DataObjectGroupReferenceId>ID000-de-14</DataObjectGroupReferenceId>
            </DataObjectReference>
         </ArchiveUnit>
         <ArchiveUnit id="de-15">
            <Management>
               <AccessRule>
                  <Rule>ACC-00001</Rule>
                  <StartDate>1889-12-30</StartDate>
               </AccessRule>
            </Management>
            <Content>
               <DescriptionLevel>RecordGrp</DescriptionLevel>
               <Title>Brantes. Panorama du mont Ventoux.</Title>
               <FilePlanPosition>instrument_recherche/5FI6/5FI6_5</FilePlanPosition>
               <ArchivalAgencyArchiveUnitIdentifier>5 Fi 6/5</ArchivalAgencyArchiveUnitIdentifier>
               <Description>Contenu</Description>
               <Description>Dim. 18 x 24 cm.</Description>
               <Language>fre</Language>
               <DescriptionLanguage>fre</DescriptionLanguage>
               <Version>Original</Version>
               <Tag>Brantes (Vaucluse, France)</Tag>
               <Keyword>
                  <KeywordContent>Brantes (Vaucluse, France)</KeywordContent>
                  <KeywordType>geogname</KeywordType>
               </Keyword>
               <Coverage>
                  <Spatial>Brantes (Vaucluse, France)</Spatial>
                  <Temporal>1889</Temporal>
                  <Juridictional>Brantes (Vaucluse, France)</Juridictional>
               </Coverage>
               <OriginatingAgency>
                  <Identifier/>
               </OriginatingAgency>
               <SubmissionAgency>
                  <Identifier/>
               </SubmissionAgency>
               <EndDate>1889-12-30</EndDate>
            </Content>
            <DataObjectReference>
               <DataObjectGroupReferenceId>ID000-de-15</DataObjectGroupReferenceId>
            </DataObjectReference>
         </ArchiveUnit>
         <ArchiveUnit id="de-16">
            <Management>
               <AccessRule>
                  <Rule>ACC-00001</Rule>
                  <StartDate>1889-12-30</StartDate>
               </AccessRule>
            </Management>
            <Content>
               <DescriptionLevel>RecordGrp</DescriptionLevel>
               <Title>Brantes. Panorama du mont Ventoux.</Title>
               <FilePlanPosition>instrument_recherche/5FI6/5FI6_6</FilePlanPosition>
               <ArchivalAgencyArchiveUnitIdentifier>5 Fi 6/6</ArchivalAgencyArchiveUnitIdentifier>
               <Description>Contenu</Description>
               <Description>Dim. 18 x 24 cm.</Description>
               <Language>fre</Language>
               <DescriptionLanguage>fre</DescriptionLanguage>
               <Version>Original</Version>
               <Tag>Brantes (Vaucluse, France)</Tag>
               <Keyword>
                  <KeywordContent>Brantes (Vaucluse, France)</KeywordContent>
                  <KeywordType>geogname</KeywordType>
               </Keyword>
               <Coverage>
                  <Spatial>Brantes (Vaucluse, France)</Spatial>
                  <Temporal>1889</Temporal>
                  <Juridictional>Brantes (Vaucluse, France)</Juridictional>
               </Coverage>
               <OriginatingAgency>
                  <Identifier/>
               </OriginatingAgency>
               <SubmissionAgency>
                  <Identifier/>
               </SubmissionAgency>
               <EndDate>1889-12-30</EndDate>
            </Content>
            <DataObjectReference>
               <DataObjectGroupReferenceId>ID000-de-16</DataObjectGroupReferenceId>
            </DataObjectReference>
         </ArchiveUnit>
         <ArchiveUnit id="de-17">
            <Management>
               <AccessRule>
                  <Rule>ACC-00001</Rule>
                  <StartDate>1889-12-30</StartDate>
               </AccessRule>
            </Management>
            <Content>
               <DescriptionLevel>RecordGrp</DescriptionLevel>
               <Title>Brantes. Panorama du mont Ventoux.</Title>
               <FilePlanPosition>instrument_recherche/5FI6/5FI6_7</FilePlanPosition>
               <ArchivalAgencyArchiveUnitIdentifier>5 Fi 6/7</ArchivalAgencyArchiveUnitIdentifier>
               <Description>Contenu</Description>
               <Description>Dim. 18 x 24 cm.</Description>
               <Language>fre</Language>
               <DescriptionLanguage>fre</DescriptionLanguage>
               <Version>Original</Version>
               <Tag>Brantes (Vaucluse, France)</Tag>
               <Keyword>
                  <KeywordContent>Brantes (Vaucluse, France)</KeywordContent>
                  <KeywordType>geogname</KeywordType>
               </Keyword>
               <Coverage>
                  <Spatial>Brantes (Vaucluse, France)</Spatial>
                  <Temporal>1889</Temporal>
                  <Juridictional>Brantes (Vaucluse, France)</Juridictional>
               </Coverage>
               <OriginatingAgency>
                  <Identifier/>
               </OriginatingAgency>
               <SubmissionAgency>
                  <Identifier/>
               </SubmissionAgency>
               <EndDate>1889-12-30</EndDate>
            </Content>
            <DataObjectReference>
               <DataObjectGroupReferenceId>ID000-de-17</DataObjectGroupReferenceId>
            </DataObjectReference>
         </ArchiveUnit>
         <ArchiveUnit id="tt1-7">
            <Content>
               <DescriptionLevel>RecordGrp</DescriptionLevel>
               <Title>Clichés du 29 avril 1902</Title>
               <Language>fre</Language>
               <DescriptionLanguage>fre</DescriptionLanguage>
            </Content>
            <ArchiveUnit id="ID02-de-27">
               <ArchiveUnitRefId>de-27</ArchiveUnitRefId>
            </ArchiveUnit>
         </ArchiveUnit>
         <ArchiveUnit id="de-27">
            <Management>
               <AccessRule>
                  <Rule>ACC-00001</Rule>
                  <StartDate>1902-12-30</StartDate>
               </AccessRule>
            </Management>
            <Content>
               <DescriptionLevel>RecordGrp</DescriptionLevel>
               <Title>Brantes. Maison forestière de Brantes. Vue générale.</Title>
               <FilePlanPosition>instrument_recherche/5FI6/5FI6_21</FilePlanPosition>
               <ArchivalAgencyArchiveUnitIdentifier>5 Fi 6/21</ArchivalAgencyArchiveUnitIdentifier>
               <Description>Contenu</Description>
               <Description>Dim. 18x24 cm.</Description>
               <Language>fre</Language>
               <DescriptionLanguage>fre</DescriptionLanguage>
               <Version>Original</Version>
               <Tag>maison forestière</Tag>
               <Tag>Brantes (Vaucluse, France)</Tag>
               <Keyword>
                  <KeywordContent>Brantes (Vaucluse, France)</KeywordContent>
                  <KeywordType>geogname</KeywordType>
               </Keyword>
               <Keyword>
                  <KeywordContent>maison forestière</KeywordContent>
                  <KeywordType>subject</KeywordType>
               </Keyword>
               <Coverage>
                  <Spatial>Brantes (Vaucluse, France)</Spatial>
                  <Temporal>1902</Temporal>
                  <Juridictional>Brantes (Vaucluse, France)</Juridictional>
               </Coverage>
               <OriginatingAgency>
                  <Identifier/>
               </OriginatingAgency>
               <SubmissionAgency>
                  <Identifier/>
               </SubmissionAgency>
               <EndDate>1902-12-30</EndDate>
            </Content>
            <DataObjectReference>
               <DataObjectGroupReferenceId>ID000-de-27</DataObjectGroupReferenceId>
            </DataObjectReference>
         </ArchiveUnit>
         <ArchiveUnit id="tt1-8">
            <Content>
               <DescriptionLevel>RecordGrp</DescriptionLevel>
               <Title>Clichés du 30 avril 1902</Title>
               <Language>fre</Language>
               <DescriptionLanguage>fre</DescriptionLanguage>
            </Content>
            <ArchiveUnit id="ID02-de-28">
               <ArchiveUnitRefId>de-28</ArchiveUnitRefId>
            </ArchiveUnit>
            <ArchiveUnit id="ID02-de-29">
               <ArchiveUnitRefId>de-29</ArchiveUnitRefId>
            </ArchiveUnit>
         </ArchiveUnit>
         <ArchiveUnit id="de-28">
            <Management>
               <AccessRule>
                  <Rule>ACC-00001</Rule>
                  <StartDate>1902-12-30</StartDate>
               </AccessRule>
            </Management>
            <Content>
               <DescriptionLevel>RecordGrp</DescriptionLevel>
               <Title>Brantes. Plantations de 1893 et 1894.</Title>
               <FilePlanPosition>instrument_recherche/5FI6/5FI6_22</FilePlanPosition>
               <ArchivalAgencyArchiveUnitIdentifier>5 Fi 6/22</ArchivalAgencyArchiveUnitIdentifier>
               <Description>Contenu</Description>
               <Description>Dim. 18x24 cm.</Description>
               <Language>fre</Language>
               <DescriptionLanguage>fre</DescriptionLanguage>
               <Version>Original</Version>
               <Tag>plantation</Tag>
               <Tag>Brantes (Vaucluse, France)</Tag>
               <Keyword>
                  <KeywordContent>Brantes (Vaucluse, France)</KeywordContent>
                  <KeywordType>geogname</KeywordType>
               </Keyword>
               <Keyword>
                  <KeywordContent>plantation</KeywordContent>
                  <KeywordType>subject</KeywordType>
               </Keyword>
               <Coverage>
                  <Spatial>Brantes (Vaucluse, France)</Spatial>
                  <Temporal>1902</Temporal>
                  <Juridictional>Brantes (Vaucluse, France)</Juridictional>
               </Coverage>
               <OriginatingAgency>
                  <Identifier/>
               </OriginatingAgency>
               <SubmissionAgency>
                  <Identifier/>
               </SubmissionAgency>
               <EndDate>1902-12-30</EndDate>
            </Content>
            <DataObjectReference>
               <DataObjectGroupReferenceId>ID000-de-28</DataObjectGroupReferenceId>
            </DataObjectReference>
         </ArchiveUnit>
         <ArchiveUnit id="de-29">
            <Management>
               <AccessRule>
                  <Rule>ACC-00001</Rule>
                  <StartDate>1902-12-30</StartDate>
               </AccessRule>
            </Management>
            <Content>
               <DescriptionLevel>RecordGrp</DescriptionLevel>
               <Title>Brantes. Plantations de 1893 et 1894.</Title>
               <FilePlanPosition>instrument_recherche/5FI6/5FI6_23</FilePlanPosition>
               <ArchivalAgencyArchiveUnitIdentifier>5 Fi 6/23</ArchivalAgencyArchiveUnitIdentifier>
               <Description>Contenu</Description>
               <Description>Dim. 18x24 cm.</Description>
               <Language>fre</Language>
               <DescriptionLanguage>fre</DescriptionLanguage>
               <Version>Original</Version>
               <Tag>plantation</Tag>
               <Tag>Brantes (Vaucluse, France)</Tag>
               <Keyword>
                  <KeywordContent>Brantes (Vaucluse, France)</KeywordContent>
                  <KeywordType>geogname</KeywordType>
               </Keyword>
               <Keyword>
                  <KeywordContent>plantation</KeywordContent>
                  <KeywordType>subject</KeywordType>
               </Keyword>
               <Coverage>
                  <Spatial>Brantes (Vaucluse, France)</Spatial>
                  <Temporal>1902</Temporal>
                  <Juridictional>Brantes (Vaucluse, France)</Juridictional>
               </Coverage>
               <OriginatingAgency>
                  <Identifier/>
               </OriginatingAgency>
               <SubmissionAgency>
                  <Identifier/>
               </SubmissionAgency>
               <EndDate>1902-12-30</EndDate>
            </Content>
            <DataObjectReference>
               <DataObjectGroupReferenceId>ID000-de-29</DataObjectGroupReferenceId>
            </DataObjectReference>
         </ArchiveUnit>
         <ArchiveUnit id="tt1-10">
            <Content>
               <DescriptionLevel>RecordGrp</DescriptionLevel>
               <Title>Clichés du 7 juin 1903</Title>
               <Language>fre</Language>
               <DescriptionLanguage>fre</DescriptionLanguage>
            </Content>
            <ArchiveUnit id="ID02-de-37">
               <ArchiveUnitRefId>de-37</ArchiveUnitRefId>
            </ArchiveUnit>
            <ArchiveUnit id="ID02-de-38">
               <ArchiveUnitRefId>de-38</ArchiveUnitRefId>
            </ArchiveUnit>
            <ArchiveUnit id="ID02-de-39">
               <ArchiveUnitRefId>de-39</ArchiveUnitRefId>
            </ArchiveUnit>
         </ArchiveUnit>
         <ArchiveUnit id="de-37">
            <Management>
               <AccessRule>
                  <Rule>ACC-00001</Rule>
                  <StartDate>1903-12-30</StartDate>
               </AccessRule>
            </Management>
            <Content>
               <DescriptionLevel>RecordGrp</DescriptionLevel>
               <Title>Saint-Léger-du-Ventoux et Brantes. Plantations de la Combe de la Mure.</Title>
               <FilePlanPosition>instrument_recherche/5FI6/5FI6_13</FilePlanPosition>
               <ArchivalAgencyArchiveUnitIdentifier>5 Fi 6/13</ArchivalAgencyArchiveUnitIdentifier>
               <Description>Contenu</Description>
               <Description>Dim. 18x24 cm.</Description>
               <Language>fre</Language>
               <DescriptionLanguage>fre</DescriptionLanguage>
               <Version>Original</Version>
               <Tag>plantation</Tag>
               <Tag>Combe de la Mure (Brantes, Vaucluse, France)</Tag>
               <Tag>Saint-Léger-du-Ventoux (Vaucluse, France)</Tag>
               <Keyword>
                  <KeywordContent>Combe de la Mure (Brantes, Vaucluse, France)</KeywordContent>
                  <KeywordType>geogname</KeywordType>
               </Keyword>
               <Keyword>
                  <KeywordContent>Saint-Léger-du-Ventoux (Vaucluse, France)</KeywordContent>
                  <KeywordType>geogname</KeywordType>
               </Keyword>
               <Keyword>
                  <KeywordContent>plantation</KeywordContent>
                  <KeywordType>subject</KeywordType>
               </Keyword>
               <Coverage>
                  <Spatial>Combe de la Mure (Brantes, Vaucluse, France)</Spatial>
                  <Spatial>Saint-Léger-du-Ventoux (Vaucluse, France)</Spatial>
                  <Temporal>1903</Temporal>
                  <Juridictional>Combe de la Mure (Brantes, Vaucluse, France)</Juridictional>
                  <Juridictional>Saint-Léger-du-Ventoux (Vaucluse, France)</Juridictional>
               </Coverage>
               <OriginatingAgency>
                  <Identifier/>
               </OriginatingAgency>
               <SubmissionAgency>
                  <Identifier/>
               </SubmissionAgency>
               <EndDate>1903-12-30</EndDate>
            </Content>
            <DataObjectReference>
               <DataObjectGroupReferenceId>ID000-de-37</DataObjectGroupReferenceId>
            </DataObjectReference>
         </ArchiveUnit>
         <ArchiveUnit id="de-38">
            <Management>
               <AccessRule>
                  <Rule>ACC-00001</Rule>
                  <StartDate>1903-12-30</StartDate>
               </AccessRule>
            </Management>
            <Content>
               <DescriptionLevel>RecordGrp</DescriptionLevel>
               <Title>Saint-Léger-du-Ventoux. Canton de la plaine du Courbe.</Title>
               <FilePlanPosition>instrument_recherche/5FI6/5FI6_14</FilePlanPosition>
               <ArchivalAgencyArchiveUnitIdentifier>5 Fi 6/14</ArchivalAgencyArchiveUnitIdentifier>
               <Description>Contenu</Description>
               <Description>Dim. 18x24 cm.</Description>
               <Language>fre</Language>
               <DescriptionLanguage>fre</DescriptionLanguage>
               <Version>Original</Version>
               <Tag>Canton de la plaine du Courbe (Saint-Léger-du-Ventoux, Vaucluse, France)</Tag>
               <Tag>Saint-Léger-du-Ventoux (Vaucluse, France)</Tag>
               <Keyword>
                  <KeywordContent>Canton de la plaine du Courbe (Saint-Léger-du-Ventoux, Vaucluse, France)</KeywordContent>
                  <KeywordType>geogname</KeywordType>
               </Keyword>
               <Keyword>
                  <KeywordContent>Saint-Léger-du-Ventoux (Vaucluse, France)</KeywordContent>
                  <KeywordType>geogname</KeywordType>
               </Keyword>
               <Coverage>
                  <Spatial>Canton de la plaine du Courbe (Saint-Léger-du-Ventoux, Vaucluse, France)</Spatial>
                  <Spatial>Saint-Léger-du-Ventoux (Vaucluse, France)</Spatial>
                  <Temporal>1903</Temporal>
                  <Juridictional>Canton de la plaine du Courbe (Saint-Léger-du-Ventoux, Vaucluse, France)</Juridictional>
                  <Juridictional>Saint-Léger-du-Ventoux (Vaucluse, France)</Juridictional>
               </Coverage>
               <OriginatingAgency>
                  <Identifier/>
               </OriginatingAgency>
               <SubmissionAgency>
                  <Identifier/>
               </SubmissionAgency>
               <EndDate>1903-12-30</EndDate>
            </Content>
            <DataObjectReference>
               <DataObjectGroupReferenceId>ID000-de-38</DataObjectGroupReferenceId>
            </DataObjectReference>
         </ArchiveUnit>
         <ArchiveUnit id="de-39">
            <Management>
               <AccessRule>
                  <Rule>ACC-00001</Rule>
                  <StartDate>1903-12-30</StartDate>
               </AccessRule>
            </Management>
            <Content>
               <DescriptionLevel>RecordGrp</DescriptionLevel>
               <Title>Saint-Léger-du-Ventoux. Plantations de Grosse Pierre.</Title>
               <FilePlanPosition>instrument_recherche/5FI6/5FI6_15</FilePlanPosition>
               <ArchivalAgencyArchiveUnitIdentifier>5 Fi 6/15</ArchivalAgencyArchiveUnitIdentifier>
               <Description>Contenu</Description>
               <Description>Dim. 18x24 cm.</Description>
               <Language>fre</Language>
               <DescriptionLanguage>fre</DescriptionLanguage>
               <Version>Original</Version>
               <Tag>plantation</Tag>
               <Tag>Grosse Pierre (Saint-Léger-du-Ventoux, Vaucluse, France)</Tag>
               <Tag>Saint-Léger-du-Ventoux (Vaucluse, France)</Tag>
               <Keyword>
                  <KeywordContent>Grosse Pierre (Saint-Léger-du-Ventoux, Vaucluse, France)</KeywordContent>
                  <KeywordType>geogname</KeywordType>
               </Keyword>
               <Keyword>
                  <KeywordContent>Saint-Léger-du-Ventoux (Vaucluse, France)</KeywordContent>
                  <KeywordType>geogname</KeywordType>
               </Keyword>
               <Keyword>
                  <KeywordContent>plantation</KeywordContent>
                  <KeywordType>subject</KeywordType>
               </Keyword>
               <Coverage>
                  <Spatial>Grosse Pierre (Saint-Léger-du-Ventoux, Vaucluse, France)</Spatial>
                  <Spatial>Saint-Léger-du-Ventoux (Vaucluse, France)</Spatial>
                  <Temporal>1903</Temporal>
                  <Juridictional>Grosse Pierre (Saint-Léger-du-Ventoux, Vaucluse, France)</Juridictional>
                  <Juridictional>Saint-Léger-du-Ventoux (Vaucluse, France)</Juridictional>
               </Coverage>
               <OriginatingAgency>
                  <Identifier/>
               </OriginatingAgency>
               <SubmissionAgency>
                  <Identifier/>
               </SubmissionAgency>
               <EndDate>1903-12-30</EndDate>
            </Content>
            <DataObjectReference>
               <DataObjectGroupReferenceId>ID000-de-39</DataObjectGroupReferenceId>
            </DataObjectReference>
         </ArchiveUnit>
      </DescriptiveMetadata>
      <ManagementMetadata>
         <OriginatingAgencyIdentifier>Identifier0</OriginatingAgencyIdentifier>
      </ManagementMetadata>
   </DataObjectPackage>
   <ArchivalAgency>
      <Identifier>Identifier0</Identifier>
   </ArchivalAgency>
   <TransferringAgency>
      <Identifier>Identifier3</Identifier>
   </TransferringAgency>
</ArchiveTransfer>
