<?xml version='1.0' encoding='UTF-8'?><ArchiveTransfer xmlns:xlink="http://www.w3.org/1999/xlink" xmlns:pr="info:lc/xmlns/premis-v2" xmlns="fr:gouv:culture:archivesdefrance:seda:v2.1" xmlns:xsi="http://www.w3.org/2001/XMLSchema-instance" xsi:schemaLocation="fr:gouv:culture:archivesdefrance:seda:v2.1 seda-2.1-main.xsd" xml:id="ID1"><Comment>2eme SIP</Comment><Date>2018-10-04T17:04:06</Date><MessageIdentifier>MessageIdentifier0</MessageIdentifier><ArchivalAgreement>ArchivalAgreement0</ArchivalAgreement><CodeListVersions><ReplyCodeListVersion>ReplyCodeListVersion0</ReplyCodeListVersion><MessageDigestAlgorithmCodeListVersion>MessageDigestAlgorithmCodeListVersion0</MessageDigestAlgorithmCodeListVersion><MimeTypeCodeListVersion>MimeTypeCodeListVersion0</MimeTypeCodeListVersion><EncodingCodeListVersion>EncodingCodeListVersion0</EncodingCodeListVersion><FileFormatCodeListVersion>FileFormatCodeListVersion0</FileFormatCodeListVersion><CompressionAlgorithmCodeListVersion>CompressionAlgorithmCodeListVersion0</CompressionAlgorithmCodeListVersion><DataObjectVersionCodeListVersion>DataObjectVersionCodeListVersion0</DataObjectVersionCodeListVersion><StorageRuleCodeListVersion>StorageRuleCodeListVersion0</StorageRuleCodeListVersion><AppraisalRuleCodeListVersion>AppraisalRuleCodeListVersion0</AppraisalRuleCodeListVersion><AccessRuleCodeListVersion>AccessRuleCodeListVersion0</AccessRuleCodeListVersion><DisseminationRuleCodeListVersion>DisseminationRuleCodeListVersion0</DisseminationRuleCodeListVersion><ReuseRuleCodeListVersion>ReuseRuleCodeListVersion0</ReuseRuleCodeListVersion><ClassificationRuleCodeListVersion>ClassificationRuleCodeListVersion0</ClassificationRuleCodeListVersion><AuthorizationReasonCodeListVersion>AuthorizationReasonCodeListVersion0</AuthorizationReasonCodeListVersion><RelationshipCodeListVersion>RelationshipCodeListVersion0</RelationshipCodeListVersion></CodeListVersions><DataObjectPackage xml:id="ID2"><DataObjectGroup id="ID12"><BinaryDataObject id="ID13"><DataObjectVersion>BinaryMaster</DataObjectVersion><Uri>Content/ID13.odp</Uri><MessageDigest algorithm="SHA-512">773db3fc2960832db44821c9b72a5178a843335724153058c6a257daad9790d86d5cd14dec51698dc4f6ed299390cb0fd2057af198cef387dde3f9367e8e4474</MessageDigest><Size>8893</Size><FormatIdentification><FormatLitteral>OpenDocument Presentation</FormatLitteral><MimeType>application/vnd.oasis.opendocument.presentation</MimeType><FormatId>fmt/293</FormatId></FormatIdentification><FileInfo><Filename>Biographie_Bidule.odp</Filename><LastModified>2018-10-04T16:39:43.124+02:00</LastModified></FileInfo></BinaryDataObject></DataObjectGroup><DescriptiveMetadata><ArchiveUnit id="ID3"><Content><DescriptionLevel>RecordGrp</DescriptionLevel><Title>Ambassade_de_France_en_Ruritanie</Title><Description>C:\Users\mehdi.afnai\Desktop\Test Keep implicite\Test Keep implicite\Ambassade_de_France_en_Ruritanie</Description><StartDate>2018-10-04T16:39:43</StartDate><EndDate>2018-10-04T16:39:43</EndDate></Content><ArchiveUnit id="ID5"><ArchiveUnitRefId>ID4</ArchiveUnitRefId></ArchiveUnit></ArchiveUnit><ArchiveUnit id="ID4"><Content><DescriptionLevel>RecordGrp</DescriptionLevel><Title>Service_politique</Title><Description>C:\Users\mehdi.afnai\Desktop\Test Keep implicite\Test Keep implicite\Ambassade_de_France_en_Ruritanie\Service_politique</Description><StartDate>2018-10-04T16:39:43</StartDate><EndDate>2018-10-04T16:39:43</EndDate></Content><ArchiveUnit id="ID7"><ArchiveUnitRefId>ID6</ArchiveUnitRefId></ArchiveUnit></ArchiveUnit><ArchiveUnit id="ID6"><Content><DescriptionLevel>RecordGrp</DescriptionLevel><Title>Pouvoir_executif</Title><Description>C:\Users\mehdi.afnai\Desktop\Test Keep implicite\Test Keep implicite\Ambassade_de_France_en_Ruritanie\Service_politique\Pouvoir_executif</Description><StartDate>2018-10-04T16:39:43</StartDate><EndDate>2018-10-04T16:39:43</EndDate></Content><ArchiveUnit id="ID9"><ArchiveUnitRefId>ID8</ArchiveUnitRefId></ArchiveUnit></ArchiveUnit><ArchiveUnit id="ID8"><Content><DescriptionLevel>RecordGrp</DescriptionLevel><Title>Gouvernement</Title><Description>C:\Users\mehdi.afnai\Desktop\Test Keep implicite\Test Keep implicite\Ambassade_de_France_en_Ruritanie\Service_politique\Pouvoir_executif\Gouvernement</Description><StartDate>2018-10-04T16:39:43</StartDate><EndDate>2018-10-04T16:39:43</EndDate></Content><ArchiveUnit id="ID11"><ArchiveUnitRefId>ID10</ArchiveUnitRefId></ArchiveUnit></ArchiveUnit><ArchiveUnit id="ID10"><Content><DescriptionLevel>RecordGrp</DescriptionLevel><Title>Biographie_du_ministre_du_commerce</Title><Description>C:\Users\mehdi.afnai\Desktop\Test Keep implicite\Test Keep implicite\Ambassade_de_France_en_Ruritanie\Service_politique\Pouvoir_executif\Gouvernement\Biographie_du_ministre_du_commerce</Description><StartDate>2018-10-04T16:39:43</StartDate><EndDate>2018-10-04T16:39:43</EndDate></Content><ArchiveUnit id="ID15"><ArchiveUnitRefId>ID14</ArchiveUnitRefId></ArchiveUnit></ArchiveUnit><ArchiveUnit id="ID14"><Content><DescriptionLevel>Item</DescriptionLevel><Title>Biographie_Bidule.odp</Title><Description>Pseudo Archive Unit du fichier :C:\Users\mehdi.afnai\Desktop\Test Keep implicite\Test Keep implicite\Ambassade_de_France_en_Ruritanie\Service_politique\Pouvoir_executif\Gouvernement\Biographie_du_ministre_du_commerce\Biographie_Bidule.odp</Description><TransactedDate>2018-10-04T16:39:43</TransactedDate></Content><DataObjectReference><DataObjectGroupReferenceId>ID12</DataObjectGroupReferenceId></DataObjectReference></ArchiveUnit></DescriptiveMetadata><ManagementMetadata><AcquisitionInformation>Acquisition Information</AcquisitionInformation><LegalStatus>Public Archive</LegalStatus><OriginatingAgencyIdentifier>Service_producteur</OriginatingAgencyIdentifier><SubmissionAgencyIdentifier>Service_versant</SubmissionAgencyIdentifier></ManagementMetadata></DataObjectPackage><ArchivalAgency><Identifier>Identifier4</Identifier></ArchivalAgency><TransferringAgency><Identifier>Identifier5</Identifier></TransferringAgency></ArchiveTransfer>