<?xml version="1.0" ?>
<ArchiveTransfer xmlns:xsi="http://www.w3.org/2001/XMLSchema-instance"
 xsi:schemaLocation="fr:gouv:culture:archivesdefrance:seda:v2.0 ../../Bureau/BA/Sch%D0%92mas/seda-2.0-main.xsd"
 xmlns="fr:gouv:culture:archivesdefrance:seda:v2.0" xmlns:pr="info:lc/xmlns/premis-v2"
 xmlns:xlink="http://www.w3.org/1999/xlink" xml:id="ID1">
    <Comment>SIP de test des units dont les dates extrêmes sont 1914-1918 et qui contiennent des objets (unit attendue : title = "Liste des armements")</Comment>

    <!--
    DESCRIPTION DU SIP ET DU CAS TESTÉ

    Ce SIP convient au scénario :
    Chercher les unités d’archives dont les dates extrêmes sont contenues entre 1914-1918 (inclus) et qui contiennent des objets

    L'unit qui correspond est celle nommée "Liste des armements"

    1 autre unit est dans ces dates extrêmes mais ne contient pas d'objets
    2 autres unit contiennent des objets mais sont en dehors des dates extrêmes

    -->

    <Date>2016-10-18T14:52:27</Date>
    <MessageIdentifier>SIP de test des units dont les dates extrêmes sont 1914-1918 et qui contiennent des objets (unit attendue : title = "Liste des armements")</MessageIdentifier>
    <ArchivalAgreement>ArchivalAgreement0</ArchivalAgreement>
    <CodeListVersions>
        <ReplyCodeListVersion>ReplyCodeListVersion0</ReplyCodeListVersion>
        <MessageDigestAlgorithmCodeListVersion>MessageDigestAlgorithmCodeListVersion0</MessageDigestAlgorithmCodeListVersion>
        <MimeTypeCodeListVersion>MimeTypeCodeListVersion0</MimeTypeCodeListVersion>
        <EncodingCodeListVersion>EncodingCodeListVersion0</EncodingCodeListVersion>
        <FileFormatCodeListVersion>FileFormatCodeListVersion0</FileFormatCodeListVersion>
        <CompressionAlgorithmCodeListVersion>CompressionAlgorithmCodeListVersion0</CompressionAlgorithmCodeListVersion>
        <DataObjectVersionCodeListVersion>DataObjectVersionCodeListVersion0</DataObjectVersionCodeListVersion>
        <StorageRuleCodeListVersion>StorageRuleCodeListVersion0</StorageRuleCodeListVersion>
        <AppraisalRuleCodeListVersion>AppraisalRuleCodeListVersion0</AppraisalRuleCodeListVersion>
        <AccessRuleCodeListVersion>AccessRuleCodeListVersion0</AccessRuleCodeListVersion>
        <DisseminationRuleCodeListVersion>DisseminationRuleCodeListVersion0</DisseminationRuleCodeListVersion>
        <ReuseRuleCodeListVersion>ReuseRuleCodeListVersion0</ReuseRuleCodeListVersion>
        <ClassificationRuleCodeListVersion>ClassificationRuleCodeListVersion0</ClassificationRuleCodeListVersion>
        <AuthorizationReasonCodeListVersion>AuthorizationReasonCodeListVersion0</AuthorizationReasonCodeListVersion>
        <RelationshipCodeListVersion>RelationshipCodeListVersion0</RelationshipCodeListVersion>
    </CodeListVersions>
    <DataObjectPackage xml:id="ID2">
        <BinaryDataObject id="OBJ1">
            <DataObjectGroupId>GRP1</DataObjectGroupId>
            <DataObjectVersion>BinaryMaster</DataObjectVersion>
            <Uri>Content/DttzvaBjmOJlnNHhwjRWBRqvyqWtbx.pdf</Uri>
            <MessageDigest algorithm="SHA-512"
                >942bb63cc16bf5ca3ba7fabf40ce9be19c3185a36cd87ad17c63d6fad1aa29d4312d73f2d6a1ba1266c3a71fc4119dd476d2d776cf2ad2acd7a9a3dfa1f80dc7</MessageDigest>
            <Size>29403</Size>
            <FormatIdentification>
                <FormatLitteral>Acrobat PDF 1.4 - Portable Document Format</FormatLitteral>
                <MimeType>application/pdf</MimeType>
                <FormatId>fmt/18</FormatId>
            </FormatIdentification>
            <FileInfo>
                <Filename>Correspondance.pdf</Filename>
            </FileInfo>
        </BinaryDataObject>
        <BinaryDataObject id="OBJ2">
            <DataObjectGroupId>GRP2</DataObjectGroupId>
            <DataObjectVersion>BinaryMaster</DataObjectVersion>
            <Uri>Content/EfxvcfP9MBWlnAJYTArbUbMEdFa2PB.pdf</Uri>
            <MessageDigest algorithm="SHA-512"
                >942bb63cc16bf5ca3ba7fabf40ce9be19c3185a36cd87ad17c63d6fad1aa29d4312d73f2d6a1ba1266c3a71fc4119dd476d2d776cf2ad2acd7a9a3dfa1f80dc7</MessageDigest>
            <Size>29403</Size>
            <FormatIdentification>
                <FormatLitteral>Acrobat PDF 1.4 - Portable Document Format</FormatLitteral>
                <MimeType>application/pdf</MimeType>
                <FormatId>fmt/18</FormatId>
            </FormatIdentification>
            <FileInfo>
                <Filename>Compte_rendu.pdf</Filename>
            </FileInfo>
        </BinaryDataObject>
        <BinaryDataObject id="OBJ3">
            <DataObjectGroupId>GRP3</DataObjectGroupId>
            <DataObjectVersion>BinaryMaster</DataObjectVersion>
            <Uri>Content/eGNLkNvdmK0Iqq0zv3GVHgR7Ag7nlV.pdf</Uri>
            <MessageDigest algorithm="SHA-512"
                >942bb63cc16bf5ca3ba7fabf40ce9be19c3185a36cd87ad17c63d6fad1aa29d4312d73f2d6a1ba1266c3a71fc4119dd476d2d776cf2ad2acd7a9a3dfa1f80dc7</MessageDigest>
            <Size>29403</Size>
            <FormatIdentification>
                <FormatLitteral>Acrobat PDF 1.4 - Portable Document Format</FormatLitteral>
                <MimeType>application/pdf</MimeType>
                <FormatId>fmt/18</FormatId>
            </FormatIdentification>
            <FileInfo>
                <Filename>ListeArmements.pdf</Filename>
            </FileInfo>
        </BinaryDataObject>


        <DescriptiveMetadata>
            <ArchiveUnit id="AU1">
                <Content>
                    <DescriptionLevel>RecordGrp</DescriptionLevel>
                    <Title>Dossiers 1900-1920</Title>
                    <StartDate>1910-01-01</StartDate>
                    <EndDate>1920-01-01</EndDate>
                </Content>
                <ArchiveUnit id="AU2">
                    <Content>
                        <DescriptionLevel>Item</DescriptionLevel>
                        <Title>Correspondance</Title>
                        <StartDate>1916-01-01</StartDate>
                        <EndDate>1920-01-01</EndDate>
                    </Content>
                    <DataObjectReference>
                        <DataObjectGroupReferenceId>GRP1</DataObjectGroupReferenceId>
                    </DataObjectReference>
                </ArchiveUnit>
                <ArchiveUnit id="AU3">
                    <Content>
                        <DescriptionLevel>Item</DescriptionLevel>
                        <Title>Compte rendu</Title>
                        <StartDate>1910-01-01</StartDate>
                        <EndDate>1916-01-01</EndDate>
                    </Content>
                    <DataObjectReference>
                        <DataObjectGroupReferenceId>GRP2</DataObjectGroupReferenceId>
                    </DataObjectReference>
                </ArchiveUnit>
                <ArchiveUnit id="AU4">
                    <Content>
                        <DescriptionLevel>Item</DescriptionLevel>
                        <Title>Liste des armements</Title>
                        <StartDate>1700-01-01</StartDate>
                        <EndDate>1700-01-02</EndDate>
                    </Content>
                    <DataObjectReference>
                        <DataObjectGroupReferenceId>GRP3</DataObjectGroupReferenceId>
                    </DataObjectReference>
                </ArchiveUnit>
                <ArchiveUnit id="AU5">
                    <Content>
                        <DescriptionLevel>Item</DescriptionLevel>
                        <Title>Vidéos d'époque</Title>
                        <StartDate>1915-01-01</StartDate>
                        <EndDate>1926-01-01</EndDate>
                    </Content>
                </ArchiveUnit>
            </ArchiveUnit>
        </DescriptiveMetadata>



        <ManagementMetadata>
            <OriginatingAgencyIdentifier>FRAN_NP_009913</OriginatingAgencyIdentifier>
        </ManagementMetadata>
    </DataObjectPackage>
    <ArchivalAgency>
        <Identifier>Identifier4</Identifier>
    </ArchivalAgency>
    <TransferringAgency>
        <Identifier>Identifier5</Identifier>
    </TransferringAgency>
</ArchiveTransfer>
