<?xml version='1.0' encoding='UTF-8'?>
<ArchiveTransfer xmlns:xsi="http://www.w3.org/2001/XMLSchema-instance"
 xsi:schemaLocation="fr:gouv:culture:archivesdefrance:seda:v2.1 file:/Z:/espacePOBA/SEDA/seda-2.1_Draft_0.6/sch%C3%A9mas/seda-2.1-main.xsd"
 xmlns="fr:gouv:culture:archivesdefrance:seda:v2.1" xmlns:xlink="http://www.w3.org/1999/xlink"
 xmlns:pr="info:lc/xmlns/premis-v2" xml:id="ID1">
    <Comment>Test élimination - Services Financiers</Comment>
    <Date>2018-10-02T15:19:24</Date>
    <MessageIdentifier>Test permettant de tester la phase 1 de l'élimination (3)</MessageIdentifier>
    <ArchivalAgreement>ArchivalAgreement0</ArchivalAgreement>
    <CodeListVersions>
        <ReplyCodeListVersion>ReplyCodeListVersion0</ReplyCodeListVersion>
        <MessageDigestAlgorithmCodeListVersion>MessageDigestAlgorithmCodeListVersion0</MessageDigestAlgorithmCodeListVersion>
        <MimeTypeCodeListVersion>MimeTypeCodeListVersion0</MimeTypeCodeListVersion>
        <EncodingCodeListVersion>EncodingCodeListVersion0</EncodingCodeListVersion>
        <FileFormatCodeListVersion>FileFormatCodeListVersion0</FileFormatCodeListVersion>
        <CompressionAlgorithmCodeListVersion>CompressionAlgorithmCodeListVersion0</CompressionAlgorithmCodeListVersion>
        <DataObjectVersionCodeListVersion>DataObjectVersionCodeListVersion0</DataObjectVersionCodeListVersion>
        <StorageRuleCodeListVersion>StorageRuleCodeListVersion0</StorageRuleCodeListVersion>
        <AppraisalRuleCodeListVersion>AppraisalRuleCodeListVersion0</AppraisalRuleCodeListVersion>
        <AccessRuleCodeListVersion>AccessRuleCodeListVersion0</AccessRuleCodeListVersion>
        <DisseminationRuleCodeListVersion>DisseminationRuleCodeListVersion0</DisseminationRuleCodeListVersion>
        <ReuseRuleCodeListVersion>ReuseRuleCodeListVersion0</ReuseRuleCodeListVersion>
        <ClassificationRuleCodeListVersion>ClassificationRuleCodeListVersion0</ClassificationRuleCodeListVersion>
        <AuthorizationReasonCodeListVersion>AuthorizationReasonCodeListVersion0</AuthorizationReasonCodeListVersion>
        <RelationshipCodeListVersion>RelationshipCodeListVersion0</RelationshipCodeListVersion>
    </CodeListVersions>
    <DataObjectPackage xml:id="ID2">
        <DataObjectGroup id="ID10">
            <BinaryDataObject id="ID11">
                <DataObjectVersion>BinaryMaster</DataObjectVersion>
                <Uri>Content/ID11.odt</Uri>
                <MessageDigest algorithm="SHA-512"
                    >9fe79f5153bd0b6996a23de06544d2af966dcc9e39cc46b49ae05bf6429bb88ff8d34b9bd0e6fd23a1b0681136a9767976b6fb65cea41393e54a167e0752d620</MessageDigest>
                <Size>646959</Size>
                <FormatIdentification>
                    <FormatLitteral>OpenDocument Text</FormatLitteral>
                    <MimeType>application/vnd.oasis.opendocument.text</MimeType>
                    <FormatId>fmt/291</FormatId>
                </FormatIdentification>
                <FileInfo>
                    <Filename>20180911_Vitam_Regles de gestion_V4.1.odt</Filename>
                    <LastModified>2018-07-30T18:17:31.472+02:00</LastModified>
                </FileInfo>
            </BinaryDataObject>
        </DataObjectGroup>
        <DescriptiveMetadata>
            <ArchiveUnit id="ID355">
                <Management>
                    <UpdateOperation>
                        <ArchiveUnitIdentifierKey>
                            <MetadataName>Title</MetadataName>
                            <MetadataValue>Besoin des Forces(élimination)</MetadataValue>
                        </ArchiveUnitIdentifierKey>
                    </UpdateOperation>
                </Management>
                <Content>
                    <DescriptionLevel>RecordGrp</DescriptionLevel>
                    <Title>Besoin des Forces(élimination)</Title>
                </Content>
                <ArchiveUnit id="ID20">
                    <ArchiveUnitRefId>ID6</ArchiveUnitRefId>
                </ArchiveUnit>
            </ArchiveUnit>
            <ArchiveUnit id="ID55">
                <Management>
                    <UpdateOperation>
                        <ArchiveUnitIdentifierKey>
                            <MetadataName>Title</MetadataName>
                            <MetadataValue>Marché numéro 3 (élimination)</MetadataValue>
                        </ArchiveUnitIdentifierKey>
                    </UpdateOperation>
                </Management>
                <Content>
                    <DescriptionLevel>RecordGrp</DescriptionLevel>
                    <Title>Marché numéro 3 (élimination)</Title>
                </Content>
                <ArchiveUnit id="ID33">
                    <ArchiveUnitRefId>ID8</ArchiveUnitRefId>
                </ArchiveUnit>
            </ArchiveUnit>
            <ArchiveUnit id="ID3">
                <Content>
                    <DescriptionLevel>RecordGrp</DescriptionLevel>
                    <Title>Services Financiers (élimination)</Title>
                    <Description>Les services financiers représentent l'ensemble des produits liés aux moyens de paiement ou à la gestion de l'argent proposés par une banque de détail, une financière spécialisée, un assureur, une société d'investissement ou de placement et autres intermédiaires financiers.</Description>
                    <StartDate>2018-07-30T18:17:31</StartDate>
                    <EndDate>2018-07-30T18:17:31</EndDate>
                </Content>
                <ArchiveUnit id="ID5">
                    <ArchiveUnitRefId>ID4</ArchiveUnitRefId>
                </ArchiveUnit>
            </ArchiveUnit>
            <ArchiveUnit id="ID4">
                <Management>
                    <AppraisalRule>
                        <Rule>APP-00002</Rule>
                        <StartDate>2009-10-13</StartDate>
                        <FinalAction>Destroy</FinalAction>
                    </AppraisalRule>
                </Management>
                <Content>
                    <DescriptionLevel>RecordGrp</DescriptionLevel>
                    <Title>Gestion du matériel (élimination)</Title>
                    <Description>La gestion du matériel peut être confiée à un cadre supérieur en poste à l'administration centrale du ministère et qui relève directement du sous-ministre en ce qui touche : ▪ la réalisation des objectifs de la politique du Conseil du Trésor sur la gestion du matériel et le Guide d'administration financière; ▪ l'orientation du service de gestion du matériel et des gestionnaires de centres de responsabilité en ce qui a trait aux politiques pertinentes; ▪ l'évaluation du rendement du service de gestion du matériel et des centres de responsabilité dans le domaine de la gestion du matériel.</Description>
                    <StartDate>2018-07-30T18:17:31</StartDate>
                    <EndDate>2018-07-30T18:17:31</EndDate>
                </Content>
                <ArchiveUnit id="ID7">
                    <ArchiveUnitRefId>ID6</ArchiveUnitRefId>
                </ArchiveUnit>
            </ArchiveUnit>
            <ArchiveUnit id="ID6">
                <Management>
                    <AppraisalRule>
                        <Rule>APP-00002</Rule>
                        <StartDate>2009-09-15</StartDate>
                        <FinalAction>Destroy</FinalAction>
                    </AppraisalRule>
                </Management>
                <Content>
                    <DescriptionLevel>RecordGrp</DescriptionLevel>
                    <Title>Acquisition du matériel (élimination)</Title>
                    <Description> Action d'acquérir, d'acheter, c'est-à-dire d'obtenir un bien, de devenir propriétaire de quelque chose contre le versement d'une somme d'argent.</Description>
                    <StartDate>2018-07-30T18:17:31</StartDate>
                    <EndDate>2018-07-30T18:17:31</EndDate>
                </Content>
                <ArchiveUnit id="ID9">
                    <ArchiveUnitRefId>ID8</ArchiveUnitRefId>
                </ArchiveUnit>
            </ArchiveUnit>
            <ArchiveUnit id="ID8">
                <Management>
                    <AppraisalRule>
                        <Rule>APP-00002</Rule>
                        <StartDate>2009-02-13</StartDate>
                        <FinalAction>Destroy</FinalAction>
                    </AppraisalRule>
                </Management>
                <Content>
                    <DescriptionLevel>RecordGrp</DescriptionLevel>
                    <Title>Factures (élimination)</Title>
                    <Description>Une facture est un document de comptabilité générale qui prouve un achat ou une vente. Une facture atteste de la créance d’un créancier envers un débiteur, autrement dit de la dette d’un client envers un fournisseur.</Description>
                    <StartDate>2018-07-30T18:17:31</StartDate>
                    <EndDate>2018-07-30T18:17:31</EndDate>
                </Content>
                <ArchiveUnit id="ID13">
                    <ArchiveUnitRefId>ID12</ArchiveUnitRefId>
                </ArchiveUnit>
            </ArchiveUnit>
            <ArchiveUnit id="ID12">
                <Content>
                    <DescriptionLevel>Item</DescriptionLevel>
                    <Title>Facture de l'exercice 2009 (élimination)</Title>
                    <Description>Ensemble des factures fournisseurs de l'année 2009 (élimination)</Description>
                    <TransactedDate>2018-07-30T18:17:31</TransactedDate>
                </Content>
                <DataObjectReference>
                    <DataObjectGroupReferenceId>ID10</DataObjectGroupReferenceId>
                </DataObjectReference>
            </ArchiveUnit>
        </DescriptiveMetadata>
        <ManagementMetadata>
            <AcquisitionInformation>Acquisition Information</AcquisitionInformation>
            <LegalStatus>Public Archive</LegalStatus>
            <OriginatingAgencyIdentifier>FRAN_NP_050634_elim</OriginatingAgencyIdentifier>
            <SubmissionAgencyIdentifier>FRAN_NP_050635_elim</SubmissionAgencyIdentifier>
        </ManagementMetadata>
    </DataObjectPackage>
    <ArchivalAgency>
        <Identifier>Identifier4</Identifier>
    </ArchivalAgency>
    <TransferringAgency>
        <Identifier>Identifier5</Identifier>
    </TransferringAgency>
</ArchiveTransfer>
