<?xml version='1.0' encoding='UTF-8'?><ArchiveTransfer xmlns:xlink="http://www.w3.org/1999/xlink" xmlns:pr="info:lc/xmlns/premis-v2" xmlns="fr:gouv:culture:archivesdefrance:seda:v2.1" xmlns:xsi="http://www.w3.org/2001/XMLSchema-instance" xsi:schemaLocation="fr:gouv:culture:archivesdefrance:seda:v2.1 seda-2.1-main.xsd" xml:id="ID1"><Comment>2eme SIP</Comment><Date>2017-03-27T08:19:17</Date><MessageIdentifier>MessageIdentifier0</MessageIdentifier><ArchivalAgreement>ArchivalAgreement0</ArchivalAgreement><CodeListVersions><ReplyCodeListVersion>ReplyCodeListVersion0</ReplyCodeListVersion><MessageDigestAlgorithmCodeListVersion>MessageDigestAlgorithmCodeListVersion0</MessageDigestAlgorithmCodeListVersion><MimeTypeCodeListVersion>MimeTypeCodeListVersion0</MimeTypeCodeListVersion><EncodingCodeListVersion>EncodingCodeListVersion0</EncodingCodeListVersion><FileFormatCodeListVersion>FileFormatCodeListVersion0</FileFormatCodeListVersion><CompressionAlgorithmCodeListVersion>CompressionAlgorithmCodeListVersion0</CompressionAlgorithmCodeListVersion><DataObjectVersionCodeListVersion>DataObjectVersionCodeListVersion0</DataObjectVersionCodeListVersion><StorageRuleCodeListVersion>StorageRuleCodeListVersion0</StorageRuleCodeListVersion><AppraisalRuleCodeListVersion>AppraisalRuleCodeListVersion0</AppraisalRuleCodeListVersion><AccessRuleCodeListVersion>AccessRuleCodeListVersion0</AccessRuleCodeListVersion><DisseminationRuleCodeListVersion>DisseminationRuleCodeListVersion0</DisseminationRuleCodeListVersion><ReuseRuleCodeListVersion>ReuseRuleCodeListVersion0</ReuseRuleCodeListVersion><ClassificationRuleCodeListVersion>ClassificationRuleCodeListVersion0</ClassificationRuleCodeListVersion><AuthorizationReasonCodeListVersion>AuthorizationReasonCodeListVersion0</AuthorizationReasonCodeListVersion><RelationshipCodeListVersion>RelationshipCodeListVersion0</RelationshipCodeListVersion></CodeListVersions><DataObjectPackage xml:id="ID2"><DescriptiveMetadata><ArchiveUnit id="ID3"><Content><DescriptionLevel>RecordGrp</DescriptionLevel><Title>testPlan</Title><Description>/home/pipav/Bureau/testPlan</Description><StartDate>2017-03-27T08:19:17</StartDate><EndDate>2017-03-27T08:19:17</EndDate></Content><ArchiveUnit id="ID5"><ArchiveUnitRefId>ID4</ArchiveUnitRefId></ArchiveUnit><ArchiveUnit id="ID9"><ArchiveUnitRefId>ID8</ArchiveUnitRefId></ArchiveUnit></ArchiveUnit><ArchiveUnit id="ID4"><Content><DescriptionLevel>RecordGrp</DescriptionLevel><Title>testPlan3</Title><Description>/home/pipav/Bureau/testPlan/testPlan3</Description><StartDate>2017-03-27T08:19:17</StartDate><EndDate>2017-03-27T08:19:17</EndDate></Content><ArchiveUnit id="ID7"><ArchiveUnitRefId>ID6</ArchiveUnitRefId></ArchiveUnit></ArchiveUnit><ArchiveUnit id="ID6"><Management>
                    <StorageRule>
                        <Rule id="ID017">STO-00001</Rule>
                        <FinalAction>RestrictAccess</FinalAction>
                    </StorageRule>
                    <AppraisalRule>
                        <Rule id="ID018">APP-00001</Rule>
                        <FinalAction>Keep</FinalAction>
                    </AppraisalRule>
                    <AccessRule>
                        <Rule id="ID019">ACC-00001</Rule>
                    </AccessRule>
                    <DisseminationRule>
                        <Rule id="ID020">DIS-00001</Rule>
                    </DisseminationRule>
                    <ReuseRule>
                        <Rule id="ID022">REU-00001</Rule>
                    </ReuseRule>
                    <ClassificationRule>
                        <Rule id="ID024">CLASS-00001</Rule>
                        <ClassificationLevel>ClassificationLevel0</ClassificationLevel>
                        <ClassificationOwner>ClassificationOwner0</ClassificationOwner>
                    </ClassificationRule>
                    <NeedAuthorization>false</NeedAuthorization>
                </Management><Content><DescriptionLevel>RecordGrp</DescriptionLevel><Title>testPlan4</Title><Description>/home/pipav/Bureau/testPlan/testPlan3/testPlan4</Description><StartDate>2017-03-27T08:19:17</StartDate><EndDate>2017-03-27T08:19:17</EndDate></Content></ArchiveUnit><ArchiveUnit id="ID8"><Content><DescriptionLevel>RecordGrp</DescriptionLevel><Title>testPlan2</Title><Description>/home/pipav/Bureau/testPlan/testPlan2</Description><StartDate>2017-03-27T08:19:17</StartDate><EndDate>2017-03-27T08:19:17</EndDate></Content><ArchiveUnit id="ID11"><ArchiveUnitRefId>ID10</ArchiveUnitRefId></ArchiveUnit><ArchiveUnit id="ID13"><ArchiveUnitRefId>ID12</ArchiveUnitRefId></ArchiveUnit></ArchiveUnit><ArchiveUnit id="ID10"><Content><DescriptionLevel>RecordGrp</DescriptionLevel><Title>testPlan5</Title><Description>/home/pipav/Bureau/testPlan/testPlan2/testPlan5</Description><StartDate>2017-03-27T08:19:17</StartDate><EndDate>2017-03-27T08:19:17</EndDate></Content></ArchiveUnit><ArchiveUnit id="ID12"><Content><DescriptionLevel>RecordGrp</DescriptionLevel><Title>testPlan6</Title><Description>/home/pipav/Bureau/testPlan/testPlan2/testPlan6</Description><StartDate>2017-03-27T08:19:17</StartDate><EndDate>2017-03-27T08:19:17</EndDate></Content></ArchiveUnit></DescriptiveMetadata><ManagementMetadata><OriginatingAgencyIdentifier>Service_producteur</OriginatingAgencyIdentifier><SubmissionAgencyIdentifier>Service_versant</SubmissionAgencyIdentifier></ManagementMetadata></DataObjectPackage><ArchivalAgency><Identifier>Identifier4</Identifier></ArchivalAgency><TransferringAgency><Identifier>Identifier5</Identifier></TransferringAgency></ArchiveTransfer>
