<?xml version="1.0" encoding="UTF-8"?>
<ArchiveTransfer xmlns:xlink="http://www.w3.org/1999/xlink"
 xmlns:pr="info:lc/xmlns/premis-v2"
 xmlns="fr:gouv:culture:archivesdefrance:seda:v2.0"
 xmlns:xsi="http://www.w3.org/2001/XMLSchema-instance"
 xsi:schemaLocation="fr:gouv:culture:archivesdefrance:seda:v2.0 file:/C:/Users/mehdi.afnai/Documents/SEDA_Vitam/seda-2.0-main.xsd">
    <Date>2016-07-07T18:13:51.0</Date>
    <MessageIdentifier>ArchiveUnit avec une unit se référencant à elle-même</MessageIdentifier>
    <Signature>
    </Signature>
    <ArchivalAgreement>ArchivalAgreement0</ArchivalAgreement>
    <CodeListVersions>
        <ReplyCodeListVersion>ReplyCodeListVersion0</ReplyCodeListVersion>
        <MessageDigestAlgorithmCodeListVersion>MessageDigestAlgorithmCodeListVersion0</MessageDigestAlgorithmCodeListVersion>
        <MimeTypeCodeListVersion>MimeTypeCodeListVersion0</MimeTypeCodeListVersion>
        <EncodingCodeListVersion>EncodingCodeListVersion0</EncodingCodeListVersion>
        <FileFormatCodeListVersion>FileFormatCodeListVersion0</FileFormatCodeListVersion>
        <CompressionAlgorithmCodeListVersion>CompressionAlgorithmCodeListVersion0</CompressionAlgorithmCodeListVersion>
        <DataObjectVersionCodeListVersion>DataObjectVersionCodeListVersion0</DataObjectVersionCodeListVersion>
        <StorageRuleCodeListVersion>StorageRuleCodeListVersion0</StorageRuleCodeListVersion>
        <AppraisalRuleCodeListVersion>AppraisalRuleCodeListVersion0</AppraisalRuleCodeListVersion>
        <AccessRuleCodeListVersion>AccessRuleCodeListVersion0</AccessRuleCodeListVersion>
        <DisseminationRuleCodeListVersion>DisseminationRuleCodeListVersion0</DisseminationRuleCodeListVersion>
        <ReuseRuleCodeListVersion>ReuseRuleCodeListVersion0</ReuseRuleCodeListVersion>
        <ClassificationRuleCodeListVersion>ClassificationRuleCodeListVersion0</ClassificationRuleCodeListVersion>
        <AuthorizationReasonCodeListVersion>AuthorizationReasonCodeListVersion0</AuthorizationReasonCodeListVersion>
        <RelationshipCodeListVersion>RelationshipCodeListVersion0</RelationshipCodeListVersion>
    </CodeListVersions>
    <DataObjectPackage>
        <BinaryDataObject id="ID032">
           <DataObjectGroupId>ID034</DataObjectGroupId>
            <DataObjectVersion>DataObjectVersion0</DataObjectVersion>
            <Uri>content/e3e02a356a2e903a03c6b8b6c7a36e6ad4b50d29c6a5360c79a60719812c54cd5433caa227de9856ee80d95ff9f84f416090a62ee52f681e0a29b9b07d75d51a.pdf</Uri>
            <MessageDigest algorithm="SHA-512">e3e02a356a2e903a03c6b8b6c7a36e6ad4b50d29c6a5360c79a60719812c54cd5433caa227de9856ee80d95ff9f84f416090a62ee52f681e0a29b9b07d75d51a</MessageDigest>
            <Size>226224</Size>
            <Compressed algorithm="algorithm3" uncompressedSize="50">false</Compressed>
            <FormatIdentification>
                <FormatLitteral>FormatLitteral0</FormatLitteral>
                <MimeType>MimeType0</MimeType>
                <FormatId>FormatId0</FormatId>
                <Encoding>Encoding0</Encoding>
            </FormatIdentification>
            <FileInfo>
                <Filename>Normes AFNOR.pdf</Filename>
                <CreatingApplicationName>CreatingApplicationName0</CreatingApplicationName>
                <CreatingApplicationVersion>CreatingApplicationVersion0</CreatingApplicationVersion>
                <DateCreatedByApplication>2006-05-04T18:13:51.0</DateCreatedByApplication>
                <CreatingOs>CreatingOs0</CreatingOs>
                <CreatingOsVersion>CreatingOsVersion0</CreatingOsVersion>
                <LastModified>2006-05-04T18:13:51.0</LastModified>
            </FileInfo>
            <Metadata>
                <Text>
                </Text>
<!--                <Document>
                </Document>-->
<!--                <Image>
                </Image>-->
<!--                <Audio>
                </Audio>-->
<!--                <Video>
                </Video>-->
<!---->
            </Metadata>
            <OtherMetadata>
            </OtherMetadata>
        </BinaryDataObject>
<!--        <PhysicalDataObject id="ID024">
            <Relationship target="ID007" type="type3"/>
            <DataObjectGroupReferenceId>ID024</DataObjectGroupReferenceId>
            <DataObjectVersion>DataObjectVersion1</DataObjectVersion>
            <PhysicalId>PhysicalId0</PhysicalId>
            <PhysicalDimensions>
                <Width unit="micrometre">0</Width>
                <Height unit="micrometre">0</Height>
                <Depth unit="micrometre">0</Depth>
                <Shape>Shape0</Shape>
                <Diameter unit="micrometre">0</Diameter>
                <Length unit="micrometre">0</Length>
                <Thickness unit="micrometre">0</Thickness>
                <Weight unit="microgram">0</Weight>
                <NumberOfPage>0</NumberOfPage>
            </PhysicalDimensions>
        </PhysicalDataObject>-->
        <DescriptiveMetadata>
            <ArchiveUnit id="ID030">
               <ArchiveUnitProfile>ArchiveUnitProfile0</ArchiveUnitProfile>
                <Management>
                    <StorageRule>
                        <Rule>Rule0</Rule>
                        <FinalAction>RestrictAccess</FinalAction>
                    </StorageRule>
                    <AppraisalRule>
                        <Rule>Rule1</Rule>
                        <FinalAction>Keep</FinalAction>
                    </AppraisalRule>
                    <AccessRule>
                        <Rule>Rule2</Rule>
                    </AccessRule>
                    <DisseminationRule>
                        <Rule>Rule3</Rule>
                    </DisseminationRule>
                    <ReuseRule>
                        <Rule>Rule4</Rule>
                    </ReuseRule>
                    <ClassificationRule>
                        <Rule>Rule5</Rule>
                        <ClassificationLevel>ClassificationLevel0</ClassificationLevel>
                        <ClassificationOwner>ClassificationOwner0</ClassificationOwner>
                    </ClassificationRule>
                    <NeedAuthorization>false</NeedAuthorization>
                </Management>
                <Content>
                    <DescriptionLevel>Fonds</DescriptionLevel>
                    <Title>Niveau1</Title>
                    <FilePlanPosition>FilePlanPosition0</FilePlanPosition>
                    <SystemId>SystemId0</SystemId>
                    <OriginatingSystemId>OriginatingSystemId0</OriginatingSystemId>
                    <ArchivalAgencyArchiveUnitIdentifier>ArchivalAgencyArchiveUnitIdentifier0</ArchivalAgencyArchiveUnitIdentifier>
                    <OriginatingAgencyArchiveUnitIdentifier>OriginatingAgencyArchiveUnitIdentifier0</OriginatingAgencyArchiveUnitIdentifier>
                    <TransferringAgencyArchiveUnitIdentifier>TransferringAgencyArchiveUnitIdentifier0</TransferringAgencyArchiveUnitIdentifier>
                    <Description>Description0</Description>
                    <CustodialHistory>
                        <CustodialHistoryItem>CustodialHistoryItem0</CustodialHistoryItem>
                    </CustodialHistory>
                    <Type>Type0</Type>
                    <DocumentType>DocumentType0</DocumentType>
                    <Language>en-US</Language>
                    <DescriptionLanguage>en-US</DescriptionLanguage>
                    <Status>Status0</Status>
                    <Version>Version0</Version>
                    <Tag>Tag0</Tag>
                    <Keyword>
                        <KeywordContent>KeywordContent0</KeywordContent>
                    </Keyword>
                    <Coverage>
                    </Coverage>
                    <OriginatingAgency>
                        <Identifier>Identifier0</Identifier>
                    </OriginatingAgency>
                    <SubmissionAgency>
                        <Identifier>Identifier1</Identifier>
                    </SubmissionAgency>
                    <AuthorizedAgent>
                        <FirstName>FirstName0</FirstName>
                        <BirthName>BirthName0</BirthName>
                    </AuthorizedAgent>
                    <Writer>
                        <FirstName>FirstName1</FirstName>
                        <BirthName>BirthName1</BirthName>
                    </Writer>
                    <Addressee>
                        <FirstName>FirstName2</FirstName>
                        <BirthName>BirthName2</BirthName>
                    </Addressee>
                    <Recipient>
                        <FirstName>FirstName3</FirstName>
                        <BirthName>BirthName3</BirthName>
                    </Recipient>
                    <Source>Source0</Source>
                    <RelatedObjectReference>
                    </RelatedObjectReference>
                    <CreatedDate>2006-05-04</CreatedDate>
                    <TransactedDate>2006-05-04</TransactedDate>
                    <AcquiredDate>2006-05-04</AcquiredDate>
                    <SentDate>2006-05-04</SentDate>
                    <ReceivedDate>2006-05-04</ReceivedDate>
                    <RegisteredDate>2006-05-04</RegisteredDate>
                    <StartDate>2006-05-04</StartDate>
                    <EndDate>2006-05-04</EndDate>
                    <Event>
                        <EventDateTime>2006-05-04T18:13:51.0</EventDateTime>
                    </Event>
                    <Gps>
                    </Gps>
                </Content>
                <ArchiveUnit id="ID031">
                    <ArchiveUnitRefId>ID031</ArchiveUnitRefId>
                </ArchiveUnit>
                <ArchiveUnit id="ID33">
                    <Content>
                        <DescriptionLevel>Fonds</DescriptionLevel>
                        <Title>Niveau2</Title>
                    </Content>
                    <DataObjectReference>
                        <DataObjectGroupReferenceId>ID032</DataObjectGroupReferenceId>
                    </DataObjectReference>
                </ArchiveUnit>
            </ArchiveUnit>
        </DescriptiveMetadata>
        <ManagementMetadata>
            <ArchivalProfile>ArchivalProfile0</ArchivalProfile>
            <ServiceLevel>ServiceLevel0</ServiceLevel>
            <StorageRule>
                <Rule>Rule6</Rule>
                <StartDate>2006-05-04</StartDate>
                <PreventInheritance>false</PreventInheritance>
<!--                <RefNonRuleId>RefNonRuleId0</RefNonRuleId>-->
                <FinalAction>RestrictAccess</FinalAction>
            </StorageRule>
            <AppraisalRule>
                <Rule>Rule7</Rule>
                <StartDate>2006-05-04</StartDate>
                <PreventInheritance>false</PreventInheritance>
<!--                <RefNonRuleId>RefNonRuleId1</RefNonRuleId>-->
                <FinalAction>Keep</FinalAction>
            </AppraisalRule>
            <AccessRule>
                <Rule>Rule8</Rule>
                <StartDate>2006-05-04</StartDate>
                <PreventInheritance>false</PreventInheritance>
<!--                <RefNonRuleId>RefNonRuleId2</RefNonRuleId>-->
            </AccessRule>
            <DisseminationRule>
                <Rule>Rule9</Rule>
                <StartDate>2006-05-04</StartDate>
                <PreventInheritance>false</PreventInheritance>
<!--                <RefNonRuleId>RefNonRuleId3</RefNonRuleId>-->
            </DisseminationRule>
            <ReuseRule>
                <Rule>Rule10</Rule>
                <StartDate>2006-05-04</StartDate>
                <PreventInheritance>false</PreventInheritance>
<!--                <RefNonRuleId>RefNonRuleId4</RefNonRuleId>-->
            </ReuseRule>
            <ClassificationRule>
                <Rule>Rule11</Rule>
                <StartDate>2006-05-04</StartDate>
                <PreventInheritance>false</PreventInheritance>
<!--                <RefNonRuleId>RefNonRuleId5</RefNonRuleId>-->
                <ClassificationLevel>ClassificationLevel1</ClassificationLevel>
                <ClassificationOwner>ClassificationOwner1</ClassificationOwner>
                <ClassificationReassessingDate>2006-05-04</ClassificationReassessingDate>
                <NeedReassessingAuthorization>false</NeedReassessingAuthorization>
            </ClassificationRule>
            <NeedAuthorization>false</NeedAuthorization>
			<OriginatingAgencyIdentifier>FRAN_NP_005568</OriginatingAgencyIdentifier>
<SubmissionAgencyIdentifier></SubmissionAgencyIdentifier>
        </ManagementMetadata>
    </DataObjectPackage>
    <RelatedTransferReference>RelatedTransferReference0</RelatedTransferReference>
    <TransferRequestReplyIdentifier>TransferRequestReplyIdentifier0</TransferRequestReplyIdentifier>
    <ArchivalAgency>
        <Identifier>Identifier2</Identifier>
        <OrganizationDescriptiveMetadata>
        </OrganizationDescriptiveMetadata>
    </ArchivalAgency>
    <TransferringAgency>
        <Identifier>Identifier3</Identifier>
        <OrganizationDescriptiveMetadata>
        </OrganizationDescriptiveMetadata>
    </TransferringAgency>
</ArchiveTransfer>
