<?xml version="1.0" ?>
<ArchiveTransfer xmlns:xlink="http://www.w3.org/1999/xlink" xmlns:pr="info:lc/xmlns/premis-v2" xmlns="fr:gouv:culture:archivesdefrance:seda:v2.1" xmlns:xsi="http://www.w3.org/2001/XMLSchema-instance" xsi:schemaLocation="fr:gouv:culture:archivesdefrance:seda:v2.1 seda-2.1-main.xsd" xml:id="ID1">
	<Comment>Jeu de test avec arborescence complexe</Comment>
	<Date>2016-11-22T13:50:57</Date>
	<MessageIdentifier>Jeu de test avec arborescence complexe</MessageIdentifier>
	<ArchivalAgreement>ArchivalAgreement0</ArchivalAgreement>
	<CodeListVersions>
		<ReplyCodeListVersion>ReplyCodeListVersion0</ReplyCodeListVersion>
		<MessageDigestAlgorithmCodeListVersion>MessageDigestAlgorithmCodeListVersion0</MessageDigestAlgorithmCodeListVersion>
		<MimeTypeCodeListVersion>MimeTypeCodeListVersion0</MimeTypeCodeListVersion>
		<EncodingCodeListVersion>EncodingCodeListVersion0</EncodingCodeListVersion>
		<FileFormatCodeListVersion>FileFormatCodeListVersion0</FileFormatCodeListVersion>
		<CompressionAlgorithmCodeListVersion>CompressionAlgorithmCodeListVersion0</CompressionAlgorithmCodeListVersion>
		<DataObjectVersionCodeListVersion>DataObjectVersionCodeListVersion0</DataObjectVersionCodeListVersion>
		<StorageRuleCodeListVersion>StorageRuleCodeListVersion0</StorageRuleCodeListVersion>
		<AppraisalRuleCodeListVersion>AppraisalRuleCodeListVersion0</AppraisalRuleCodeListVersion>
		<AccessRuleCodeListVersion>AccessRuleCodeListVersion0</AccessRuleCodeListVersion>
		<DisseminationRuleCodeListVersion>DisseminationRuleCodeListVersion0</DisseminationRuleCodeListVersion>
		<ReuseRuleCodeListVersion>ReuseRuleCodeListVersion0</ReuseRuleCodeListVersion>
		<ClassificationRuleCodeListVersion>ClassificationRuleCodeListVersion0</ClassificationRuleCodeListVersion>
		<AuthorizationReasonCodeListVersion>AuthorizationReasonCodeListVersion0</AuthorizationReasonCodeListVersion>
		<RelationshipCodeListVersion>RelationshipCodeListVersion0</RelationshipCodeListVersion>
	</CodeListVersions>
	<DataObjectPackage xml:id="ID2">
		<BinaryDataObject id="ID7">
			<DataObjectGroupId>ID6</DataObjectGroupId>
			<DataObjectVersion>BinaryMaster</DataObjectVersion>
			<Uri>Content/ID7.ods</Uri>
			<MessageDigest algorithm="SHA-512">c117854cbca3e51ea94c4bd2bcf4a6756209e6c65ddbf696313e1801b2235ff33d44b2bb272e714c335a44a3b4f92d399056b94dff4dfe6b7038fa56f23b438e</MessageDigest>
			<Size>16532</Size>
			<FormatIdentification>
				<FormatLitteral>OpenDocument Spreadsheet</FormatLitteral>
				<MimeType>application/vnd.oasis.opendocument.spreadsheet</MimeType>
				<FormatId>fmt/295</FormatId>
			</FormatIdentification>
			<FileInfo>
				<Filename>jeux_test.ods</Filename>
				<LastModified>2016-11-21T18:28:41.510+01:00</LastModified>
			</FileInfo>
		</BinaryDataObject>
		<BinaryDataObject id="ID13">
			<DataObjectGroupId>ID12</DataObjectGroupId>
			<DataObjectVersion>BinaryMaster</DataObjectVersion>
			<Uri>Content/ID13.pdf</Uri>
			<MessageDigest algorithm="SHA-512">3e96c0b9a7c96dfca3f9dc884189ee345442abbe6e8c0b7ddb22589c7c547798f52a3101d4d7d4650722887bed30746230e547856e4eef6343958a89b4de3809</MessageDigest>
			<Size>751630</Size>
			<FormatIdentification>
				<FormatLitteral>Acrobat PDF 1.4 - Portable Document Format</FormatLitteral>
				<MimeType>application/pdf</MimeType>
				<FormatId>fmt/18</FormatId>
			</FormatIdentification>
			<FileInfo>
				<Filename>IGI1300.pdf</Filename>
				<LastModified>2016-03-17T14:33:27.187+01:00</LastModified>
			</FileInfo>
		</BinaryDataObject>
		<DescriptiveMetadata>
			<ArchiveUnit id="ID3">
				<Content>
					<DescriptionLevel>RecordGrp</DescriptionLevel>
					<Title>ID3</Title>
					<Description>Description de l'archive unit d'identifiant ID3.</Description>
					<StartDate>2016-03-17T14:33:27</StartDate>
					<EndDate>2016-11-21T18:28:41</EndDate>
				</Content>
				<ArchiveUnit id="ID5">
					<ArchiveUnitRefId>ID4</ArchiveUnitRefId>
				</ArchiveUnit>
				<ArchiveUnit id="ID11">
					<ArchiveUnitRefId>ID10</ArchiveUnitRefId>
				</ArchiveUnit>
			</ArchiveUnit>
			<ArchiveUnit id="ID4">
				<Content>
					<DescriptionLevel>RecordGrp</DescriptionLevel>
					<Title>ID4</Title>
					<Description>Description de l'archive unit d'identifiant ID4</Description>
					<StartDate>2016-11-21T18:28:41</StartDate>
					<EndDate>2016-11-21T18:28:41</EndDate>
				</Content>
				<ArchiveUnit id="ID9">
					<ArchiveUnitRefId>ID8</ArchiveUnitRefId>
				</ArchiveUnit>
			</ArchiveUnit>
			<ArchiveUnit id="ID8">
				<Content>
					<DescriptionLevel>Item</DescriptionLevel>
					<Title>ID8</Title>
					<OriginatingSystemId>OriginatingSystemId_02</OriginatingSystemId>
					<Description>Description de l'archive unit d'identifiant ID8</Description>
					<TransactedDate>2016-11-21T18:28:41</TransactedDate>
				</Content>
				<DataObjectReference>
					<DataObjectGroupReferenceId>ID6</DataObjectGroupReferenceId>
				</DataObjectReference>
			</ArchiveUnit>
			<ArchiveUnit id="ID10">
				<Content>
					<DescriptionLevel>RecordGrp</DescriptionLevel>
					<Title>ID10</Title>
					<Description>Description de l'archive unit d'identifiant ID10</Description>
					<StartDate>2016-03-17T14:33:27</StartDate>
					<EndDate>2016-11-21T18:28:41</EndDate>
				</Content>
				<ArchiveUnit id="ID15">
					<ArchiveUnitRefId>ID14</ArchiveUnitRefId>
				</ArchiveUnit>
				<ArchiveUnit id="ID19">
					<ArchiveUnitRefId>ID8</ArchiveUnitRefId>
				</ArchiveUnit>
			</ArchiveUnit>
			<ArchiveUnit id="ID14">
				<Content>
					<DescriptionLevel>Item</DescriptionLevel>
					<Title>ID14</Title>
					<Description>Description de l'archive unit d'identifiant ID14</Description>
					<TransactedDate>2016-03-17T14:33:27</TransactedDate>
				</Content>
				<DataObjectReference>
					<DataObjectGroupReferenceId>ID12</DataObjectGroupReferenceId>
				</DataObjectReference>
			</ArchiveUnit>
		</DescriptiveMetadata>
		<ManagementMetadata>
			<OriginatingAgencyIdentifier>Vitam</OriginatingAgencyIdentifier>
			<SubmissionAgencyIdentifier>Vitam</SubmissionAgencyIdentifier>
		</ManagementMetadata>
	</DataObjectPackage>
	<ArchivalAgency>
		<Identifier>Identifier4</Identifier>
	</ArchivalAgency>
	<TransferringAgency>
		<Identifier>Identifier5</Identifier>
	</TransferringAgency>
</ArchiveTransfer>
