<?xml version="1.0" encoding="UTF-8"?>




<ArchiveTransfer xmlns:xsi="http://www.w3.org/2001/XMLSchema-instance"
 xsi:schemaLocation="fr:gouv:culture:archivesdefrance:seda:v2.0 ../../Version_definitive_publiee/seda-2.0-main.xsd"
 xmlns="fr:gouv:culture:archivesdefrance:seda:v2.0">
    <Comment>Matrice cadastrale numérique.</Comment>
    <Date>2016-10-12T16:28:40</Date>
    <MessageIdentifier>20161012002</MessageIdentifier>
    <ArchivalAgreement>ArchivalAgreementWithProfil</ArchivalAgreement>
    <CodeListVersions>
        <ReplyCodeListVersion>ReplyCodeListVersion0</ReplyCodeListVersion>
        <MessageDigestAlgorithmCodeListVersion>MessageDigestAlgorithmCodeListVersion0</MessageDigestAlgorithmCodeListVersion>
        <MimeTypeCodeListVersion>MimeTypeCodeListVersion0</MimeTypeCodeListVersion>
        <EncodingCodeListVersion>EncodingCodeListVersion0</EncodingCodeListVersion>
        <FileFormatCodeListVersion>FileFormatCodeListVersion0</FileFormatCodeListVersion>
        <CompressionAlgorithmCodeListVersion>CompressionAlgorithmCodeListVersion0</CompressionAlgorithmCodeListVersion>
        <DataObjectVersionCodeListVersion>DataObjectVersionCodeListVersion0</DataObjectVersionCodeListVersion>
        <StorageRuleCodeListVersion>StorageRuleCodeListVersion0</StorageRuleCodeListVersion>
        <AppraisalRuleCodeListVersion>AppraisalRuleCodeListVersion0</AppraisalRuleCodeListVersion>
        <AccessRuleCodeListVersion>AccessRuleCodeListVersion0</AccessRuleCodeListVersion>
        <DisseminationRuleCodeListVersion>DisseminationRuleCodeListVersion0</DisseminationRuleCodeListVersion>
        <ReuseRuleCodeListVersion>ReuseRuleCodeListVersion0</ReuseRuleCodeListVersion>
        <ClassificationRuleCodeListVersion>ClassificationRuleCodeListVersion0</ClassificationRuleCodeListVersion>
        <AuthorizationReasonCodeListVersion>AuthorizationReasonCodeListVersion0</AuthorizationReasonCodeListVersion>
        <RelationshipCodeListVersion>RelationshipCodeListVersion0</RelationshipCodeListVersion>
    </CodeListVersions>
    
    <DataObjectPackage>
        <BinaryDataObject id="ID1">
            <DataObjectGroupId>ID51</DataObjectGroupId>
            <DataObjectVersion>BinaryMaster</DataObjectVersion>
            <Uri>Content/cad_2005_010_BATI.pdf</Uri>
            <MessageDigest algorithm="SHA-512"
                >942bb63cc16bf5ca3ba7fabf40ce9be19c3185a36cd87ad17c63d6fad1aa29d4312d73f2d6a1ba1266c3a71fc4119dd476d2d776cf2ad2acd7a9a3dfa1f80dc7</MessageDigest>
            <Size>29403</Size>
            <FormatIdentification>
                <FormatLitteral>Acrobat PDF 1.4 - Portable Document Format</FormatLitteral>
                <MimeType>application/pdf</MimeType>
                <FormatId>fmt/18</FormatId>
            </FormatIdentification>
            <FileInfo>
                <Filename>cad_2005_010_BATI.pdf</Filename>
                <CreatingApplicationName>Majic 3</CreatingApplicationName>
            </FileInfo>
        </BinaryDataObject>
        <BinaryDataObject id="ID2">
            <DataObjectGroupId>ID52</DataObjectGroupId>
            <DataObjectVersion>BinaryMaster</DataObjectVersion>
            <Uri>Content/documentation_prop_batie.pdf</Uri>
            <MessageDigest algorithm="SHA-512"
                >942bb63cc16bf5ca3ba7fabf40ce9be19c3185a36cd87ad17c63d6fad1aa29d4312d73f2d6a1ba1266c3a71fc4119dd476d2d776cf2ad2acd7a9a3dfa1f80dc7</MessageDigest>
            <Size>29403</Size>
            <FormatIdentification>
                <FormatLitteral>Acrobat PDF 1.4 - Portable Document Format</FormatLitteral>
                <MimeType>application/pdf</MimeType>
                <FormatId>fmt/18</FormatId>
            </FormatIdentification>
            <FileInfo>
                <Filename>documentation_prop_batie.pdf</Filename>
            </FileInfo>
        </BinaryDataObject>
        
        <DescriptiveMetadata>
            <ArchiveUnit id="ID01"><!-- 1.1 -->
                <Content>
                    <DescriptionLevel>RecordGrp</DescriptionLevel>
                    <Title>Versement</Title>
                    <Description>Matrice cadastrale des communes du département.</Description>
                    <!--<CustodialHistory>
                        <CustodialHistoryItem>Les données ont été récupérées par le SIAF à la DGFIP en 2010, retravaillées et documentées par le SIAF pour versement aux Archives départementales avec les applications de conversion et de visualisation.</CustodialHistoryItem>
                    </CustodialHistory>
                    <Keyword>
                        <KeywordContent>matrice cadastrale</KeywordContent>
                        <KeywordType>subject</KeywordType>
                    </Keyword>
                    -->
                    <OriginatingAgency>
                        <Identifier>DGFIP</Identifier>
                    </OriginatingAgency>
                    
                    <!-- ObjectGroupExtenstionAbstract 
                    <ObjectGroupExtenstionAbstract>
                        <Otherfindaid>
                            <p>Matrices cadastrales napoléoniennes et rénovées, liste dactylographiée des documents classés par commune et par date.</p>
                        </Otherfindaid>
                    </ObjectGroupExtenstionAbstract> --> <!--fin de ObjectGroupExtenstionAbstract -->
          
                </Content>
                <ArchiveUnit id="ID02"><!-- 1.1.1 -->
                    <Content>
                        <DescriptionLevel>Series</DescriptionLevel>
                        <Title>Fichiers sources</Title>
                        <Description>La matrice cadastrale numérique est composée de six fichiers encodés en ASCII : - BAT : contient les informations sur les propriétés bâties - PROP : contient les informations sur les propriétaires - NBAT : contient les informations sur les propriétés non-bâties - FANTOIR : contient l'annuaire topographique initialisé réduit - LLL : contient les informations sur les lots/locaux. - PDL : contient les informations sur les parties d'évaluation. Chaque fichier est accompagné d'un fichier de documentation au format odt. Enfin, la matrice cadastrale changeant de structure chaque année, un fichier au format liste les modifications de la structuration.</Description>
                    </Content>
                    
                    <ArchiveUnit id="ID03"><!-- 1.1.1.1 -->
                        <Content>
                            <DescriptionLevel>File</DescriptionLevel>
                            <Title>Propriétés bâties</Title>
                        </Content>
                        <ArchiveUnit id="ID04"><!-- 1.1.1.1.1 : AU faisant reference a un objet -->
                            <Content>
                                <DescriptionLevel>Item</DescriptionLevel>
                                <Title>Fichier ASCII des propriétés bâties</Title>
                                <Description>Référence l'ensemble des propriétés bâties du département.</Description>
                                <!--<Description>Nota : L'American Standard Code for Information Interchange (Code américain normalisé pour l'échange d'information), plus connu sous l'acronyme ASCII ([askiː]), est une norme informatique de codage de caractères apparue dans les années 1960.</Description>
                            --></Content>
                            <DataObjectReference>
                                <!--<DataObjectReferenceId>ID1</DataObjectReferenceId>-->
                                <DataObjectGroupReferenceId>ID51</DataObjectGroupReferenceId>
                            </DataObjectReference>
                        </ArchiveUnit>
                        <ArchiveUnit id="ID05"><!-- 1.1.1.1.2 : AU faisant reference a un objet -->
                            <Content>
                                <DescriptionLevel>Item</DescriptionLevel>
                                <Title>Fichier ASCII des propriétés bâties</Title>
                                <Description>Documentation</Description>
                            </Content>
                            <DataObjectReference>
                                <DataObjectGroupReferenceId>ID52</DataObjectGroupReferenceId>
                                <!--<DataObjectReferenceId>ID2</DataObjectReferenceId>-->
                            </DataObjectReference>
                        </ArchiveUnit>
                    </ArchiveUnit>
                </ArchiveUnit>
            </ArchiveUnit>
        </DescriptiveMetadata>
        
        <ManagementMetadata>
            <ArchivalProfile>PROFIL_TNR_RNG</ArchivalProfile>
	    <AppraisalRule>
                <Rule>APP-00001</Rule>
                <StartDate>2005-12-31</StartDate>
                <FinalAction>Keep</FinalAction>
            </AppraisalRule>
            <OriginatingAgencyIdentifier>DGFIP</OriginatingAgencyIdentifier>
        </ManagementMetadata>
    </DataObjectPackage>
    
    <ArchivalAgency>
        <Identifier>FRAD01</Identifier>
    </ArchivalAgency>
    <TransferringAgency>
        <Identifier>DGFIP</Identifier>
    </TransferringAgency>
    
</ArchiveTransfer>
