<?xml version='1.0' encoding='UTF-8'?><ArchiveTransfer xmlns:xlink="http://www.w3.org/1999/xlink" xmlns:pr="info:lc/xmlns/premis-v2" xmlns="fr:gouv:culture:archivesdefrance:seda:v2.1" xmlns:xsi="http://www.w3.org/2001/XMLSchema-instance" xsi:schemaLocation="fr:gouv:culture:archivesdefrance:seda:v2.1 seda-2.1-main.xsd" xml:id="ID1"><Comment>2eme SIP</Comment><Date>2017-12-21T14:50:19</Date><MessageIdentifier>MessageIdentifier0</MessageIdentifier><ArchivalAgreement>ArchivalAgreement0</ArchivalAgreement><CodeListVersions><ReplyCodeListVersion>ReplyCodeListVersion0</ReplyCodeListVersion><MessageDigestAlgorithmCodeListVersion>MessageDigestAlgorithmCodeListVersion0</MessageDigestAlgorithmCodeListVersion><MimeTypeCodeListVersion>MimeTypeCodeListVersion0</MimeTypeCodeListVersion><EncodingCodeListVersion>EncodingCodeListVersion0</EncodingCodeListVersion><FileFormatCodeListVersion>FileFormatCodeListVersion0</FileFormatCodeListVersion><CompressionAlgorithmCodeListVersion>CompressionAlgorithmCodeListVersion0</CompressionAlgorithmCodeListVersion><DataObjectVersionCodeListVersion>DataObjectVersionCodeListVersion0</DataObjectVersionCodeListVersion><StorageRuleCodeListVersion>StorageRuleCodeListVersion0</StorageRuleCodeListVersion><AppraisalRuleCodeListVersion>AppraisalRuleCodeListVersion0</AppraisalRuleCodeListVersion><AccessRuleCodeListVersion>AccessRuleCodeListVersion0</AccessRuleCodeListVersion><DisseminationRuleCodeListVersion>DisseminationRuleCodeListVersion0</DisseminationRuleCodeListVersion><ReuseRuleCodeListVersion>ReuseRuleCodeListVersion0</ReuseRuleCodeListVersion><ClassificationRuleCodeListVersion>ClassificationRuleCodeListVersion0</ClassificationRuleCodeListVersion><AuthorizationReasonCodeListVersion>AuthorizationReasonCodeListVersion0</AuthorizationReasonCodeListVersion><RelationshipCodeListVersion>RelationshipCodeListVersion0</RelationshipCodeListVersion></CodeListVersions><DataObjectPackage xml:id="ID2"><BinaryDataObject id="ID6"><DataObjectGroupId>ID5</DataObjectGroupId><DataObjectVersion>BinaryMaster</DataObjectVersion><Uri>Content/ID6.seda</Uri><MessageDigest algorithm="SHA-512">46126752c92661048f734a9df8ddbcbab717e60400a3da9ea81c49d6018deb0587b841ac9f767701cb1b4b67818bb6c8344af13592f2b8b71ca7d7abf03ba992</MessageDigest><Size>1498</Size><FormatIdentification><FormatLitteral>Plain Text File</FormatLitteral><MimeType>text/plain</MimeType><FormatId>x-fmt/111</FormatId></FormatIdentification><FileInfo><Filename>dossier</Filename><LastModified>2017-12-21T13:58:32.000+01:00</LastModified></FileInfo></BinaryDataObject><DescriptiveMetadata><ArchiveUnit id="ID4"><Management><UpdateOperation><ArchiveUnitIdentifierKey><MetadataName>_REPLACE_ME_NAME_</MetadataName><MetadataValue>_REPLACE_ME_VALUE_</MetadataValue></ArchiveUnitIdentifierKey></UpdateOperation></Management><Content><DescriptionLevel>RecordGrp</DescriptionLevel><Title>Sénat</Title></Content><ArchiveUnit id="ID9"><ArchiveUnitRefId>ID3</ArchiveUnitRefId></ArchiveUnit></ArchiveUnit><ArchiveUnit id="ID3"><Content><DescriptionLevel>RecordGrp</DescriptionLevel><Title>dossier</Title><Description>/tmp/dossier</Description><StartDate>2017-12-21T13:58:32</StartDate><EndDate>2017-12-21T13:58:32</EndDate></Content><ArchiveUnit id="ID8"><ArchiveUnitRefId>ID7</ArchiveUnitRefId></ArchiveUnit></ArchiveUnit><ArchiveUnit id="ID7"><Content><DescriptionLevel>Item</DescriptionLevel><Title>dossier</Title><Description>Pseudo Archive Unit du fichier :/tmp/dossier/dossier</Description><TransactedDate>2017-12-21T13:58:32</TransactedDate></Content><DataObjectReference><DataObjectGroupReferenceId>ID5</DataObjectGroupReferenceId></DataObjectReference></ArchiveUnit></DescriptiveMetadata><ManagementMetadata><OriginatingAgencyIdentifier>Service_producteur</OriginatingAgencyIdentifier><SubmissionAgencyIdentifier>Service_versant</SubmissionAgencyIdentifier></ManagementMetadata></DataObjectPackage><ArchivalAgency><Identifier>Identifier4</Identifier></ArchivalAgency><TransferringAgency><Identifier>Identifier5</Identifier></TransferringAgency></ArchiveTransfer>
