<?xml version="1.0" ?><ArchiveTransfer xmlns:xlink="http://www.w3.org/1999/xlink" xmlns:pr="info:lc/xmlns/premis-v2" xmlns="fr:gouv:culture:archivesdefrance:seda:v2.0" xmlns:xsi="http://www.w3.org/2001/XMLSchema-instance" xsi:schemaLocation="fr:gouv:culture:archivesdefrance:seda:v2.0 seda-2.0-main.xsd" xml:id="ID1"><Comment>Jeu de test avec fichier de plus de 4 Mo</Comment><Date>2016-12-15T15:55:51</Date><MessageIdentifier>OK_ARBO_4_Mo</MessageIdentifier><ArchivalAgreement>ArchivalAgreement0</ArchivalAgreement><CodeListVersions><ReplyCodeListVersion>ReplyCodeListVersion0</ReplyCodeListVersion><MessageDigestAlgorithmCodeListVersion>MessageDigestAlgorithmCodeListVersion0</MessageDigestAlgorithmCodeListVersion><MimeTypeCodeListVersion>MimeTypeCodeListVersion0</MimeTypeCodeListVersion><EncodingCodeListVersion>EncodingCodeListVersion0</EncodingCodeListVersion><FileFormatCodeListVersion>FileFormatCodeListVersion0</FileFormatCodeListVersion><CompressionAlgorithmCodeListVersion>CompressionAlgorithmCodeListVersion0</CompressionAlgorithmCodeListVersion><DataObjectVersionCodeListVersion>DataObjectVersionCodeListVersion0</DataObjectVersionCodeListVersion><StorageRuleCodeListVersion>StorageRuleCodeListVersion0</StorageRuleCodeListVersion><AppraisalRuleCodeListVersion>AppraisalRuleCodeListVersion0</AppraisalRuleCodeListVersion><AccessRuleCodeListVersion>AccessRuleCodeListVersion0</AccessRuleCodeListVersion><DisseminationRuleCodeListVersion>DisseminationRuleCodeListVersion0</DisseminationRuleCodeListVersion><ReuseRuleCodeListVersion>ReuseRuleCodeListVersion0</ReuseRuleCodeListVersion><ClassificationRuleCodeListVersion>ClassificationRuleCodeListVersion0</ClassificationRuleCodeListVersion><AuthorizationReasonCodeListVersion>AuthorizationReasonCodeListVersion0</AuthorizationReasonCodeListVersion><RelationshipCodeListVersion>RelationshipCodeListVersion0</RelationshipCodeListVersion></CodeListVersions><DataObjectPackage xml:id="ID2"><BinaryDataObject id="ID5"><DataObjectGroupId>ID4</DataObjectGroupId><DataObjectVersion>BinaryMaster</DataObjectVersion><Uri>Content/ID5.pdf</Uri><MessageDigest algorithm="SHA-512">ab502181a6f0819fb032c302704920b43d120a92ffd87c9194ecf9269928a20a3750add45d51a25985dad8b1cfc34f59ba02d294fbe3933597f5e19047269ef0</MessageDigest><Size>5116760</Size><FormatIdentification><FormatLitteral>Acrobat PDF 1.5 - Portable Document Format</FormatLitteral><MimeType>application/pdf</MimeType><FormatId>fmt/19</FormatId></FormatIdentification><FileInfo><Filename>20161118_MCC_MVJS-Rapport-Sport-TV.pdf</Filename><LastModified>2016-12-15T15:54:18.225+01:00</LastModified></FileInfo></BinaryDataObject><DescriptiveMetadata><ArchiveUnit id="ID3"><Content><DescriptionLevel>RecordGrp</DescriptionLevel><Title>jeu de 4 Mo</Title><Description>C:\Users\edouard.vasseur\Desktop\jeux_donnees\jeu de 4 Mo</Description><StartDate>2016-12-15T15:54:18</StartDate><EndDate>2016-12-15T15:54:18</EndDate></Content><ArchiveUnit id="ID7"><ArchiveUnitRefId>ID6</ArchiveUnitRefId></ArchiveUnit></ArchiveUnit><ArchiveUnit id="ID6"><Content><DescriptionLevel>Item</DescriptionLevel><Title>20161118_MCC_MVJS-Rapport-Sport-TV.pdf</Title><Description>Pseudo Archive Unit du fichier :C:\Users\edouard.vasseur\Desktop\jeux_donnees\jeu de 4 Mo\20161118_MCC_MVJS-Rapport-Sport-TV.pdf</Description><TransactedDate>2016-12-15T15:54:18</TransactedDate></Content><DataObjectReference><DataObjectGroupReferenceId>ID4</DataObjectGroupReferenceId></DataObjectReference></ArchiveUnit></DescriptiveMetadata><ManagementMetadata><OriginatingAgencyIdentifier>YYYYYYY</OriginatingAgencyIdentifier><SubmissionAgencyIdentifier>XXXXXXX</SubmissionAgencyIdentifier></ManagementMetadata></DataObjectPackage><ArchivalAgency><Identifier>Identifier4</Identifier></ArchivalAgency><TransferringAgency><Identifier>Identifier5</Identifier></TransferringAgency></ArchiveTransfer>