<?xml version="1.0" ?>
<ArchiveTransfer xmlns:xsi="http://www.w3.org/2001/XMLSchema-instance"
 xsi:schemaLocation="fr:gouv:culture:archivesdefrance:seda:v2.1 Vitam/BA/SEDA/SEDA_2-0_fast_dl/Sch%D0%92mas/seda-2.1-main.xsd"
 xmlns="fr:gouv:culture:archivesdefrance:seda:v2.1" xmlns:pr="info:lc/xmlns/premis-v2"
 xmlns:xlink="http://www.w3.org/1999/xlink" xml:id="ID1">
    <Comment>CCTP Vitam</Comment>
    <Date>2016-09-19T10:40:23</Date>
    <MessageIdentifier>SIP sans fichier</MessageIdentifier>
    <ArchivalAgreement>ArchivalAgreement0</ArchivalAgreement>
    <CodeListVersions>
        <ReplyCodeListVersion>ReplyCodeListVersion0</ReplyCodeListVersion>
        <MessageDigestAlgorithmCodeListVersion>MessageDigestAlgorithmCodeListVersion0</MessageDigestAlgorithmCodeListVersion>
        <MimeTypeCodeListVersion>MimeTypeCodeListVersion0</MimeTypeCodeListVersion>
        <EncodingCodeListVersion>EncodingCodeListVersion0123</EncodingCodeListVersion>
        <FileFormatCodeListVersion>FileFormatCodeListVersion0</FileFormatCodeListVersion>
        <CompressionAlgorithmCodeListVersion>CompressionAlgorithmCodeListVersion0</CompressionAlgorithmCodeListVersion>
        <DataObjectVersionCodeListVersion>DataObjectVersionCodeListVersion0</DataObjectVersionCodeListVersion>
        <StorageRuleCodeListVersion>StorageRuleCodeListVersion0</StorageRuleCodeListVersion>
        <AppraisalRuleCodeListVersion>AppraisalRuleCodeListVersion0</AppraisalRuleCodeListVersion>
        <AccessRuleCodeListVersion>AccessRuleCodeListVersion0</AccessRuleCodeListVersion>
        <DisseminationRuleCodeListVersion>DisseminationRuleCodeListVersion0</DisseminationRuleCodeListVersion>
        <ReuseRuleCodeListVersion>ReuseRuleCodeListVersion0</ReuseRuleCodeListVersion>
        <ClassificationRuleCodeListVersion>ClassificationRuleCodeListVersion0</ClassificationRuleCodeListVersion>
        <AuthorizationReasonCodeListVersion>AuthorizationReasonCodeListVersion0</AuthorizationReasonCodeListVersion>
        <RelationshipCodeListVersion>RelationshipCodeListVersion0</RelationshipCodeListVersion>
    </CodeListVersions>
    <DataObjectPackage xml:id="ID2">

        <DescriptiveMetadata>
            <ArchiveUnit id="ID3">
                <Content>
                    <DescriptionLevel>RecordGrp</DescriptionLevel>
                    <Title>Sed sed placerat tellus</Title>
                    <Description>Donec venenatis tristique iaculis. Vestibulum hendrerit, urna a scelerisque convallis, ipsum tortor luctus magna, viverra mollis massa erat vel neque</Description>
                    <StartDate>2015-06-18T13:54:42</StartDate>
                    <EndDate>2015-06-18T13:54:42</EndDate>
                </Content>
                <ArchiveUnit id="ID5">
                    <ArchiveUnitRefId>ID4</ArchiveUnitRefId>
                </ArchiveUnit>
                <ArchiveUnit id="ID16">
                    <ArchiveUnitRefId>ID15</ArchiveUnitRefId>
                </ArchiveUnit>
            </ArchiveUnit>
            <ArchiveUnit id="ID4">
                <Content>
                    <DescriptionLevel>RecordGrp</DescriptionLevel>
                    <Title>Nullam tristique aliquet egestas</Title>
                    <Description>Mauris posuere feugiat metus, nec finibus erat pharetra ut. Proin gravida neque tellus, quis condimentum nisi imperdiet a. Proin nec dignissim justo</Description>
                    <StartDate>2015-06-18T13:54:42</StartDate>
                    <EndDate>2015-06-18T13:54:42</EndDate>
                </Content>
                <ArchiveUnit id="ID7">
                    <ArchiveUnitRefId>ID6</ArchiveUnitRefId>
                </ArchiveUnit>
            </ArchiveUnit>
            <ArchiveUnit id="ID6">
                <Content>
                    <DescriptionLevel>RecordGrp</DescriptionLevel>
                    <Title>Sed sem mi</Title>
                    <Description>Suspendisse ut dui ac turpis consequat suscipit. Curabitur condimentum risus in orci pulvinar porta. Ut dictum eget enim ac iaculis</Description>
                    <StartDate>2015-06-18T13:54:42</StartDate>
                    <EndDate>2015-06-18T13:54:42</EndDate>
                </Content>
                <ArchiveUnit id="ID9">
                    <ArchiveUnitRefId>ID8</ArchiveUnitRefId>
                </ArchiveUnit>
            </ArchiveUnit>
            <ArchiveUnit id="ID8">
                <Content>
                    <DescriptionLevel>RecordGrp</DescriptionLevel>
                    <Title>Aliquam suscipit neque ante</Title>
                    <Description>Aliquam suscipit neque ante, rhoncus posuere justo porttitor in. Mauris a sagittis ipsum. Aliquam tincidunt gravida pulvinar. Nullam tellus velit, dapibus ac fermentum vel, finibus sed dolor. Donec ac laoreet enim, accumsan tristique urna. Donec vel sem maximus, convallis mauris vel, imperdiet lacus</Description>
                    <StartDate>2015-06-18T13:54:42</StartDate>
                    <EndDate>2015-06-18T13:54:42</EndDate>
                </Content>
                <ArchiveUnit id="ID13">
                    <ArchiveUnitRefId>ID12</ArchiveUnitRefId>
                </ArchiveUnit>
            </ArchiveUnit>
            <ArchiveUnit id="ID12">
                <Content>
                    <DescriptionLevel>Item</DescriptionLevel>
                    <Title> Sed blandit mi dolor</Title>
                    <Description>Sed blandit mi dolor, id pellentesque ante venenatis eget. Aenean volutpat pulvinar porta. Etiam tempus justo orci, congue convallis magna euismod ac. Morbi vitae finibus dui. Maecenas auctor ac dui ut condimentum. Ut ac urna eget velit semper aliquet quis eget mi.</Description>
                    <TransactedDate>2015-06-18T13:54:42</TransactedDate>
                </Content>
            </ArchiveUnit>
            <ArchiveUnit id="ID15">
                <Content>
                    <DescriptionLevel>RecordGrp</DescriptionLevel>
                    <Title>Vestibulum eros libero</Title>
                    <Description>Morbi vitae finibus dui. Maecenas auctor ac dui ut condimentum. Ut ac urna eget velit semper aliquet quis eget mi. Integer fringilla urna quis suscipit dapibus. Vestibulum eros libero, pulvinar vitae arcu ut, fermentum accumsan sem</Description>
                    <StartDate>2015-06-18T13:54:42</StartDate>
                    <EndDate>2015-06-18T13:54:42</EndDate>
                </Content>
                <ArchiveUnit id="ID18">
                    <ArchiveUnitRefId>ID17</ArchiveUnitRefId>
                </ArchiveUnit>
            </ArchiveUnit>
            <ArchiveUnit id="ID17">
                <Content>
                    <DescriptionLevel>RecordGrp</DescriptionLevel>
                    <Title>Cras luctus mollis nulla id placerat</Title>
                    <Description>Cras luctus mollis nulla id placerat. Nulla a sollicitudin massa, vel lobortis sapien. Nullam ullamcorper congue justo, nec feugiat odio interdum vel. Donec pretium ultricies eleifend. Nunc at dapibus eros. Aliquam quis tortor sodales, bibendum justo imperdiet, mattis mi</Description>
                    <StartDate>2015-06-18T13:54:42</StartDate>
                    <EndDate>2015-06-18T13:54:42</EndDate>
                </Content>
                <ArchiveUnit id="ID20">
                    <ArchiveUnitRefId>ID19</ArchiveUnitRefId>
                </ArchiveUnit>
            </ArchiveUnit>
            <ArchiveUnit id="ID19">
                <Content>
                    <DescriptionLevel>RecordGrp</DescriptionLevel>
                    <Title>SHDGR__GR_4_H_3__001_0000</Title>
                    <Description>C:\Users\mehdi.afnai\Desktop\LEVANT\SHDGR__GR_4_H_3\SHDGR__GR_4_H_3__001\SHDGR__GR_4_H_3__001_0000</Description>
                    <StartDate>2015-06-18T13:54:42</StartDate>
                    <EndDate>2015-06-18T13:54:42</EndDate>
                </Content>
                <ArchiveUnit id="ID24">
                    <ArchiveUnitRefId>ID23</ArchiveUnitRefId>
                </ArchiveUnit>
            </ArchiveUnit>
            <ArchiveUnit id="ID23">
                <ArchiveUnitRefId>ID12</ArchiveUnitRefId>
            </ArchiveUnit>
        </DescriptiveMetadata>
        <ManagementMetadata>
          <OriginatingAgencyIdentifier>FRAN_NP_050758</OriginatingAgencyIdentifier>
          <SubmissionAgencyIdentifier>FRAN_NP_050758</SubmissionAgencyIdentifier>
        </ManagementMetadata>
    </DataObjectPackage>
    <ArchivalAgency>
        <Identifier>Plate-forme Vitam</Identifier>
    </ArchivalAgency>
    <TransferringAgency>
        <Identifier>Ministère de l'Agriculture</Identifier>
    </TransferringAgency>
</ArchiveTransfer>
