<?xml version="1.0" ?>
<ArchiveTransfer xmlns:xsi="http://www.w3.org/2001/XMLSchema-instance"
 xsi:schemaLocation="fr:gouv:culture:archivesdefrance:seda:v2.1 ../Sch%D0%92mas/seda-2.1-main.xsd"
 xmlns="fr:gouv:culture:archivesdefrance:seda:v2.1" xmlns:pr="info:lc/xmlns/premis-v2"
 xmlns:xlink="http://www.w3.org/1999/xlink" xml:id="ID1">
    <Comment>Arborescence Rateau avec graphe complexe pour tests DSL</Comment>
    <Date>2016-10-20T12:51:29</Date>
    <MessageIdentifier>Arborescence Rateau avec graphe complexe</MessageIdentifier>
    <ArchivalAgreement>ArchivalAgreement0</ArchivalAgreement>
    <CodeListVersions>
        <ReplyCodeListVersion>ReplyCodeListVersion0</ReplyCodeListVersion>
        <MessageDigestAlgorithmCodeListVersion>MessageDigestAlgorithmCodeListVersion0</MessageDigestAlgorithmCodeListVersion>
        <MimeTypeCodeListVersion>MimeTypeCodeListVersion0</MimeTypeCodeListVersion>
        <EncodingCodeListVersion>EncodingCodeListVersion0</EncodingCodeListVersion>
        <FileFormatCodeListVersion>FileFormatCodeListVersion0</FileFormatCodeListVersion>
        <CompressionAlgorithmCodeListVersion>CompressionAlgorithmCodeListVersion0</CompressionAlgorithmCodeListVersion>
        <DataObjectVersionCodeListVersion>DataObjectVersionCodeListVersion0</DataObjectVersionCodeListVersion>
        <StorageRuleCodeListVersion>StorageRuleCodeListVersion0</StorageRuleCodeListVersion>
        <AppraisalRuleCodeListVersion>AppraisalRuleCodeListVersion0</AppraisalRuleCodeListVersion>
        <AccessRuleCodeListVersion>AccessRuleCodeListVersion0</AccessRuleCodeListVersion>
        <DisseminationRuleCodeListVersion>DisseminationRuleCodeListVersion0</DisseminationRuleCodeListVersion>
        <ReuseRuleCodeListVersion>ReuseRuleCodeListVersion0</ReuseRuleCodeListVersion>
        <ClassificationRuleCodeListVersion>ClassificationRuleCodeListVersion0</ClassificationRuleCodeListVersion>
        <AuthorizationReasonCodeListVersion>AuthorizationReasonCodeListVersion0</AuthorizationReasonCodeListVersion>
        <RelationshipCodeListVersion>RelationshipCodeListVersion0</RelationshipCodeListVersion>
    </CodeListVersions>
    <DataObjectPackage xml:id="ID2">
        <BinaryDataObject id="ID7">
            <DataObjectGroupId>ID6</DataObjectGroupId>
            <DataObjectVersion>BinaryMaster</DataObjectVersion>
            <Uri>Content/DttzvaBjmOJlnNHhwjRWBRqvyqWtbx.pdf</Uri>
            <MessageDigest algorithm="SHA-512"
                >942bb63cc16bf5ca3ba7fabf40ce9be19c3185a36cd87ad17c63d6fad1aa29d4312d73f2d6a1ba1266c3a71fc4119dd476d2d776cf2ad2acd7a9a3dfa1f80dc7</MessageDigest>
            <Size>29403</Size>
            <FormatIdentification>
                <FormatLitteral>Acrobat PDF 1.4 - Portable Document Format</FormatLitteral>
                <MimeType>application/pdf</MimeType>
                <FormatId>fmt/18</FormatId>
            </FormatIdentification>
            <FileInfo>
                <Filename>DttzvaBjmOJlnNHhwjRWBRqvyqWtbx.pdf</Filename>
                <LastModified>2016-05-31T18:17:53.000+02:00</LastModified>
            </FileInfo>
        </BinaryDataObject>
        <BinaryDataObject id="ID11">
            <DataObjectGroupId>ID10</DataObjectGroupId>
            <DataObjectVersion>BinaryMaster</DataObjectVersion>
            <Uri>Content/EfxvcfP9MBWlnAJYTArbUbMEdFa2PB.pdf</Uri>
            <MessageDigest algorithm="SHA-512"
                >942bb63cc16bf5ca3ba7fabf40ce9be19c3185a36cd87ad17c63d6fad1aa29d4312d73f2d6a1ba1266c3a71fc4119dd476d2d776cf2ad2acd7a9a3dfa1f80dc7</MessageDigest>
            <Size>29403</Size>
            <FormatIdentification>
                <FormatLitteral>Acrobat PDF 1.4 - Portable Document Format</FormatLitteral>
                <MimeType>application/pdf</MimeType>
                <FormatId>fmt/18</FormatId>
            </FormatIdentification>
            <FileInfo>
                <Filename>EfxvcfP9MBWlnAJYTArbUbMEdFa2PB.pdf</Filename>
                <LastModified>2016-05-31T18:18:20.000+02:00</LastModified>
            </FileInfo>
        </BinaryDataObject>
        <BinaryDataObject id="ID17">
            <DataObjectGroupId>ID16</DataObjectGroupId>
            <DataObjectVersion>BinaryMaster</DataObjectVersion>
            <Uri>Content/eGNLkNvdmK0Iqq0zv3GVHgR7Ag7nlV.pdf</Uri>
            <MessageDigest algorithm="SHA-512"
                >942bb63cc16bf5ca3ba7fabf40ce9be19c3185a36cd87ad17c63d6fad1aa29d4312d73f2d6a1ba1266c3a71fc4119dd476d2d776cf2ad2acd7a9a3dfa1f80dc7</MessageDigest>
            <Size>29403</Size>
            <FormatIdentification>
                <FormatLitteral>Acrobat PDF 1.4 - Portable Document Format</FormatLitteral>
                <MimeType>application/pdf</MimeType>
                <FormatId>fmt/18</FormatId>
            </FormatIdentification>
            <FileInfo>
                <Filename>eGNLkNvdmK0Iqq0zv3GVHgR7Ag7nlV.pdf</Filename>
                <LastModified>2016-05-25T12:05:11.000+02:00</LastModified>
            </FileInfo>
        </BinaryDataObject>
        <BinaryDataObject id="ID21">
            <DataObjectGroupId>ID20</DataObjectGroupId>
            <DataObjectVersion>BinaryMaster</DataObjectVersion>
            <Uri>Content/GBlNSraIrmIpWQNmJlDzPYLOC8CBk0.pdf</Uri>
            <MessageDigest algorithm="SHA-512"
                >942bb63cc16bf5ca3ba7fabf40ce9be19c3185a36cd87ad17c63d6fad1aa29d4312d73f2d6a1ba1266c3a71fc4119dd476d2d776cf2ad2acd7a9a3dfa1f80dc7</MessageDigest>
            <Size>29403</Size>
            <FormatIdentification>
                <FormatLitteral>Acrobat PDF 1.4 - Portable Document Format</FormatLitteral>
                <MimeType>application/pdf</MimeType>
                <FormatId>fmt/18</FormatId>
            </FormatIdentification>
            <FileInfo>
                <Filename>GBlNSraIrmIpWQNmJlDzPYLOC8CBk0.pdf</Filename>
                <LastModified>2016-06-09T17:55:55.000+02:00</LastModified>
            </FileInfo>
        </BinaryDataObject>
        <BinaryDataObject id="ID27">
            <DataObjectGroupId>ID26</DataObjectGroupId>
            <DataObjectVersion>BinaryMaster</DataObjectVersion>
            <Uri>Content/IckGHIhYvJmy2WwNddEBmljXFol4Zd.pdf</Uri>
            <MessageDigest algorithm="SHA-512"
                >942bb63cc16bf5ca3ba7fabf40ce9be19c3185a36cd87ad17c63d6fad1aa29d4312d73f2d6a1ba1266c3a71fc4119dd476d2d776cf2ad2acd7a9a3dfa1f80dc7</MessageDigest>
            <Size>29403</Size>
            <FormatIdentification>
                <FormatLitteral>Acrobat PDF 1.4 - Portable Document Format</FormatLitteral>
                <MimeType>application/pdf</MimeType>
                <FormatId>fmt/18</FormatId>
            </FormatIdentification>
            <FileInfo>
                <Filename>IckGHIhYvJmy2WwNddEBmljXFol4Zd.pdf</Filename>
                <LastModified>2016-08-05T09:28:15.000+02:00</LastModified>
            </FileInfo>
        </BinaryDataObject>
        <BinaryDataObject id="ID33">
            <DataObjectGroupId>ID32</DataObjectGroupId>
            <DataObjectVersion>BinaryMaster</DataObjectVersion>
            <Uri>Content/IfTPz6AWS1VwRfNSlhsq83sMNPidvA.pdf</Uri>
            <MessageDigest algorithm="SHA-512"
                >942bb63cc16bf5ca3ba7fabf40ce9be19c3185a36cd87ad17c63d6fad1aa29d4312d73f2d6a1ba1266c3a71fc4119dd476d2d776cf2ad2acd7a9a3dfa1f80dc7</MessageDigest>
            <Size>29403</Size>
            <FormatIdentification>
                <FormatLitteral>Acrobat PDF 1.4 - Portable Document Format</FormatLitteral>
                <MimeType>application/pdf</MimeType>
                <FormatId>fmt/18</FormatId>
            </FormatIdentification>
            <FileInfo>
                <Filename>IfTPz6AWS1VwRfNSlhsq83sMNPidvA.pdf</Filename>
                <LastModified>2016-06-03T15:28:00.000+02:00</LastModified>
            </FileInfo>
			<Metadata>
				<Image>
					<Dimensions>117x76</Dimensions>
					<Width>117px</Width>
					<Height>76px</Height>
					<VerticalResolution>96ppp</VerticalResolution>
					<HorizontalResolution>96ppp</HorizontalResolution>
					<ColorDepth>24</ColorDepth>
				</Image>
			</Metadata>
        </BinaryDataObject>
        <BinaryDataObject id="ID37">
            <DataObjectGroupId>ID36</DataObjectGroupId>
            <DataObjectVersion>BinaryMaster</DataObjectVersion>
            <Uri>Content/JpddOUNiM4SgeBHfZy6fGepG9dV7ca.odt</Uri>
            <MessageDigest algorithm="SHA-512"
                >58e37fa092797145f2a0d063ebf8699b9725ab9955ebc2aa503539c3d7c39ab4f867ffb02595782195f2f94ac23017f9a78c1b10c2fc37287227a7673e2b8c28</MessageDigest>
            <Size>68438</Size>
            <FormatIdentification>
                <FormatLitteral>OpenDocument Text</FormatLitteral>
                <MimeType>application/vnd.oasis.opendocument.text</MimeType>
                <FormatId>fmt/291</FormatId>
            </FormatIdentification>
            <FileInfo>
                <Filename>JpddOUNiM4SgeBHfZy6fGepG9dV7ca.odt</Filename>
                <LastModified>2016-09-23T11:21:22.000+02:00</LastModified>
            </FileInfo>
        </BinaryDataObject>
        <BinaryDataObject id="ID43">
            <DataObjectGroupId>ID42</DataObjectGroupId>
            <DataObjectVersion>BinaryMaster</DataObjectVersion>
            <Uri>Content/k2GlqbOmr7AVxwkhOB4cHh3oB1rxdm.pdf</Uri>
            <MessageDigest algorithm="SHA-512"
                >942bb63cc16bf5ca3ba7fabf40ce9be19c3185a36cd87ad17c63d6fad1aa29d4312d73f2d6a1ba1266c3a71fc4119dd476d2d776cf2ad2acd7a9a3dfa1f80dc7</MessageDigest>
            <Size>29403</Size>
            <FormatIdentification>
                <FormatLitteral>Acrobat PDF 1.4 - Portable Document Format</FormatLitteral>
                <MimeType>application/pdf</MimeType>
                <FormatId>fmt/18</FormatId>
            </FormatIdentification>
            <FileInfo>
                <Filename>k2GlqbOmr7AVxwkhOB4cHh3oB1rxdm.pdf</Filename>
                <LastModified>2016-10-19T17:45:18.000+02:00</LastModified>
            </FileInfo>
        </BinaryDataObject>
        <BinaryDataObject id="ID49">
            <DataObjectGroupId>ID48</DataObjectGroupId>
            <DataObjectVersion>BinaryMaster</DataObjectVersion>
            <Uri>Content/KaO8AyZWnnzs6RYEujDXRlpxpYy3rQ.pdf</Uri>
            <MessageDigest algorithm="SHA-512"
                >942bb63cc16bf5ca3ba7fabf40ce9be19c3185a36cd87ad17c63d6fad1aa29d4312d73f2d6a1ba1266c3a71fc4119dd476d2d776cf2ad2acd7a9a3dfa1f80dc7</MessageDigest>
            <Size>29403</Size>
            <FormatIdentification>
                <FormatLitteral>Acrobat PDF 1.4 - Portable Document Format</FormatLitteral>
                <MimeType>application/pdf</MimeType>
                <FormatId>fmt/18</FormatId>
            </FormatIdentification>
            <FileInfo>
                <Filename>KaO8AyZWnnzs6RYEujDXRlpxpYy3rQ</Filename>
                <LastModified>2016-05-30T14:06:51.000+02:00</LastModified>
            </FileInfo>
        </BinaryDataObject>
        <BinaryDataObject id="ID53">
            <DataObjectGroupId>ID52</DataObjectGroupId>
            <DataObjectVersion>BinaryMaster</DataObjectVersion>
            <Uri>Content/KEpK4t9AS8oYpbWkr4rWo10vcfIBXM.odt</Uri>
            <MessageDigest algorithm="SHA-512"
                >58e37fa092797145f2a0d063ebf8699b9725ab9955ebc2aa503539c3d7c39ab4f867ffb02595782195f2f94ac23017f9a78c1b10c2fc37287227a7673e2b8c28</MessageDigest>
            <Size>68438</Size>
            <FormatIdentification>
                <FormatLitteral>OpenDocument Text</FormatLitteral>
                <MimeType>application/vnd.oasis.opendocument.text</MimeType>
                <FormatId>fmt/291</FormatId>
            </FormatIdentification>
            <FileInfo>
                <Filename>KEpK4t9AS8oYpbWkr4rWo10vcfIBXM</Filename>
                <LastModified>2016-06-08T10:16:16.000+02:00</LastModified>
            </FileInfo>
        </BinaryDataObject>
        <DescriptiveMetadata>
			<ArchiveUnit id="ID0101">
                <Content>
                    <DescriptionLevel>RecordGrp</DescriptionLevel>
                    <Title>Archive unit ID0101</Title>
                    <Description>Class aptent taciti sociosqu ad litora torquent per conubia nostra, per inceptos himenaeos. Curabitur varius gravida tellus, vel pulvinar sem sodales congue</Description>
                    <StartDate>2016-10-19T17:45:18</StartDate>
                    <EndDate>2016-10-19T17:45:18</EndDate>
                </Content>
                <ArchiveUnit id="_ID0201">
                    <ArchiveUnitRefId>ID0201</ArchiveUnitRefId>
                </ArchiveUnit>
                <ArchiveUnit id="_ID0202">
                    <ArchiveUnitRefId>ID0202</ArchiveUnitRefId>
                </ArchiveUnit>
            </ArchiveUnit>
			<ArchiveUnit id="ID0201">
                <Content>
                    <DescriptionLevel>RecordGrp</DescriptionLevel>
                    <Title>Archive unit ID0201</Title>
                    <Description>Class aptent taciti sociosqu ad litora torquent per conubia nostra, per inceptos himenaeos. Curabitur varius gravida tellus, vel pulvinar sem sodales congue</Description>
                    <StartDate>2016-10-19T17:45:18</StartDate>
                    <EndDate>2016-10-19T17:45:18</EndDate>
                </Content>
                <ArchiveUnit id="_ID0301">
                    <ArchiveUnitRefId>ID0301</ArchiveUnitRefId>
                </ArchiveUnit>
                <ArchiveUnit id="_ID0302">
                    <ArchiveUnitRefId>ID0302</ArchiveUnitRefId>
                </ArchiveUnit>
            </ArchiveUnit>
			<ArchiveUnit id="ID0202">
                <Content>
                    <DescriptionLevel>RecordGrp</DescriptionLevel>
                    <Title>Archive unit ID0202</Title>
                    <Description>Class aptent taciti sociosqu ad litora torquent per conubia nostra, per inceptos himenaeos. Curabitur varius gravida tellus, vel pulvinar sem sodales congue</Description>
                    <StartDate>2016-10-19T17:45:18</StartDate>
                    <EndDate>2016-10-19T17:45:18</EndDate>
                </Content>
                <ArchiveUnit id="_ID0303">
                    <ArchiveUnitRefId>ID0303</ArchiveUnitRefId>
                </ArchiveUnit>
                <ArchiveUnit id="_ID0304">
                    <ArchiveUnitRefId>ID0304</ArchiveUnitRefId>
                </ArchiveUnit>
            </ArchiveUnit>
			<ArchiveUnit id="ID0301">
                <Content>
                    <DescriptionLevel>RecordGrp</DescriptionLevel>
                    <Title>Archive unit ID0301</Title>
                    <Description>Class aptent taciti sociosqu ad litora torquent per conubia nostra, per inceptos himenaeos. Curabitur varius gravida tellus, vel pulvinar sem sodales congue</Description>
                    <StartDate>2016-10-19T17:45:18</StartDate>
                    <EndDate>2016-10-19T17:45:18</EndDate>
                </Content>
                <ArchiveUnit id="_ID0401">
                    <ArchiveUnitRefId>ID0401</ArchiveUnitRefId>
                </ArchiveUnit>
            </ArchiveUnit>
			<ArchiveUnit id="ID0302">
                <Content>
                    <DescriptionLevel>RecordGrp</DescriptionLevel>
                    <Title>Archive unit ID0302</Title>
                    <Description>Class aptent taciti sociosqu ad litora torquent per conubia nostra, per inceptos himenaeos. Curabitur varius gravida tellus, vel pulvinar sem sodales congue</Description>
                    <StartDate>2016-10-19T17:45:18</StartDate>
                    <EndDate>2016-10-19T17:45:18</EndDate>
                </Content>
                <ArchiveUnit id="_ID0402">
                    <ArchiveUnitRefId>ID0402</ArchiveUnitRefId>
                </ArchiveUnit>
            </ArchiveUnit>
			<ArchiveUnit id="ID0303">
                <Content>
                    <DescriptionLevel>RecordGrp</DescriptionLevel>
                    <Title>Archive unit ID0303</Title>
                    <Description>Class aptent taciti sociosqu ad litora torquent per conubia nostra, per inceptos himenaeos. Curabitur varius gravida tellus, vel pulvinar sem sodales congue</Description>
                    <StartDate>2016-10-19T17:45:18</StartDate>
                    <EndDate>2016-10-19T17:45:18</EndDate>
                </Content>
                <ArchiveUnit id="_ID0403">
                    <ArchiveUnitRefId>ID0403</ArchiveUnitRefId>
                </ArchiveUnit>
            </ArchiveUnit>
			<ArchiveUnit id="ID0304">
                <Content>
                    <DescriptionLevel>RecordGrp</DescriptionLevel>
                    <Title>Archive unit ID0304</Title>
                    <Description>Class aptent taciti sociosqu ad litora torquent per conubia nostra, per inceptos himenaeos. Curabitur varius gravida tellus, vel pulvinar sem sodales congue</Description>
                    <StartDate>2016-10-19T17:45:18</StartDate>
                    <EndDate>2016-10-19T17:45:18</EndDate>
                </Content>
                <ArchiveUnit id="_ID0404">
                    <ArchiveUnitRefId>ID0404</ArchiveUnitRefId>
                </ArchiveUnit>
            </ArchiveUnit>
			<ArchiveUnit id="ID0401">
                <Content>
                    <DescriptionLevel>RecordGrp</DescriptionLevel>
                    <Title>Archive unit ID0401</Title>
                    <Description>Class aptent taciti sociosqu ad litora torquent per conubia nostra, per inceptos himenaeos. Curabitur varius gravida tellus, vel pulvinar sem sodales congue</Description>
                    <StartDate>2016-10-19T17:45:18</StartDate>
                    <EndDate>2016-10-19T17:45:18</EndDate>
                </Content>
                <ArchiveUnit id="_ID0501">
                    <ArchiveUnitRefId>ID0501</ArchiveUnitRefId>
                </ArchiveUnit>
            </ArchiveUnit>
			<ArchiveUnit id="ID0402">
                <Content>
                    <DescriptionLevel>RecordGrp</DescriptionLevel>
                    <Title>Archive unit ID0402</Title>
                    <Description>Class aptent taciti sociosqu ad litora torquent per conubia nostra, per inceptos himenaeos. Curabitur varius gravida tellus, vel pulvinar sem sodales congue</Description>
                    <StartDate>2016-10-19T17:45:18</StartDate>
                    <EndDate>2016-10-19T17:45:18</EndDate>
                </Content>
                <ArchiveUnit id="_ID0502">
                    <ArchiveUnitRefId>ID0502</ArchiveUnitRefId>
                </ArchiveUnit>
            </ArchiveUnit>
			<ArchiveUnit id="ID0403">
                <Content>
                    <DescriptionLevel>RecordGrp</DescriptionLevel>
                    <Title>Archive unit ID0403</Title>
                    <Description>Class aptent taciti sociosqu ad litora torquent per conubia nostra, per inceptos himenaeos. Curabitur varius gravida tellus, vel pulvinar sem sodales congue</Description>
                    <StartDate>2016-10-19T17:45:18</StartDate>
                    <EndDate>2016-10-19T17:45:18</EndDate>
                </Content>
                <ArchiveUnit id="_ID0503">
                    <ArchiveUnitRefId>ID0503</ArchiveUnitRefId>
                </ArchiveUnit>
                <ArchiveUnit id="_ID0504">
                    <ArchiveUnitRefId>ID0504</ArchiveUnitRefId>
                </ArchiveUnit>
            </ArchiveUnit>
			<ArchiveUnit id="ID0404">
                <Content>
                    <DescriptionLevel>RecordGrp</DescriptionLevel>
                    <Title>Archive unit ID0404</Title>
                    <Description>Class aptent taciti sociosqu ad litora torquent per conubia nostra, per inceptos himenaeos. Curabitur varius gravida tellus, vel pulvinar sem sodales congue</Description>
                    <StartDate>2016-10-19T17:45:18</StartDate>
                    <EndDate>2016-10-19T17:45:18</EndDate>
                </Content>
                <ArchiveUnit id="_ID0505">
                    <ArchiveUnitRefId>ID0505</ArchiveUnitRefId>
                </ArchiveUnit>
            </ArchiveUnit>
			<ArchiveUnit id="ID0501">
                <Content>
                    <DescriptionLevel>RecordGrp</DescriptionLevel>
                    <Title>Archive unit ID0501</Title>
                    <Description>Class aptent taciti sociosqu ad litora torquent per conubia nostra, per inceptos himenaeos. Curabitur varius gravida tellus, vel pulvinar sem sodales congue</Description>
                    <StartDate>2016-10-19T17:45:18</StartDate>
                    <EndDate>2016-10-19T17:45:18</EndDate>
                </Content>
                <ArchiveUnit id="_ID0601">
                    <ArchiveUnitRefId>ID0601</ArchiveUnitRefId>
                </ArchiveUnit>
            </ArchiveUnit>
			<ArchiveUnit id="ID0502">
                <Content>
                    <DescriptionLevel>RecordGrp</DescriptionLevel>
                    <Title>Archive unit ID0502</Title>
                    <Description>Class aptent taciti sociosqu ad litora torquent per conubia nostra, per inceptos himenaeos. Curabitur varius gravida tellus, vel pulvinar sem sodales congue</Description>
                    <StartDate>2016-10-19T17:45:18</StartDate>
                    <EndDate>2016-10-19T17:45:18</EndDate>
                </Content>
                <ArchiveUnit id="_ID0602">
                    <ArchiveUnitRefId>ID0602</ArchiveUnitRefId>
                </ArchiveUnit>
                <ArchiveUnit id="_ID0603">
                    <ArchiveUnitRefId>ID0603</ArchiveUnitRefId>
                </ArchiveUnit>
            </ArchiveUnit>
			<ArchiveUnit id="ID0503">
                <Content>
                    <DescriptionLevel>RecordGrp</DescriptionLevel>
                    <Title>Archive unit ID0503</Title>
                    <Description>Class aptent taciti sociosqu ad litora torquent per conubia nostra, per inceptos himenaeos. Curabitur varius gravida tellus, vel pulvinar sem sodales congue</Description>
                    <StartDate>2016-10-19T17:45:18</StartDate>
                    <EndDate>2016-10-19T17:45:18</EndDate>
                </Content>
                <ArchiveUnit id="_ID0604">
                    <ArchiveUnitRefId>ID0604</ArchiveUnitRefId>
                </ArchiveUnit>
            </ArchiveUnit>
			<ArchiveUnit id="ID0504">
                <Content>
                    <DescriptionLevel>RecordGrp</DescriptionLevel>
                    <Title>Archive unit ID0504</Title>
                    <Description>Class aptent taciti sociosqu ad litora torquent per conubia nostra, per inceptos himenaeos. Curabitur varius gravida tellus, vel pulvinar sem sodales congue</Description>
                    <StartDate>2016-10-19T17:45:18</StartDate>
                    <EndDate>2016-10-19T17:45:18</EndDate>
                </Content>
                <ArchiveUnit id="_ID0605">
                    <ArchiveUnitRefId>ID0605</ArchiveUnitRefId>
                </ArchiveUnit>
            </ArchiveUnit>
			<ArchiveUnit id="ID0505">
                <Content>
                    <DescriptionLevel>RecordGrp</DescriptionLevel>
                    <Title>Archive unit ID0505</Title>
                    <Description>Class aptent taciti sociosqu ad litora torquent per conubia nostra, per inceptos himenaeos. Curabitur varius gravida tellus, vel pulvinar sem sodales congue</Description>
                    <StartDate>2016-10-19T17:45:18</StartDate>
                    <EndDate>2016-10-19T17:45:18</EndDate>
                </Content>
                <ArchiveUnit id="_ID0606">
                    <ArchiveUnitRefId>ID0606</ArchiveUnitRefId>
                </ArchiveUnit>
            </ArchiveUnit>
            <ArchiveUnit id="ID0601">
                <Content>
                    <DescriptionLevel>RecordGrp</DescriptionLevel>
                    <Title>Archive unit ID0601</Title>
                    <Description>Class aptent taciti sociosqu ad litora torquent per conubia nostra, per inceptos himenaeos. Curabitur varius gravida tellus, vel pulvinar sem sodales congue</Description>
                    <StartDate>2016-10-19T17:45:18</StartDate>
                    <EndDate>2016-10-19T17:45:18</EndDate>
                </Content>
                <ArchiveUnit id="_ID0701">
                    <ArchiveUnitRefId>ID0701</ArchiveUnitRefId>
                </ArchiveUnit>
            </ArchiveUnit>
            <ArchiveUnit id="ID0602">
                <Content>
                    <DescriptionLevel>RecordGrp</DescriptionLevel>
                    <Title>Archive unit ID0602</Title>
                    <Description>Class aptent taciti sociosqu ad litora torquent per conubia nostra, per inceptos himenaeos. Curabitur varius gravida tellus, vel pulvinar sem sodales congue</Description>
                    <StartDate>2016-10-19T17:45:18</StartDate>
                    <EndDate>2016-10-19T17:45:18</EndDate>
                </Content>
                <ArchiveUnit id="_ID0702">
                    <ArchiveUnitRefId>ID0702</ArchiveUnitRefId>
                </ArchiveUnit>
            </ArchiveUnit>
            <ArchiveUnit id="ID0603">
                <Content>
                    <DescriptionLevel>RecordGrp</DescriptionLevel>
                    <Title>Archive unit ID0603</Title>
                    <Description>Class aptent taciti sociosqu ad litora torquent per conubia nostra, per inceptos himenaeos. Curabitur varius gravida tellus, vel pulvinar sem sodales congue</Description>
                    <StartDate>2016-10-19T17:45:18</StartDate>
                    <EndDate>2016-10-19T17:45:18</EndDate>
                </Content>
                <ArchiveUnit id="_ID0703">
                    <ArchiveUnitRefId>ID0703</ArchiveUnitRefId>
                </ArchiveUnit>
            </ArchiveUnit>
            <ArchiveUnit id="ID0604">
                <Content>
                    <DescriptionLevel>RecordGrp</DescriptionLevel>
                    <Title>Archive unit ID0604</Title>
                    <Description>Class aptent taciti sociosqu ad litora torquent per conubia nostra, per inceptos himenaeos. Curabitur varius gravida tellus, vel pulvinar sem sodales congue</Description>
                    <StartDate>2016-10-19T17:45:18</StartDate>
                    <EndDate>2016-10-19T17:45:18</EndDate>
                </Content>
                <ArchiveUnit id="_ID0704">
                    <ArchiveUnitRefId>ID0704</ArchiveUnitRefId>
                </ArchiveUnit>
            </ArchiveUnit>
            <ArchiveUnit id="ID0605">
                <Content>
                    <DescriptionLevel>RecordGrp</DescriptionLevel>
                    <Title>Archive unit ID0605</Title>
                    <Description>Class aptent taciti sociosqu ad litora torquent per conubia nostra, per inceptos himenaeos. Curabitur varius gravida tellus, vel pulvinar sem sodales congue</Description>
                    <StartDate>2016-10-19T17:45:18</StartDate>
                    <EndDate>2016-10-19T17:45:18</EndDate>
                </Content>
                <ArchiveUnit id="_ID0705">
                    <ArchiveUnitRefId>ID0705</ArchiveUnitRefId>
                </ArchiveUnit>
            </ArchiveUnit>
            <ArchiveUnit id="ID0606">
                <Content>
                    <DescriptionLevel>RecordGrp</DescriptionLevel>
                    <Title>Archive unit ID0606</Title>
                    <Description>Class aptent taciti sociosqu ad litora torquent per conubia nostra, per inceptos himenaeos. Curabitur varius gravida tellus, vel pulvinar sem sodales congue</Description>
                    <StartDate>2016-10-19T17:45:18</StartDate>
                    <EndDate>2016-10-19T17:45:18</EndDate>
                </Content>
                <ArchiveUnit id="_ID0706">
                    <ArchiveUnitRefId>ID0706</ArchiveUnitRefId>
                </ArchiveUnit>
            </ArchiveUnit>
			<ArchiveUnit id="ID0701">
                <Content>
                    <DescriptionLevel>RecordGrp</DescriptionLevel>
                    <Title>Archive unit ID0701</Title>
                    <Description>Class aptent taciti sociosqu ad litora torquent per conubia nostra, per inceptos himenaeos. Curabitur varius gravida tellus, vel pulvinar sem sodales congue</Description>
                    <StartDate>2016-10-19T17:45:18</StartDate>
                    <EndDate>2016-10-19T17:45:18</EndDate>
                </Content>
                <ArchiveUnit id="_ID0801">
                    <ArchiveUnitRefId>ID0801</ArchiveUnitRefId>
                </ArchiveUnit>
            </ArchiveUnit>
            <ArchiveUnit id="ID0702">
                <Content>
                    <DescriptionLevel>RecordGrp</DescriptionLevel>
                    <Title>Archive unit ID0702</Title>
                    <Description>Class aptent taciti sociosqu ad litora torquent per conubia nostra, per inceptos himenaeos. Curabitur varius gravida tellus, vel pulvinar sem sodales congue</Description>
                    <StartDate>2016-10-19T17:45:18</StartDate>
                    <EndDate>2016-10-19T17:45:18</EndDate>
                </Content>
                <ArchiveUnit id="_ID0802">
                    <ArchiveUnitRefId>ID0802</ArchiveUnitRefId>
                </ArchiveUnit>
            </ArchiveUnit>
            <ArchiveUnit id="ID0703">
                <Content>
                    <DescriptionLevel>RecordGrp</DescriptionLevel>
                    <Title>Archive unit ID0703</Title>
                    <Description>Class aptent taciti sociosqu ad litora torquent per conubia nostra, per inceptos himenaeos. Curabitur varius gravida tellus, vel pulvinar sem sodales congue</Description>
                    <StartDate>2016-10-19T17:45:18</StartDate>
                    <EndDate>2016-10-19T17:45:18</EndDate>
                </Content>
                <ArchiveUnit id="_ID0803">
                    <ArchiveUnitRefId>ID0803</ArchiveUnitRefId>
                </ArchiveUnit>
            </ArchiveUnit>
            <ArchiveUnit id="ID0704">
                <Content>
                    <DescriptionLevel>RecordGrp</DescriptionLevel>
                    <Title>Archive unit ID0704</Title>
                    <Description>Class aptent taciti sociosqu ad litora torquent per conubia nostra, per inceptos himenaeos. Curabitur varius gravida tellus, vel pulvinar sem sodales congue</Description>
                    <StartDate>2016-10-19T17:45:18</StartDate>
                    <EndDate>2016-10-19T17:45:18</EndDate>
                </Content>
                <ArchiveUnit id="_ID0804">
                    <ArchiveUnitRefId>ID0804</ArchiveUnitRefId>
                </ArchiveUnit>
            </ArchiveUnit>
            <ArchiveUnit id="ID0705">
                <Content>
                    <DescriptionLevel>RecordGrp</DescriptionLevel>
                    <Title>Archive unit ID0705</Title>
                    <Description>Class aptent taciti sociosqu ad litora torquent per conubia nostra, per inceptos himenaeos. Curabitur varius gravida tellus, vel pulvinar sem sodales congue</Description>
                    <StartDate>2016-10-19T17:45:18</StartDate>
                    <EndDate>2016-10-19T17:45:18</EndDate>
                </Content>
                <ArchiveUnit id="_ID0805">
                    <ArchiveUnitRefId>ID0805</ArchiveUnitRefId>
                </ArchiveUnit>
            </ArchiveUnit>
            <ArchiveUnit id="ID0706">
                <Content>
                    <DescriptionLevel>RecordGrp</DescriptionLevel>
                    <Title>Archive unit ID0706</Title>
                    <Description>Class aptent taciti sociosqu ad litora torquent per conubia nostra, per inceptos himenaeos. Curabitur varius gravida tellus, vel pulvinar sem sodales congue</Description>
                    <StartDate>2016-10-19T17:45:18</StartDate>
                    <EndDate>2016-10-19T17:45:18</EndDate>
                </Content>
                <ArchiveUnit id="_ID0806">
                    <ArchiveUnitRefId>ID0806</ArchiveUnitRefId>
                </ArchiveUnit>
            </ArchiveUnit>
            <ArchiveUnit id="ID0801">
                <Content>
                    <DescriptionLevel>RecordGrp</DescriptionLevel>
                    <Title>Archive unit ID0801</Title>
                    <Description>Class aptent taciti sociosqu ad litora torquent per conubia nostra, per inceptos himenaeos. Curabitur varius gravida tellus, vel pulvinar sem sodales congue</Description>
                    <StartDate>2016-10-19T17:45:18</StartDate>
                    <EndDate>2016-10-19T17:45:18</EndDate>
                </Content>
                <ArchiveUnit id="_ID0901">
                    <ArchiveUnitRefId>ID0901</ArchiveUnitRefId>
                </ArchiveUnit>
                <ArchiveUnit id="_ID0902">
                    <ArchiveUnitRefId>ID0902</ArchiveUnitRefId>
                </ArchiveUnit>
            </ArchiveUnit>
            <ArchiveUnit id="ID0802">
                <Content>
                    <DescriptionLevel>RecordGrp</DescriptionLevel>
                    <Title>Archive unit ID0802</Title>
                    <Description>Class aptent taciti sociosqu ad litora torquent per conubia nostra, per inceptos himenaeos. Curabitur varius gravida tellus, vel pulvinar sem sodales congue</Description>
                    <StartDate>2016-10-19T17:45:18</StartDate>
                    <EndDate>2016-10-19T17:45:18</EndDate>
                </Content>
                <ArchiveUnit id="_ID0903">
                    <ArchiveUnitRefId>ID0903</ArchiveUnitRefId>
                </ArchiveUnit>
            </ArchiveUnit>
            <ArchiveUnit id="ID0803">
                <Content>
                    <DescriptionLevel>RecordGrp</DescriptionLevel>
                    <Title>Archive unit ID0803</Title>
                    <Description>Class aptent taciti sociosqu ad litora torquent per conubia nostra, per inceptos himenaeos. Curabitur varius gravida tellus, vel pulvinar sem sodales congue</Description>
                    <StartDate>2016-10-19T17:45:18</StartDate>
                    <EndDate>2016-10-19T17:45:18</EndDate>
                </Content>
                <ArchiveUnit id="_ID0904">
                    <ArchiveUnitRefId>ID0904</ArchiveUnitRefId>
                </ArchiveUnit>
            </ArchiveUnit>
            <ArchiveUnit id="ID0804">
                <Content>
                    <DescriptionLevel>RecordGrp</DescriptionLevel>
                    <Title>Archive unit ID0804</Title>
                    <Description>Class aptent taciti sociosqu ad litora torquent per conubia nostra, per inceptos himenaeos. Curabitur varius gravida tellus, vel pulvinar sem sodales congue</Description>
                    <StartDate>2016-10-19T17:45:18</StartDate>
                    <EndDate>2016-10-19T17:45:18</EndDate>
                </Content>
                <ArchiveUnit id="_ID0905">
                    <ArchiveUnitRefId>ID0905</ArchiveUnitRefId>
                </ArchiveUnit>
                <ArchiveUnit id="_ID0906">
                    <ArchiveUnitRefId>ID0906</ArchiveUnitRefId>
                </ArchiveUnit>
                <ArchiveUnit id="_ID0907">
                    <ArchiveUnitRefId>ID0907</ArchiveUnitRefId>
                </ArchiveUnit>
            </ArchiveUnit>
            <ArchiveUnit id="ID0805">
                <Content>
                    <DescriptionLevel>RecordGrp</DescriptionLevel>
                    <Title>Archive unit ID0805</Title>
                    <Description>Class aptent taciti sociosqu ad litora torquent per conubia nostra, per inceptos himenaeos. Curabitur varius gravida tellus, vel pulvinar sem sodales congue</Description>
                    <StartDate>2016-10-19T17:45:18</StartDate>
                    <EndDate>2016-10-19T17:45:18</EndDate>
                </Content>
                <ArchiveUnit id="_ID0908">
                    <ArchiveUnitRefId>ID0908</ArchiveUnitRefId>
                </ArchiveUnit>
                <ArchiveUnit id="_ID0909">
                    <ArchiveUnitRefId>ID0909</ArchiveUnitRefId>
                </ArchiveUnit>
            </ArchiveUnit>
            <ArchiveUnit id="ID0806">
                <Content>
                    <DescriptionLevel>RecordGrp</DescriptionLevel>
                    <Title>Archive unit ID0806</Title>
                    <Description>Class aptent taciti sociosqu ad litora torquent per conubia nostra, per inceptos himenaeos. Curabitur varius gravida tellus, vel pulvinar sem sodales congue</Description>
                    <StartDate>2016-10-19T17:45:18</StartDate>
                    <EndDate>2016-10-19T17:45:18</EndDate>
                </Content>
                <ArchiveUnit id="_ID0910">
                    <ArchiveUnitRefId>ID0910</ArchiveUnitRefId>
                </ArchiveUnit>
            </ArchiveUnit>
            <ArchiveUnit id="ID0901">
                <Content>
                    <DescriptionLevel>Item</DescriptionLevel>
                    <Title>Archive unit ID0901</Title>
                    <Description> Mauris ultrices vitae enim ultrices hendrerit. Morbi non semper arcu, a sagittis erat. Nunc dui nibh, facilisis quis tincidunt ac, blandit quis felis</Description>
                    <TransactedDate>2016-05-31T18:17:53</TransactedDate>
                </Content>
                <DataObjectReference>
                    <DataObjectGroupReferenceId>ID6</DataObjectGroupReferenceId>
                </DataObjectReference>
            </ArchiveUnit>
            <ArchiveUnit id="ID0902">
                <Content>
                    <DescriptionLevel>Item</DescriptionLevel>
                    <Title>Archive unit ID0902</Title>
                    <Description>Nullam bibendum eros quis dolor sollicitudin tempor non et libero.</Description>
                    <TransactedDate>2016-05-31T18:18:20</TransactedDate>
                </Content>
                <DataObjectReference>
                    <DataObjectGroupReferenceId>ID10</DataObjectGroupReferenceId>
                </DataObjectReference>
            </ArchiveUnit>
            <ArchiveUnit id="ID0903">
                <Content>
                    <DescriptionLevel>Item</DescriptionLevel>
                    <Title>Archive unit ID0903</Title>
                    <Description> Quisque nec diam aliquet, aliquet purus non, dictum turpis. </Description>
                    <TransactedDate>2016-05-25T12:05:11</TransactedDate>
                </Content>
                <DataObjectReference>
                    <DataObjectGroupReferenceId>ID16</DataObjectGroupReferenceId>
                </DataObjectReference>
            </ArchiveUnit>
            <ArchiveUnit id="ID0904">
                <Content>
                    <DescriptionLevel>Item</DescriptionLevel>
                    <Title>Archive unit ID0904</Title>
                    <Description>Curabitur sem lacus, imperdiet sed purus sit amet, imperdiet porta mi. Pellentesque ligula magna, facilisis nec mi in, volutpat accumsan eros. </Description>
                    <TransactedDate>2016-06-09T17:55:55</TransactedDate>
                </Content>
                <DataObjectReference>
                    <DataObjectGroupReferenceId>ID20</DataObjectGroupReferenceId>
                </DataObjectReference>
            </ArchiveUnit>
            <ArchiveUnit id="ID0905">
                <Content>
                    <DescriptionLevel>Item</DescriptionLevel>
                    <Title>Archive unit ID0905</Title>
                    <Description>Nam ipsum enim, mattis vitae mauris eu, convallis semper enim. Phasellus eu congue elit, scelerisque placerat magna. </Description>
                    <TransactedDate>2016-08-05T09:28:15</TransactedDate>
                </Content>
                <DataObjectReference>
                    <DataObjectGroupReferenceId>ID26</DataObjectGroupReferenceId>
                </DataObjectReference>
            </ArchiveUnit>
            <ArchiveUnit id="ID0906">
                <Content>
                    <DescriptionLevel>Item</DescriptionLevel>
                    <Title>Archive unit ID0906</Title>
                    <Description>Proin dignissim molestie gravida. Mauris consequat efficitur nisi. Aliquam posuere velit sit amet tortor tristique luctus. Nulla commodo, justo quis facilisis lacinia, leo lectus euis</Description>
                    <TransactedDate>2016-06-03T15:28:00</TransactedDate>
                </Content>
                <DataObjectReference>
                    <DataObjectGroupReferenceId>ID32</DataObjectGroupReferenceId>
                </DataObjectReference>
            </ArchiveUnit>
            <ArchiveUnit id="ID0907">
                <Content>
                    <DescriptionLevel>Item</DescriptionLevel>
                    <Title>Archive unit ID0907</Title>
                    <Description>Nam ipsum enim, mattis vitae mauris eu, convallis semper enim. Phasellus eu congue elit, scelerisque placerat magna. </Description>
                    <TransactedDate>2016-09-23T11:21:22</TransactedDate>
                </Content>
                <DataObjectReference>
                    <DataObjectGroupReferenceId>ID36</DataObjectGroupReferenceId>
                </DataObjectReference>
            </ArchiveUnit>
            <ArchiveUnit id="ID0908">
                <Content>
                    <DescriptionLevel>Item</DescriptionLevel>
                    <Title>Archive unit ID0908</Title>
                    <Description>uam maximus ullamcorper mauris sit amet lacinia. Pellentesque porta, urna sed elementum lacinia, mi diam tempus urna, eu pretium lor</Description>
                    <TransactedDate>2016-10-19T17:45:18</TransactedDate>
                </Content>
                <DataObjectReference>
                    <DataObjectGroupReferenceId>ID42</DataObjectGroupReferenceId>
                </DataObjectReference>
            </ArchiveUnit>
            <ArchiveUnit id="ID0909">
                <Content>
                    <DescriptionLevel>Item</DescriptionLevel>
                    <Title>Archive unit ID0909</Title>
                    <Description>ada fames ac turpis egestas. Mauris ultrices vitae enim ultrices hendrerit. Morbi non semper arcu, a sagittis erat. Nunc dui nibh, facilisis quis tincidunt ac, blandit quis felis. Nulla dignissim, nisl vitae facilisis dictum, lectus erat vehicula diam, ac sagittis turpis leo et metu</Description>
                    <TransactedDate>2016-05-30T14:06:51</TransactedDate>
                </Content>
                <DataObjectReference>
                    <DataObjectGroupReferenceId>ID48</DataObjectGroupReferenceId>
                </DataObjectReference>
            </ArchiveUnit>
            <ArchiveUnit id="ID0910">
                <Content>
                    <DescriptionLevel>Item</DescriptionLevel>
                    <Title>Archive unit ID0910</Title>
                    <Description>Curabitur et velit ornare, consectetur mi sed, volutpat augue. Duis semper, mauris eget luctus facilisis, tortor purus euismod mi, id vulputate augue nulla sit amet sapien. Sed posuere porta tortor vel tempus. Donec in vestibulum tellus.</Description>
                    <TransactedDate>2016-06-08T10:16:16</TransactedDate>
                </Content>
                <DataObjectReference>
                    <DataObjectGroupReferenceId>ID52</DataObjectGroupReferenceId>
                </DataObjectReference>
            </ArchiveUnit>
        </DescriptiveMetadata>
        <ManagementMetadata>
            <OriginatingAgencyIdentifier>FRAN_NP_050770</OriginatingAgencyIdentifier>
            <SubmissionAgencyIdentifier>FRAN_NP_050770</SubmissionAgencyIdentifier>
        </ManagementMetadata>
    </DataObjectPackage>
    <ArchivalAgency>
        <Identifier>Identifier4</Identifier>
    </ArchivalAgency>
    <TransferringAgency>
        <Identifier>Identifier5</Identifier>
    </TransferringAgency>
</ArchiveTransfer>
