<?xml version="1.0" encoding="UTF-8"?>
<ArchiveTransfer xmlns="fr:gouv:culture:archivesdefrance:seda:v2.1"
    xmlns:xsi="http://www.w3.org/2001/XMLSchema-instance"
    xsi:schemaLocation="fr:gouv:culture:archivesdefrance:seda:v2.1 file:/C:/Users/edouard.vasseur/Desktop/Documentation/SEDA/SEDA_2-1_draft_0.6/seda-2.1-main.xsd">
    <Date>2017-04-05T08:11:55</Date>
    <MessageIdentifier>Arbre de positionnement des AN</MessageIdentifier>
    <ArchivalAgreement>IC-000001</ArchivalAgreement>
	<CodeListVersions>
	<ReplyCodeListVersion>ReplyCodeListVersion0</ReplyCodeListVersion>
        <MessageDigestAlgorithmCodeListVersion>MessageDigestAlgorithmCodeListVersion0</MessageDigestAlgorithmCodeListVersion>
        <MimeTypeCodeListVersion>MimeTypeCodeListVersion0</MimeTypeCodeListVersion>
        <EncodingCodeListVersion>EncodingCodeListVersion0</EncodingCodeListVersion>
        <FileFormatCodeListVersion>FileFormatCodeListVersion0</FileFormatCodeListVersion>
        <CompressionAlgorithmCodeListVersion>CompressionAlgorithmCodeListVersion0</CompressionAlgorithmCodeListVersion>
        <DataObjectVersionCodeListVersion>DataObjectVersionCodeListVersion0</DataObjectVersionCodeListVersion>
        <StorageRuleCodeListVersion>StorageRuleCodeListVersion0</StorageRuleCodeListVersion>
        <AppraisalRuleCodeListVersion>AppraisalRuleCodeListVersion0</AppraisalRuleCodeListVersion>
        <AccessRuleCodeListVersion>AccessRuleCodeListVersion0</AccessRuleCodeListVersion>
        <DisseminationRuleCodeListVersion>DisseminationRuleCodeListVersion0</DisseminationRuleCodeListVersion>
        <ReuseRuleCodeListVersion>ReuseRuleCodeListVersion0</ReuseRuleCodeListVersion>
        <ClassificationRuleCodeListVersion>ClassificationRuleCodeListVersion0</ClassificationRuleCodeListVersion>
        <AuthorizationReasonCodeListVersion>AuthorizationReasonCodeListVersion0</AuthorizationReasonCodeListVersion>
        <RelationshipCodeListVersion>RelationshipCodeListVersion0</RelationshipCodeListVersion>
	</CodeListVersions>
    <DataObjectPackage xml:id="ID2">
		<DescriptiveMetadata>
			<ArchiveUnit id="ID3">
				<Content>
					<DescriptionLevel>Series</DescriptionLevel>
					<Title>Archives antérieures à 1789</Title>
					<OriginatingAgencyArchiveUnitIdentifier>AR.</OriginatingAgencyArchiveUnitIdentifier>
				</Content>
			</ArchiveUnit>
			<ArchiveUnit id="ID4">
				<Content>
					<DescriptionLevel>Series</DescriptionLevel>
					<Title>Archives postérieures à 1789</Title>
					<OriginatingAgencyArchiveUnitIdentifier>REP.</OriginatingAgencyArchiveUnitIdentifier>
				</Content>
				<ArchiveUnit id="ID55">
					<ArchiveUnitRefId>ID27</ArchiveUnitRefId>
				</ArchiveUnit>
				<ArchiveUnit id="ID56">
					<ArchiveUnitRefId>ID49</ArchiveUnitRefId>
				</ArchiveUnit>
				<ArchiveUnit id="ID57">
					<ArchiveUnitRefId>ID28</ArchiveUnitRefId>
				</ArchiveUnit>
				<ArchiveUnit id="ID58">
					<ArchiveUnitRefId>ID50</ArchiveUnitRefId>
				</ArchiveUnit>
				<ArchiveUnit id="ID59">
					<ArchiveUnitRefId>ID51</ArchiveUnitRefId>
				</ArchiveUnit>
				<ArchiveUnit id="ID65">
					<ArchiveUnitRefId>ID52</ArchiveUnitRefId>
				</ArchiveUnit>
				<ArchiveUnit id="ID83">
					<ArchiveUnitRefId>ID43</ArchiveUnitRefId>
				</ArchiveUnit>
				<ArchiveUnit id="ID85">
					<ArchiveUnitRefId>ID44</ArchiveUnitRefId>
				</ArchiveUnit>
				<ArchiveUnit id="ID86">
					<ArchiveUnitRefId>ID6</ArchiveUnitRefId>
				</ArchiveUnit>
				<ArchiveUnit id="ID88">
					<ArchiveUnitRefId>ID5</ArchiveUnitRefId>
				</ArchiveUnit>
				<ArchiveUnit id="ID92">
					<ArchiveUnitRefId>ID25</ArchiveUnitRefId>
				</ArchiveUnit>
				<ArchiveUnit id="ID93">
					<ArchiveUnitRefId>ID47</ArchiveUnitRefId>
				</ArchiveUnit>
				<ArchiveUnit id="ID95">
					<ArchiveUnitRefId>ID26</ArchiveUnitRefId>
				</ArchiveUnit>
				<ArchiveUnit id="ID96">
					<ArchiveUnitRefId>ID48</ArchiveUnitRefId>
				</ArchiveUnit>
				<ArchiveUnit id="ID98">
					<ArchiveUnitRefId>ID45</ArchiveUnitRefId>
				</ArchiveUnit>
				<ArchiveUnit id="ID100">
					<ArchiveUnitRefId>ID24</ArchiveUnitRefId>
				</ArchiveUnit>
				<ArchiveUnit id="ID101">
					<ArchiveUnitRefId>ID46</ArchiveUnitRefId>
				</ArchiveUnit>
			</ArchiveUnit>
			<ArchiveUnit id="ID5">
				<Content>
					<DescriptionLevel>Subseries</DescriptionLevel>
					<Title>Assemblées parlementaires</Title>
					<OriginatingAgencyArchiveUnitIdentifier>REP.1.</OriginatingAgencyArchiveUnitIdentifier>
				</Content>
			</ArchiveUnit>
			<ArchiveUnit id="ID6">
				<Content>
					<DescriptionLevel>Subseries</DescriptionLevel>
					<Title>Souverains, chefs de l'état et de gouvernement, pouvoir exécutif</Title>
					<OriginatingAgencyArchiveUnitIdentifier>REP.2.</OriginatingAgencyArchiveUnitIdentifier>
				</Content>
				<ArchiveUnit id="ID60">
					<ArchiveUnitRefId>ID10</ArchiveUnitRefId>
				</ArchiveUnit>
				<ArchiveUnit id="ID62">
					<ArchiveUnitRefId>ID11</ArchiveUnitRefId>
				</ArchiveUnit>
				<ArchiveUnit id="ID67">
					<ArchiveUnitRefId>ID14</ArchiveUnitRefId>
				</ArchiveUnit>
				<ArchiveUnit id="ID69">
					<ArchiveUnitRefId>ID15</ArchiveUnitRefId>
				</ArchiveUnit>
				<ArchiveUnit id="ID71">
					<ArchiveUnitRefId>ID12</ArchiveUnitRefId>
				</ArchiveUnit>
				<ArchiveUnit id="ID73">
					<ArchiveUnitRefId>ID13</ArchiveUnitRefId>
				</ArchiveUnit>
				<ArchiveUnit id="ID77">
					<ArchiveUnitRefId>ID16</ArchiveUnitRefId>
				</ArchiveUnit>
				<ArchiveUnit id="ID91">
					<ArchiveUnitRefId>ID8</ArchiveUnitRefId>
				</ArchiveUnit>
				<ArchiveUnit id="ID94">
					<ArchiveUnitRefId>ID7</ArchiveUnitRefId>
				</ArchiveUnit>
				<ArchiveUnit id="ID99">
					<ArchiveUnitRefId>ID9</ArchiveUnitRefId>
				</ArchiveUnit>
			</ArchiveUnit>
			<ArchiveUnit id="ID7">
				<Content>
					<DescriptionLevel>Subseries</DescriptionLevel>
					<Title>Révolution et Premier Empire</Title>
					<OriginatingAgencyArchiveUnitIdentifier>REP.2.1.</OriginatingAgencyArchiveUnitIdentifier>
				</Content>
			</ArchiveUnit>
			<ArchiveUnit id="ID8">
				<Content>
					<DescriptionLevel>Subseries</DescriptionLevel>
					<Title>Restauration et Monarchie de Juillet</Title>
					<OriginatingAgencyArchiveUnitIdentifier>REP.2.2.</OriginatingAgencyArchiveUnitIdentifier>
				</Content>
			</ArchiveUnit>
			<ArchiveUnit id="ID9">
				<Content>
					<DescriptionLevel>Subseries</DescriptionLevel>
					<Title>Seconde République</Title>
					<OriginatingAgencyArchiveUnitIdentifier>REP.2.3.</OriginatingAgencyArchiveUnitIdentifier>
				</Content>
			</ArchiveUnit>
			<ArchiveUnit id="ID10">
				<Content>
					<DescriptionLevel>Subseries</DescriptionLevel>
					<Title>Ministère de la maison de l'empereur (Second Empire)</Title>
					<OriginatingAgencyArchiveUnitIdentifier>REP.2.4.</OriginatingAgencyArchiveUnitIdentifier>
				</Content>
			</ArchiveUnit>
			<ArchiveUnit id="ID11">
				<Content>
					<DescriptionLevel>Subseries</DescriptionLevel>
					<Title>Ministère d'état (Second Empire)</Title>
					<OriginatingAgencyArchiveUnitIdentifier>REP.2.5.</OriginatingAgencyArchiveUnitIdentifier>
				</Content>
			</ArchiveUnit>
			<ArchiveUnit id="ID12">
				<Content>
					<DescriptionLevel>Subseries</DescriptionLevel>
					<Title>Troisième République</Title>
					<OriginatingAgencyArchiveUnitIdentifier>REP.2.6.</OriginatingAgencyArchiveUnitIdentifier>
				</Content>
			</ArchiveUnit>
			<ArchiveUnit id="ID13">
				<Content>
					<DescriptionLevel>Subseries</DescriptionLevel>
					<Title>état français</Title>
					<OriginatingAgencyArchiveUnitIdentifier>REP.2.7.</OriginatingAgencyArchiveUnitIdentifier>
				</Content>
			</ArchiveUnit>
			<ArchiveUnit id="ID14">
				<Content>
					<DescriptionLevel>Subseries</DescriptionLevel>
					<Title>France libre et gouvernement provisoire de la France</Title>
					<OriginatingAgencyArchiveUnitIdentifier>REP.2.8.</OriginatingAgencyArchiveUnitIdentifier>
				</Content>
			</ArchiveUnit>
			<ArchiveUnit id="ID15">
				<Content>
					<DescriptionLevel>Subseries</DescriptionLevel>
					<Title>Quatrième République</Title>
					<OriginatingAgencyArchiveUnitIdentifier>REP.2.9.</OriginatingAgencyArchiveUnitIdentifier>
				</Content>
			</ArchiveUnit>
			<ArchiveUnit id="ID16">
				<Content>
					<DescriptionLevel>Subseries</DescriptionLevel>
					<Title>Cinquième République</Title>
					<OriginatingAgencyArchiveUnitIdentifier>REP.2.10.</OriginatingAgencyArchiveUnitIdentifier>
				</Content>
				<ArchiveUnit id="ID75">
					<ArchiveUnitRefId>ID18</ArchiveUnitRefId>
				</ArchiveUnit>
				<ArchiveUnit id="ID76">
					<ArchiveUnitRefId>ID19</ArchiveUnitRefId>
				</ArchiveUnit>
				<ArchiveUnit id="ID79">
					<ArchiveUnitRefId>ID17</ArchiveUnitRefId>
				</ArchiveUnit>
				<ArchiveUnit id="ID82">
					<ArchiveUnitRefId>ID21</ArchiveUnitRefId>
				</ArchiveUnit>
				<ArchiveUnit id="ID84">
					<ArchiveUnitRefId>ID22</ArchiveUnitRefId>
				</ArchiveUnit>
				<ArchiveUnit id="ID89">
					<ArchiveUnitRefId>ID20</ArchiveUnitRefId>
				</ArchiveUnit>
				<ArchiveUnit id="ID97">
					<ArchiveUnitRefId>ID23</ArchiveUnitRefId>
				</ArchiveUnit>
			</ArchiveUnit>
			<ArchiveUnit id="ID17">
				<Content>
					<DescriptionLevel>Subseries</DescriptionLevel>
					<Title>Charles de Gaulle</Title>
					<OriginatingAgencyArchiveUnitIdentifier>REP.2.10.1.</OriginatingAgencyArchiveUnitIdentifier>
				</Content>
			</ArchiveUnit>
			<ArchiveUnit id="ID18">
				<Content>
					<DescriptionLevel>Subseries</DescriptionLevel>
					<Title>Georges Pompidou</Title>
					<OriginatingAgencyArchiveUnitIdentifier>REP.2.10.2.</OriginatingAgencyArchiveUnitIdentifier>
				</Content>
			</ArchiveUnit>
			<ArchiveUnit id="ID19">
				<Content>
					<DescriptionLevel>Subseries</DescriptionLevel>
					<Title>Valéry Giscard d'Estaing</Title>
					<OriginatingAgencyArchiveUnitIdentifier>REP.2.10.3.</OriginatingAgencyArchiveUnitIdentifier>
				</Content>
			</ArchiveUnit>
			<ArchiveUnit id="ID20">
				<Content>
					<DescriptionLevel>Subseries</DescriptionLevel>
					<Title>François Mitterrand</Title>
					<OriginatingAgencyArchiveUnitIdentifier>REP.2.10.4.</OriginatingAgencyArchiveUnitIdentifier>
				</Content>
			</ArchiveUnit>
			<ArchiveUnit id="ID21">
				<Content>
					<DescriptionLevel>Subseries</DescriptionLevel>
					<Title>Jacques Chirac</Title>
					<OriginatingAgencyArchiveUnitIdentifier>REP.2.10.5.</OriginatingAgencyArchiveUnitIdentifier>
				</Content>
			</ArchiveUnit>
			<ArchiveUnit id="ID22">
				<Content>
					<DescriptionLevel>Subseries</DescriptionLevel>
					<Title>Nicolas Sarkozy</Title>
					<OriginatingAgencyArchiveUnitIdentifier>REP.2.10.6.</OriginatingAgencyArchiveUnitIdentifier>
				</Content>
			</ArchiveUnit>
			<ArchiveUnit id="ID23">
				<Content>
					<DescriptionLevel>Subseries</DescriptionLevel>
					<Title>François Hollande</Title>
					<OriginatingAgencyArchiveUnitIdentifier>REP.2.10.7.</OriginatingAgencyArchiveUnitIdentifier>
				</Content>
			</ArchiveUnit>
			<ArchiveUnit id="ID24">
				<Content>
					<DescriptionLevel>Subseries</DescriptionLevel>
					<Title>Coordination gouvernementale et interministérielle</Title>
					<OriginatingAgencyArchiveUnitIdentifier>REP.3.</OriginatingAgencyArchiveUnitIdentifier>
				</Content>
			</ArchiveUnit>
			<ArchiveUnit id="ID25">
				<Content>
					<DescriptionLevel>Subseries</DescriptionLevel>
					<Title>Fonctionnement de l'Etat</Title>
					<OriginatingAgencyArchiveUnitIdentifier>REP.4.</OriginatingAgencyArchiveUnitIdentifier>
				</Content>
			</ArchiveUnit>
			<ArchiveUnit id="ID26">
				<Content>
					<DescriptionLevel>Subseries</DescriptionLevel>
					<Title>Administrations et organismes liés aux périodes de guerre</Title>
					<OriginatingAgencyArchiveUnitIdentifier>REP.5.</OriginatingAgencyArchiveUnitIdentifier>
				</Content>
			</ArchiveUnit>
			<ArchiveUnit id="ID27">
				<Content>
					<DescriptionLevel>Subseries</DescriptionLevel>
					<Title>Intérieur</Title>
					<OriginatingAgencyArchiveUnitIdentifier>REP.6.</OriginatingAgencyArchiveUnitIdentifier>
				</Content>
			</ArchiveUnit>
			<ArchiveUnit id="ID28">
				<Content>
					<DescriptionLevel>Subseries</DescriptionLevel>
					<Title>Justice</Title>
					<OriginatingAgencyArchiveUnitIdentifier>REP.7.</OriginatingAgencyArchiveUnitIdentifier>
				</Content>
				<ArchiveUnit id="ID54">
					<ArchiveUnitRefId>ID29</ArchiveUnitRefId>
				</ArchiveUnit>
				<ArchiveUnit id="ID61">
					<ArchiveUnitRefId>ID32</ArchiveUnitRefId>
				</ArchiveUnit>
				<ArchiveUnit id="ID63">
					<ArchiveUnitRefId>ID33</ArchiveUnitRefId>
				</ArchiveUnit>
				<ArchiveUnit id="ID64">
					<ArchiveUnitRefId>ID30</ArchiveUnitRefId>
				</ArchiveUnit>
				<ArchiveUnit id="ID66">
					<ArchiveUnitRefId>ID31</ArchiveUnitRefId>
				</ArchiveUnit>
				<ArchiveUnit id="ID68">
					<ArchiveUnitRefId>ID36</ArchiveUnitRefId>
				</ArchiveUnit>
				<ArchiveUnit id="ID70">
					<ArchiveUnitRefId>ID37</ArchiveUnitRefId>
				</ArchiveUnit>
				<ArchiveUnit id="ID72">
					<ArchiveUnitRefId>ID34</ArchiveUnitRefId>
				</ArchiveUnit>
				<ArchiveUnit id="ID74">
					<ArchiveUnitRefId>ID35</ArchiveUnitRefId>
				</ArchiveUnit>
				<ArchiveUnit id="ID78">
					<ArchiveUnitRefId>ID38</ArchiveUnitRefId>
				</ArchiveUnit>
				<ArchiveUnit id="ID80">
					<ArchiveUnitRefId>ID39</ArchiveUnitRefId>
				</ArchiveUnit>
				<ArchiveUnit id="ID81">
					<ArchiveUnitRefId>ID40</ArchiveUnitRefId>
				</ArchiveUnit>
				<ArchiveUnit id="ID87">
					<ArchiveUnitRefId>ID41</ArchiveUnitRefId>
				</ArchiveUnit>
				<ArchiveUnit id="ID90">
					<ArchiveUnitRefId>ID42</ArchiveUnitRefId>
				</ArchiveUnit>
			</ArchiveUnit>
			<ArchiveUnit id="ID29">
				<Content>
					<DescriptionLevel>Subseries</DescriptionLevel>
					<Title>Cabinet du ministre</Title>
					<OriginatingAgencyArchiveUnitIdentifier>REP.7.1.</OriginatingAgencyArchiveUnitIdentifier>
				</Content>
			</ArchiveUnit>
			<ArchiveUnit id="ID30">
				<Content>
					<DescriptionLevel>Subseries</DescriptionLevel>
					<Title>Lois, décrets, ordonnances et arrêtés (originaux ou authentiques) provenant du ministère de la Justice</Title>
					<OriginatingAgencyArchiveUnitIdentifier>REP.7.2.</OriginatingAgencyArchiveUnitIdentifier>
				</Content>
			</ArchiveUnit>
			<ArchiveUnit id="ID31">
				<Content>
					<DescriptionLevel>Subseries</DescriptionLevel>
					<Title>Instances de contrôle et de conseil</Title>
					<OriginatingAgencyArchiveUnitIdentifier>REP.7.3.</OriginatingAgencyArchiveUnitIdentifier>
				</Content>
			</ArchiveUnit>
			<ArchiveUnit id="ID32">
				<Content>
					<DescriptionLevel>Subseries</DescriptionLevel>
					<Title>Organismes et services rattachés</Title>
					<OriginatingAgencyArchiveUnitIdentifier>REP.7.4.</OriginatingAgencyArchiveUnitIdentifier>
				</Content>
			</ArchiveUnit>
			<ArchiveUnit id="ID33">
				<Content>
					<DescriptionLevel>Subseries</DescriptionLevel>
					<Title>Ministères et secrétariats d'Etat délégués</Title>
					<OriginatingAgencyArchiveUnitIdentifier>REP.7.5.</OriginatingAgencyArchiveUnitIdentifier>
				</Content>
			</ArchiveUnit>
			<ArchiveUnit id="ID34">
				<Content>
					<DescriptionLevel>Subseries</DescriptionLevel>
					<Title>Administration générale</Title>
					<OriginatingAgencyArchiveUnitIdentifier>REP.7.6.</OriginatingAgencyArchiveUnitIdentifier>
				</Content>
			</ArchiveUnit>
			<ArchiveUnit id="ID35">
				<Content>
					<DescriptionLevel>Subseries</DescriptionLevel>
					<Title>Relations internationales</Title>
					<OriginatingAgencyArchiveUnitIdentifier>REP.7.7.</OriginatingAgencyArchiveUnitIdentifier>
				</Content>
			</ArchiveUnit>
			<ArchiveUnit id="ID36">
				<Content>
					<DescriptionLevel>Subseries</DescriptionLevel>
					<Title>Services judiciaires</Title>
					<OriginatingAgencyArchiveUnitIdentifier>REP.7.8.</OriginatingAgencyArchiveUnitIdentifier>
				</Content>
			</ArchiveUnit>
			<ArchiveUnit id="ID37">
				<Content>
					<DescriptionLevel>Subseries</DescriptionLevel>
					<Title>Affaires civiles et sceau</Title>
					<OriginatingAgencyArchiveUnitIdentifier>REP.7.9.</OriginatingAgencyArchiveUnitIdentifier>
				</Content>
			</ArchiveUnit>
			<ArchiveUnit id="ID38">
				<Content>
					<DescriptionLevel>Subseries</DescriptionLevel>
					<Title>Affaires criminelles et grâces</Title>
					<OriginatingAgencyArchiveUnitIdentifier>REP.7.10.</OriginatingAgencyArchiveUnitIdentifier>
				</Content>
			</ArchiveUnit>
			<ArchiveUnit id="ID39">
				<Content>
					<DescriptionLevel>Subseries</DescriptionLevel>
					<Title>Administration pénitentiaire depuis le XXe s.</Title>
					<OriginatingAgencyArchiveUnitIdentifier>REP.7.11.</OriginatingAgencyArchiveUnitIdentifier>
				</Content>
			</ArchiveUnit>
			<ArchiveUnit id="ID40">
				<Content>
					<DescriptionLevel>Subseries</DescriptionLevel>
					<Title>Direction de la protection judiciaire de la jeunesse</Title>
					<OriginatingAgencyArchiveUnitIdentifier>REP.7.12.</OriginatingAgencyArchiveUnitIdentifier>
				</Content>
			</ArchiveUnit>
			<ArchiveUnit id="ID41">
				<Content>
					<DescriptionLevel>Subseries</DescriptionLevel>
					<Title>Service de l'accès au droit et à la justice et de la politique de la ville</Title>
					<OriginatingAgencyArchiveUnitIdentifier>REP.7.13.</OriginatingAgencyArchiveUnitIdentifier>
				</Content>
			</ArchiveUnit>
			<ArchiveUnit id="ID42">
				<Content>
					<DescriptionLevel>Subseries</DescriptionLevel>
					<Title>Droit des victimes, aide aux victimes</Title>
					<OriginatingAgencyArchiveUnitIdentifier>REP.7.14.</OriginatingAgencyArchiveUnitIdentifier>
				</Content>
			</ArchiveUnit>
			<ArchiveUnit id="ID43">
				<Content>
					<DescriptionLevel>Subseries</DescriptionLevel>
					<Title>Colonies, Outre-mer, Coopération</Title>
					<OriginatingAgencyArchiveUnitIdentifier>REP.8.</OriginatingAgencyArchiveUnitIdentifier>
				</Content>
			</ArchiveUnit>
			<ArchiveUnit id="ID44">
				<Content>
					<DescriptionLevel>Subseries</DescriptionLevel>
					<Title>Beaux-Arts, Culture et Communication</Title>
					<OriginatingAgencyArchiveUnitIdentifier>REP.9.</OriginatingAgencyArchiveUnitIdentifier>
				</Content>
			</ArchiveUnit>
			<ArchiveUnit id="ID45">
				<Content>
					<DescriptionLevel>Subseries</DescriptionLevel>
					<Title>Education, enseignement supérieur et recherche</Title>
					<OriginatingAgencyArchiveUnitIdentifier>REP.10.</OriginatingAgencyArchiveUnitIdentifier>
				</Content>
			</ArchiveUnit>
			<ArchiveUnit id="ID46">
				<Content>
					<DescriptionLevel>Subseries</DescriptionLevel>
					<Title>Jeunesse et sports</Title>
					<OriginatingAgencyArchiveUnitIdentifier>REP.11.</OriginatingAgencyArchiveUnitIdentifier>
				</Content>
			</ArchiveUnit>
			<ArchiveUnit id="ID47">
				<Content>
					<DescriptionLevel>Subseries</DescriptionLevel>
					<Title>Travail, Santé, Affaires sociales</Title>
					<OriginatingAgencyArchiveUnitIdentifier>REP.12.</OriginatingAgencyArchiveUnitIdentifier>
				</Content>
			</ArchiveUnit>
			<ArchiveUnit id="ID48">
				<Content>
					<DescriptionLevel>Subseries</DescriptionLevel>
					<Title>Migrations</Title>
					<OriginatingAgencyArchiveUnitIdentifier>REP.13.</OriginatingAgencyArchiveUnitIdentifier>
				</Content>
			</ArchiveUnit>
			<ArchiveUnit id="ID49">
				<Content>
					<DescriptionLevel>Subseries</DescriptionLevel>
					<Title>économie et finances</Title>
					<OriginatingAgencyArchiveUnitIdentifier>REP.14.</OriginatingAgencyArchiveUnitIdentifier>
				</Content>
			</ArchiveUnit>
			<ArchiveUnit id="ID50">
				<Content>
					<DescriptionLevel>Subseries</DescriptionLevel>
					<Title>Travaux publics, équipement, urbanisme, transports, aménagement du territoire, écologie, environnement</Title>
					<OriginatingAgencyArchiveUnitIdentifier>REP.15.</OriginatingAgencyArchiveUnitIdentifier>
				</Content>
			</ArchiveUnit>
			<ArchiveUnit id="ID51">
				<Content>
					<DescriptionLevel>Subseries</DescriptionLevel>
					<Title>Agriculture</Title>
					<OriginatingAgencyArchiveUnitIdentifier>REP.16.</OriginatingAgencyArchiveUnitIdentifier>
				</Content>
			</ArchiveUnit>
			<ArchiveUnit id="ID52">
				<Content>
					<DescriptionLevel>Subseries</DescriptionLevel>
					<Title>Postes, Télégraphes, Télécommunications</Title>
					<OriginatingAgencyArchiveUnitIdentifier>REP.17.</OriginatingAgencyArchiveUnitIdentifier>
				</Content>
			</ArchiveUnit>
			<ArchiveUnit id="ID53">
				<Content>
					<DescriptionLevel>Series</DescriptionLevel>
					<Title>Archives privées</Title>
					<OriginatingAgencyArchiveUnitIdentifier>AP.</OriginatingAgencyArchiveUnitIdentifier>
				</Content>
			</ArchiveUnit>
		</DescriptiveMetadata>
		<ManagementMetadata>
		    <OriginatingAgencyIdentifier>FRAN_NP_005061</OriginatingAgencyIdentifier>
		</ManagementMetadata>
	</DataObjectPackage>
    <ArchivalAgency>
        <Identifier>Identifier4</Identifier>
    </ArchivalAgency>
    <TransferringAgency>
        <Identifier>Identifier5</Identifier>
    </TransferringAgency>
</ArchiveTransfer>