<?xml version='1.0' encoding='UTF-8'?>
<ArchiveTransfer xmlns:xlink="http://www.w3.org/1999/xlink" xmlns:pr="info:lc/xmlns/premis-v2" xmlns="fr:gouv:culture:archivesdefrance:seda:v2.1" xmlns:xsi="http://www.w3.org/2001/XMLSchema-instance" xsi:schemaLocation="fr:gouv:culture:archivesdefrance:seda:v2.1 seda-2.1-main.xsd" xml:id="ID1">
	<Comment>Jeu de test permettant de tester tous les comportements des règles de gestion</Comment>
	<Date>2017-04-05T08:11:55</Date>
	<MessageIdentifier>Jeu de test complet pour tester les modifications de titre en masse</MessageIdentifier>
	<ArchivalAgreement>ArchivalAgreement0</ArchivalAgreement>
	<CodeListVersions>
		<ReplyCodeListVersion>ReplyCodeListVersion0</ReplyCodeListVersion>
		<MessageDigestAlgorithmCodeListVersion>MessageDigestAlgorithmCodeListVersion0</MessageDigestAlgorithmCodeListVersion>
		<MimeTypeCodeListVersion>MimeTypeCodeListVersion0</MimeTypeCodeListVersion>
		<EncodingCodeListVersion>EncodingCodeListVersion0</EncodingCodeListVersion>
		<FileFormatCodeListVersion>FileFormatCodeListVersion0</FileFormatCodeListVersion>
		<CompressionAlgorithmCodeListVersion>CompressionAlgorithmCodeListVersion0</CompressionAlgorithmCodeListVersion>
		<DataObjectVersionCodeListVersion>DataObjectVersionCodeListVersion0</DataObjectVersionCodeListVersion>
		<StorageRuleCodeListVersion>StorageRuleCodeListVersion0</StorageRuleCodeListVersion>
		<AppraisalRuleCodeListVersion>AppraisalRuleCodeListVersion0</AppraisalRuleCodeListVersion>
		<AccessRuleCodeListVersion>AccessRuleCodeListVersion0</AccessRuleCodeListVersion>
		<DisseminationRuleCodeListVersion>DisseminationRuleCodeListVersion0</DisseminationRuleCodeListVersion>
		<ReuseRuleCodeListVersion>ReuseRuleCodeListVersion0</ReuseRuleCodeListVersion>
		<ClassificationRuleCodeListVersion>ClassificationRuleCodeListVersion0</ClassificationRuleCodeListVersion>
		<AuthorizationReasonCodeListVersion>AuthorizationReasonCodeListVersion0</AuthorizationReasonCodeListVersion>
		<RelationshipCodeListVersion>RelationshipCodeListVersion0</RelationshipCodeListVersion>
	</CodeListVersions>
	<DataObjectPackage xml:id="ID2">
		<BinaryDataObject id="ID13">
			<DataObjectGroupId>ID12</DataObjectGroupId>
			<DataObjectVersion>BinaryMaster</DataObjectVersion>
			<Uri>Content/ID13.txt</Uri>
			<MessageDigest algorithm="SHA-512">86c0bc701ef6b5dd21b080bc5bb2af38097baa6237275da83a52f092c9eae3e4e4b0247391620bd732fe824d18bd3bb6c37e62ec73a8cf3585c6a799399861b1</MessageDigest>
			<Size>6</Size>
			<FormatIdentification>
				<FormatLitteral>Plain Text File</FormatLitteral>
				<MimeType>text/plain</MimeType>
				<FormatId>x-fmt/111</FormatId>
			</FormatIdentification>
			<FileInfo>
				<Filename>Montparnasse.txt</Filename>
				<LastModified>2017-04-04T08:07:06.487+02:00</LastModified>
			</FileInfo>
		</BinaryDataObject>
		<BinaryDataObject id="ID35">
			<DataObjectGroupId>ID34</DataObjectGroupId>
			<DataObjectVersion>BinaryMaster</DataObjectVersion>
			<Uri>Content/ID35.txt</Uri>
			<MessageDigest algorithm="SHA-512">664ac614a819df2a97d2a5df57dcad91d6ec38b0fffc793e80c56b4553a14ac7a5f0bce3bb71af419b0bb8f151ad3d512867454eeb818e01818a31989c13319b</MessageDigest>
			<Size>6</Size>
			<FormatIdentification>
				<FormatLitteral>Plain Text File</FormatLitteral>
				<MimeType>text/plain</MimeType>
				<FormatId>x-fmt/111</FormatId>
			</FormatIdentification>
			<FileInfo>
				<Filename>Pereire.txt</Filename>
				<LastModified>2017-04-04T08:07:27.825+02:00</LastModified>
			</FileInfo>
		</BinaryDataObject>
		<BinaryDataObject id="ID55">
			<DataObjectGroupId>ID54</DataObjectGroupId>
			<DataObjectVersion>BinaryMaster</DataObjectVersion>
			<Uri>Content/ID55.txt</Uri>
			<MessageDigest algorithm="SHA-512">86c0bc701ef6b5dd21b080bc5bb2af38097baa6237275da83a52f092c9eae3e4e4b0247391620bd732fe824d18bd3bb6c37e62ec73a8cf3585c6a799399861b1</MessageDigest>
			<Size>6</Size>
			<FormatIdentification>
				<FormatLitteral>Plain Text File</FormatLitteral>
				<MimeType>text/plain</MimeType>
				<FormatId>x-fmt/111</FormatId>
			</FormatIdentification>
			<FileInfo>
				<Filename>Stalingrad.txt</Filename>
				<LastModified>2017-04-04T08:07:06.487+02:00</LastModified>
			</FileInfo>
		</BinaryDataObject>
		<BinaryDataObject id="ID67">
			<DataObjectGroupId>ID66</DataObjectGroupId>
			<DataObjectVersion>BinaryMaster</DataObjectVersion>
			<Uri>Content/ID67.txt</Uri>
			<MessageDigest algorithm="SHA-512">86c0bc701ef6b5dd21b080bc5bb2af38097baa6237275da83a52f092c9eae3e4e4b0247391620bd732fe824d18bd3bb6c37e62ec73a8cf3585c6a799399861b1</MessageDigest>
			<Size>6</Size>
			<FormatIdentification>
				<FormatLitteral>Plain Text File</FormatLitteral>
				<MimeType>text/plain</MimeType>
				<FormatId>x-fmt/111</FormatId>
			</FormatIdentification>
			<FileInfo>
				<Filename>Bolivar.txt</Filename>
				<LastModified>2017-04-04T08:07:06.487+02:00</LastModified>
			</FileInfo>
		</BinaryDataObject>
		<DescriptiveMetadata>
			<ArchiveUnit id="ID4">
				<Content>
					<DescriptionLevel>RecordGrp</DescriptionLevel>
					<Title>Fracture</Title>
					<Description>Cette unité de description ne porte aucune règle propre et hérite donc de la règle de ManagementMetadata, à savoir ACC-00002 avec StartDate au 01/01/2000</Description>
					<StartDate>2017-04-04T08:07:06</StartDate>
					<EndDate>2017-04-04T08:07:06</EndDate>
				</Content>
				<ArchiveUnit id="ID7">
					<ArchiveUnitRefId>ID6</ArchiveUnitRefId>
				</ArchiveUnit>
			</ArchiveUnit>
			<ArchiveUnit id="ID6">
				<Management>
					<AccessRule>
					<PreventInheritance>true</PreventInheritance>
					</AccessRule>
				</Management>
				<Content>
					<DescriptionLevel>RecordGrp</DescriptionLevel>
					<Title>Fracture</Title>
					<Description>Cette unité de description bloque l'héritage de toutes les règles d'AccessRule et n'a donc plus aucune règle de gestion</Description>
					<StartDate>2017-04-04T08:07:06</StartDate>
					<EndDate>2017-04-04T08:07:06</EndDate>
				</Content>
				<ArchiveUnit id="ID9">
					<ArchiveUnitRefId>ID8</ArchiveUnitRefId>
				</ArchiveUnit>
			</ArchiveUnit>
			<ArchiveUnit id="ID8">
				<Management>
					<StorageRule>
					<Rule>STO-00001</Rule>
					<StartDate>2000-01-01</StartDate>
					<FinalAction>Copy</FinalAction>
					</StorageRule>
					<DisseminationRule>
					<Rule>DIS-00001</Rule>
					<StartDate>2000-01-01</StartDate>
					</DisseminationRule>
					<ReuseRule>
					<Rule>REU-00001</Rule>
					<StartDate>2000-01-01</StartDate>
					</ReuseRule>
				</Management>
				<Content>
					<DescriptionLevel>RecordGrp</DescriptionLevel>
					<Title>Fracture</Title>
					<Description>Cette unité de description a 3 règles propres, STO-00001 avec pour StartDate 01/01/2000 et comme FinalAction Copy, DIS-00001 avec pour StartDate 01/01/2000 et REU-00001 avec pour StartDate 01/01/2000</Description>
					<StartDate>2017-04-04T08:07:06</StartDate>
					<EndDate>2017-04-04T08:07:06</EndDate>
				</Content>
				<ArchiveUnit id="ID11">
					<ArchiveUnitRefId>ID10</ArchiveUnitRefId>
				</ArchiveUnit>
			</ArchiveUnit>
			<ArchiveUnit id="ID10">
				<Management>
					<StorageRule>
					<RefNonRuleId>STO-00001</RefNonRuleId>
					<FinalAction>Copy</FinalAction>
					</StorageRule>
					<DisseminationRule>
					<PreventInheritance>true</PreventInheritance>
					</DisseminationRule>
				</Management>
				<Content>
					<DescriptionLevel>RecordGrp</DescriptionLevel>
					<Title>Fracture</Title>
					<Description>Cette unité de description hérite de ses parents des règles REU-00001 avec pour StartDate 01/01/2000 et ACC-00002 avec pour StartDate 01/01/2000 mais bloque l'héritage de toutes les règles de diffusion ainsi que l'héritage de la règle STO-00001</Description>
					<StartDate>2017-04-04T08:07:06</StartDate>
					<EndDate>2017-04-04T08:07:06</EndDate>
				</Content>
				<ArchiveUnit id="ID15">
					<ArchiveUnitRefId>ID14</ArchiveUnitRefId>
				</ArchiveUnit>
			</ArchiveUnit>
			<ArchiveUnit id="ID14">
				<Content>
					<DescriptionLevel>Item</DescriptionLevel>
					<Title>Fracture</Title>
					<TransactedDate>2017-04-04T08:07:06</TransactedDate>
				</Content>
				<DataObjectReference>
					<DataObjectGroupReferenceId>ID12</DataObjectGroupReferenceId>
				</DataObjectReference>
			</ArchiveUnit>
			<ArchiveUnit id="ID16">
				<Management>
					<AccessRule>
					<Rule>ACC-00003</Rule>
					<StartDate>2000-01-01</StartDate>
					</AccessRule>
				</Management>
				<Content>
					<DescriptionLevel>RecordGrp</DescriptionLevel>
					<Title>Fracture</Title>
					<Description>Cette unité de description doit hériter de ManagementMetadata de la règle ACC-00002 avec pour StartDate 01/01/2000 et a comme règle propre ACC-00003 avec pour StartDate 01/01/2000</Description>
					<StartDate>2017-04-05T08:11:56</StartDate>
					<EndDate>2017-04-05T08:11:56</EndDate>
				</Content>
				<ArchiveUnit id="ID19">
					<ArchiveUnitRefId>ID18</ArchiveUnitRefId>
				</ArchiveUnit>
			</ArchiveUnit>
			<ArchiveUnit id="ID18">
				<Management>
					<AccessRule>
					<Rule>ACC-00002</Rule>
					<StartDate>2002-01-01</StartDate>
					</AccessRule>
				</Management>
				<Content>
					<DescriptionLevel>RecordGrp</DescriptionLevel>
					<Title>Fracture</Title>
					<Description>Cette unité de description doit hériter de son parent de la règle ACC-00003 avec pour StartDate 01/01/2000 mais a la même règle que son parent à savoir ACC-00002 avec une StartDate différente au 01/01/2002</Description>
					<StartDate>2017-04-05T08:11:56</StartDate>
					<EndDate>2017-04-05T08:11:56</EndDate>
				</Content>
				<ArchiveUnit id="ID21">
					<ArchiveUnitRefId>ID20</ArchiveUnitRefId>
				</ArchiveUnit>
			</ArchiveUnit>
			<ArchiveUnit id="ID20">
				<Management>
					<AccessRule>
					<RefNonRuleId>ACC-00003</RefNonRuleId>
					</AccessRule>
					<DisseminationRule>
					<Rule>DIS-00002</Rule>
					<StartDate>2000-01-01</StartDate>
					</DisseminationRule>
				</Management>
				<Content>
					<DescriptionLevel>RecordGrp</DescriptionLevel>
					<Title>Fracture</Title>
					<Description>Cette unité de description doit hériter de son parent de la règle ACC-00002 avec pour StartDate 01/01/2002, bloque l'héritage de la règle ACC-00003 et a pour règle propre DIS-00002 avec pour StartDate 01/01/2000</Description>
					<StartDate>2017-04-05T08:11:56</StartDate>
					<EndDate>2017-04-05T08:11:56</EndDate>
				</Content>
				<ArchiveUnit id="ID74">
					<ArchiveUnitRefId>ID10</ArchiveUnitRefId>
				</ArchiveUnit>
			</ArchiveUnit>
			<ArchiveUnit id="ID24">
				<Management>
					<AccessRule>
					<Rule>ACC-00002</Rule>
					<StartDate>2002-01-01</StartDate>
					</AccessRule>
				</Management>
				<Content>
					<DescriptionLevel>RecordGrp</DescriptionLevel>
					<Title>Fracture</Title>
					<Description>Cette unité de description a la même règle de gestion que celle héritée de ManagementMetadata ACC-00002 mais avec une StartDate différente au 01/01/2002 et ne doit donc avoir qu'une seule fois ACC-00002 avec comme StartDate 01/01/2002</Description>
					<StartDate>2017-04-04T08:07:27</StartDate>
					<EndDate>2017-04-04T08:07:27</EndDate>
				</Content>
				<ArchiveUnit id="ID27">
					<ArchiveUnitRefId>ID26</ArchiveUnitRefId>
				</ArchiveUnit>
			</ArchiveUnit>
			<ArchiveUnit id="ID26">
				<Management>
					<AccessRule>
					<Rule>ACC-00003</Rule>
					<StartDate>2000-01-01</StartDate>
					</AccessRule>
				</Management>
				<Content>
					<DescriptionLevel>RecordGrp</DescriptionLevel>
					<Title>Fracture</Title>
					<Description>Cette unité de description hérite de son parent la règle ACC-00002 avec pour StartDate 01/01/2002 et a une règle propre dans la même catégorie ACC-00003 avec pour StartDate 01/01/2000</Description>
					<StartDate>2017-04-04T08:07:27</StartDate>
					<EndDate>2017-04-04T08:07:27</EndDate>
				</Content>
				<ArchiveUnit id="ID29">
					<ArchiveUnitRefId>ID28</ArchiveUnitRefId>
				</ArchiveUnit>
			</ArchiveUnit>
			<ArchiveUnit id="ID28">
				<Management>
					<AccessRule>
					<Rule>ACC-00004</Rule>
					<StartDate>2000-01-01</StartDate>
					<Rule>ACC-00005</Rule>
					<StartDate>2000-01-01</StartDate>
					<PreventInheritance>true</PreventInheritance>
					</AccessRule>
				</Management>
				<Content>
					<DescriptionLevel>RecordGrp</DescriptionLevel>
					<Title>Fracture</Title>
					<Description>Cette unité de description bloque l'héritage des règles AccessRule de son parent mais a pour règles propres ACC-00004 avec pour StartDate 01/01/2000 et ACC-00005 avec pour StartDate 01/01/2000</Description>
					<StartDate>2017-04-04T08:07:27</StartDate>
					<EndDate>2017-04-04T08:07:27</EndDate>
				</Content>
				<ArchiveUnit id="ID31">
					<ArchiveUnitRefId>ID30</ArchiveUnitRefId>
				</ArchiveUnit>
			</ArchiveUnit>
			<ArchiveUnit id="ID30">
				<Management>
					<AccessRule>
					<Rule>ACC-00004</Rule>
					<StartDate>2002-01-01</StartDate>
					<RefNonRuleId>ACC-00004</RefNonRuleId>
					</AccessRule>
				</Management>
				<Content>
					<DescriptionLevel>RecordGrp</DescriptionLevel>
					<Title>Fracture</Title>
					<Description>Cette unité de description bloque l'héritage de son parent de la règle ACC-00004, hérite de la règle ACC-00005 avec pour StartDate 01/01/2000 mais déclare cette même règle ACC-00004 avec pour StartDate 01/01/2002</Description>
					<StartDate>2017-04-04T08:07:27</StartDate>
					<EndDate>2017-04-04T08:07:27</EndDate>
				</Content>
				<ArchiveUnit id="ID33">
					<ArchiveUnitRefId>ID32</ArchiveUnitRefId>
				</ArchiveUnit>
			</ArchiveUnit>
			<ArchiveUnit id="ID32">
				<Management>
					<AccessRule>
					<Rule>ACC-00001</Rule>
					<StartDate>2000-01-01</StartDate>
					<PreventInheritance>true</PreventInheritance>
					</AccessRule>
					<DisseminationRule>
					<Rule>DIS-00001</Rule>
					<StartDate>2000-01-01</StartDate>
					<RefNonRuleId>DIS-00002</RefNonRuleId>
					</DisseminationRule>
				</Management>
				<Content>
					<DescriptionLevel>RecordGrp</DescriptionLevel>
					<Title>Fracture</Title>
					<Description>Cette unité de description bloque l'héritage de toutes les règles AccessRule et de la DIS-00002 mais déclare ACC-00001 avec pour StartDate 01/01/2000 et DIS-00001 avec pour StartDate 01/01/2000</Description>
					<StartDate>2017-04-04T08:07:27</StartDate>
					<EndDate>2017-04-04T08:07:27</EndDate>
				</Content>
				<ArchiveUnit id="ID37">
					<ArchiveUnitRefId>ID36</ArchiveUnitRefId>
				</ArchiveUnit>
			</ArchiveUnit>
			<ArchiveUnit id="ID36">
				<Content>
					<DescriptionLevel>Item</DescriptionLevel>
					<Title>Pereire.txt</Title>
					<TransactedDate>2017-04-04T08:07:27</TransactedDate>
				</Content>
				<DataObjectReference>
					<DataObjectGroupReferenceId>ID34</DataObjectGroupReferenceId>
				</DataObjectReference>
			</ArchiveUnit>
			<ArchiveUnit id="ID38">
				<Management>
					<DisseminationRule>
					<Rule>DIS-00001</Rule>
					<StartDate>2000-01-01</StartDate>
					</DisseminationRule>
				</Management>
				<Content>
					<DescriptionLevel>RecordGrp</DescriptionLevel>
					<Title>4_ Porte de Clignancourt</Title>
					<Description>Cette unité de description doit hériter de ManagementMetadata la règle ACC-00002 avec comme StartDate 01/01/2000 et a une règle propre DIS-00001 avec comme StartDate 01/01/2000</Description>
					<StartDate>2017-04-05T08:11:56</StartDate>
					<EndDate>2017-04-05T08:11:56</EndDate>
				</Content>
				<ArchiveUnit id="ID41">
					<ArchiveUnitRefId>ID40</ArchiveUnitRefId>
				</ArchiveUnit>
			</ArchiveUnit>
			<ArchiveUnit id="ID40">
				<Content>
					<DescriptionLevel>RecordGrp</DescriptionLevel>
					<Title>Simplon</Title>
					<Description>Cette unité de description doit hériter de son parent la règle ACC-00002 avec comme StartDate 01/01/2000 et la règle DIS-00001 avec comme StartDate 01/01/2000</Description>
					<StartDate>2017-04-05T08:11:56</StartDate>
					<EndDate>2017-04-05T08:11:56</EndDate>
				</Content>
				<ArchiveUnit id="ID43">
					<ArchiveUnitRefId>ID42</ArchiveUnitRefId>
				</ArchiveUnit>
			</ArchiveUnit>
			<ArchiveUnit id="ID42">
				<Management>
					<AccessRule>
					<Rule>ACC-00003</Rule>
					<StartDate>2000-01-01</StartDate>
					<PreventInheritance>true</PreventInheritance>
					</AccessRule>
				</Management>
				<Content>
					<DescriptionLevel>RecordGrp</DescriptionLevel>
					<Title>Fracture</Title>
					<Description>Cette unité de description bloque l'héritage des règles AccessRule mais déclare la règle ACC-00003 avec pour StartDate 01/01/2000 et hérite de la règle DIS-00001 avec pour StartDate 01/01/2000</Description>
					<StartDate>2017-04-05T08:11:56</StartDate>
					<EndDate>2017-04-05T08:11:56</EndDate>
				</Content>
				<ArchiveUnit id="ID45">
					<ArchiveUnitRefId>ID44</ArchiveUnitRefId>
				</ArchiveUnit>
			</ArchiveUnit>
			<ArchiveUnit id="ID44">
				<Management>
					<DisseminationRule>
					<Rule>DIS-00002</Rule>
					<StartDate>2000-01-01</StartDate>
					<RefNonRuleId>DIS-00001</RefNonRuleId>
					</DisseminationRule>
				</Management>
				<Content>
					<DescriptionLevel>RecordGrp</DescriptionLevel>
					<Title>Fracture</Title>
					<Description>Cette unité de description hérite de son parent de la règle ACC-00003 avec pour StartDate 01/01/2000, bloque l'héritage de la règle DIS-00001 mais déclare la règle DIS-00002 avec pour StartDate 01/01/2000</Description>
					<StartDate>2017-04-05T08:11:56</StartDate>
					<EndDate>2017-04-05T08:11:56</EndDate>
				</Content>
				<ArchiveUnit id="ID75">
					<ArchiveUnitRefId>ID32</ArchiveUnitRefId>
				</ArchiveUnit>
			</ArchiveUnit>
			<ArchiveUnit id="ID48">
				<Management>
				<AccessRule>
				<Rule>ACC-00002</Rule>
				<StartDate>2002-01-01</StartDate>
				<PreventInheritance>true</PreventInheritance>
				</AccessRule>
				</Management>
				<Content>
					<DescriptionLevel>RecordGrp</DescriptionLevel>
					<Title>Fracture</Title>
					<Description>Cette règle de description bloque toutes les AccessRule héritées de ManagementMetadata mais redéclare la règle ACC-00002 avec pour StartDate 01/01/2002</Description>
					<StartDate>2017-04-04T08:07:06</StartDate>
					<EndDate>2017-04-04T08:07:06</EndDate>
				</Content>
				<ArchiveUnit id="ID51">
					<ArchiveUnitRefId>ID50</ArchiveUnitRefId>
				</ArchiveUnit>
			</ArchiveUnit>
			<ArchiveUnit id="ID50">
				<Management>
				<StorageRule>
					<Rule>STO-00001</Rule>
					<StartDate>2000-01-01</StartDate>
					<FinalAction>Copy</FinalAction>
				</StorageRule>
				<AppraisalRule>
					<Rule>APP-00002</Rule>
					<StartDate>2000-01-01</StartDate>
					<FinalAction>Destroy</FinalAction>
				</AppraisalRule>
				<AccessRule>
					<Rule>ACC-00003</Rule>
					<StartDate>2000-01-01</StartDate>
				</AccessRule>
				<DisseminationRule>
					<Rule>DIS-00001</Rule>
					<StartDate>2000-01-01</StartDate>
				</DisseminationRule>
				<ReuseRule>
					<Rule>REU-00001</Rule>
					<StartDate>2000-01-01</StartDate>
				</ReuseRule>
				<ClassificationRule>
					<Rule>CLASS-00001</Rule>
					<StartDate>2000-01-01</StartDate>
					<ClassificationLevel>Secret Défense</ClassificationLevel>
					<ClassificationOwner>RATP</ClassificationOwner>
				</ClassificationRule>
				</Management>
				<Content>
					<DescriptionLevel>RecordGrp</DescriptionLevel>
					<Title>Fracture</Title>
					<Description>Cette unité de description hérite de la règle ACC-00002 avec pour StartDate 01/01/2002, et déclare les règles STO-00001, APP-00002, ACC-00003, DIS-00001, REU-00001 et CLASS-00001 toutes avec pour StartDate 01/01/2000</Description>
					<StartDate>2017-04-04T08:07:06</StartDate>
					<EndDate>2017-04-04T08:07:06</EndDate>
				</Content>
				<ArchiveUnit id="ID53">
					<ArchiveUnitRefId>ID52</ArchiveUnitRefId>
				</ArchiveUnit>
			</ArchiveUnit>
			<ArchiveUnit id="ID52">
				<Management>
				<AccessRule>
					<Rule>ACC-00002</Rule>
					<StartDate>2000-01-01</StartDate>
					<RefNonRuleId>ACC-00002</RefNonRuleId>
				</AccessRule>
				<DisseminationRule>
					<Rule>DIS-00002</Rule>
				</DisseminationRule>
				</Management>
				<Content>
					<DescriptionLevel>RecordGrp</DescriptionLevel>
					<Title>Fracture</Title>
					<Description>Cette unité de description hérite des règles de gestion de son parent (STO-00001, ACC-00003, DIS-00001, REU-00001 et CLASS-00001 toutes avec pour StartDate 01/01/2000), bloque l'héritage de la règle ACC-00002 mais la redéclare avec pour StartDate 01/01/2000 et déclare DIS-00002 sans StartDate</Description>
					<StartDate>2017-04-04T08:07:06</StartDate>
					<EndDate>2017-04-04T08:07:06</EndDate>
				</Content>
				<ArchiveUnit id="ID57">
					<ArchiveUnitRefId>ID56</ArchiveUnitRefId>
				</ArchiveUnit>
			</ArchiveUnit>
			<ArchiveUnit id="ID56">
				<Content>
					<DescriptionLevel>Item</DescriptionLevel>
					<Title>Fracture</Title>
					<TransactedDate>2017-04-04T08:07:06</TransactedDate>
				</Content>
				<DataObjectReference>
					<DataObjectGroupReferenceId>ID54</DataObjectGroupReferenceId>
				</DataObjectReference>
			</ArchiveUnit>
			<ArchiveUnit id="ID58">
				<Management>
					<AccessRule>
					<Rule>ACC-00003</Rule>
					<StartDate>2000-01-01</StartDate>
					<RefNonRuleId>ACC-00002</RefNonRuleId>
					</AccessRule>
					<DisseminationRule>
					<Rule>DIS-00001</Rule>
					<StartDate>2000-01-01</StartDate>
					</DisseminationRule>
				</Management>
				<Content>
					<DescriptionLevel>RecordGrp</DescriptionLevel>
					<Title>Fracture</Title>
					<Description>Cette unité de description bloque l'héritage de la règle ACC-00002 de ManagementMetadata et déclare les règles ACC-00003 avec pour StartDate 01/01/2000 et DIS-00001 avec pour StartDate 01/01/2000</Description>
				</Content>
				<ArchiveUnit id="ID61">
					<ArchiveUnitRefId>ID60</ArchiveUnitRefId>
				</ArchiveUnit>
				<ArchiveUnit id="ID71">
					<ArchiveUnitRefId>ID70</ArchiveUnitRefId>
				</ArchiveUnit>
			</ArchiveUnit>
			<ArchiveUnit id="ID60">
				<Management>
					<AccessRule>
					<Rule>ACC-00036</Rule>
					<StartDate>2000-01-01</StartDate>
					</AccessRule>
				</Management>
				<Content>
					<DescriptionLevel>RecordGrp</DescriptionLevel>
					<Title>Fracture</Title>
					<Description>Cette unité de description hérite des règles de son parent (ACC-00003 avec pour StartDate 01/01/2000 et DIS-00001 avec pour StartDate 01/01/2000) et déclare une règle ACC-00036 à durée illimitée à compter du 01/01/2000</Description>
					<StartDate>2017-04-04T08:07:06</StartDate>
					<EndDate>2017-04-04T08:07:06</EndDate>
				</Content>
				<ArchiveUnit id="ID63">
					<ArchiveUnitRefId>ID62</ArchiveUnitRefId>
				</ArchiveUnit>
			</ArchiveUnit>
			<ArchiveUnit id="ID62">
				<Management>
				<AccessRule>
				<Rule>ACC-00003</Rule>
				<StartDate>2002-01-01</StartDate>
				</AccessRule>
				</Management>
				<Content>
					<DescriptionLevel>RecordGrp</DescriptionLevel>
					<Title>Fracture</Title>
					<Description>Cette unité de description hérite par 2 chemins de la règle DIS-00001 avec pour StartDate 01/01/2000, hérite par 2 chemin de la règle ACC-00003 avec pour StartDate 01/01/2000 mais la redéclare avec pour StartDate 01/01/2002 et hérite de 2 règles contradictoires de ses 2 parents (ACC-00001 et ACC-00036 toutes deux avec pour StartDate 01/01/2000)</Description>
					<StartDate>2017-04-04T08:07:06</StartDate>
					<EndDate>2017-04-04T08:07:06</EndDate>
				</Content>
				<ArchiveUnit id="ID65">
					<ArchiveUnitRefId>ID64</ArchiveUnitRefId>
				</ArchiveUnit>
			</ArchiveUnit>
			<ArchiveUnit id="ID64">
				<Content>
					<DescriptionLevel>RecordGrp</DescriptionLevel>
					<Title>Fracture</Title>
					<Description>Cette unité de description hérite de la même règle (DIS-00001 avec pour StartDate 01/01/2000 par 2 chemins) et hérite de 2 règles contradictoires de ses 2 parents (ACC-00001 et ACC-00036 toutes deux avec pour StartDate 01/01/2000)</Description>
					<StartDate>2017-04-04T08:07:06</StartDate>
					<EndDate>2017-04-04T08:07:06</EndDate>
				</Content>
				<ArchiveUnit id="ID69">
					<ArchiveUnitRefId>ID68</ArchiveUnitRefId>
				</ArchiveUnit>
			</ArchiveUnit>
			<ArchiveUnit id="ID68">
				<Content>
					<DescriptionLevel>Item</DescriptionLevel>
					<Title>Fracture</Title>
					<TransactedDate>2017-04-04T08:07:06</TransactedDate>
				</Content>
				<DataObjectReference>
					<DataObjectGroupReferenceId>ID66</DataObjectGroupReferenceId>
				</DataObjectReference>
			</ArchiveUnit>
			<ArchiveUnit id="ID70">
				<Management>
					<AccessRule>
					<Rule>ACC-00001</Rule>
					<StartDate>2000-01-01</StartDate>
					</AccessRule>
				</Management>
				<Content>
					<DescriptionLevel>RecordGrp</DescriptionLevel>
					<Title>Fracture</Title>
					<Description>Cette unité de description hérite des règles de son parent (ACC-00003 avec pour StartDate 01/01/2000 et DIS-00001 avec pour StartDate 01/01/2000) et déclare une règle ACC-00001 à durée égale à 0 an à compter du 01/01/2000</Description>
				</Content>
				<ArchiveUnit id="ID72">
					<ArchiveUnitRefId>ID62</ArchiveUnitRefId>
				</ArchiveUnit>
			</ArchiveUnit>
		</DescriptiveMetadata>
		<ManagementMetadata>
<OriginatingAgencyIdentifier>RATP</OriginatingAgencyIdentifier>
<SubmissionAgencyIdentifier>Service_versant</SubmissionAgencyIdentifier>
			<AccessRule>
			<Rule>ACC-00002</Rule>
			<StartDate>2000-01-01</StartDate>
			</AccessRule>
		</ManagementMetadata>
	</DataObjectPackage>
	<ArchivalAgency>
		<Identifier>Identifier4</Identifier>
	</ArchivalAgency>
	<TransferringAgency>
		<Identifier>Identifier5</Identifier>
	</TransferringAgency>
</ArchiveTransfer>