<?xml version="1.0" ?>
<ArchiveTransfer xmlns:xlink="http://www.w3.org/1999/xlink" xmlns:pr="info:lc/xmlns/premis-v2" xmlns="fr:gouv:culture:archivesdefrance:seda:v2.0" xmlns:xsi="http://www.w3.org/2001/XMLSchema-instance" xsi:schemaLocation="fr:gouv:culture:archivesdefrance:seda:v2.0 seda-2.0-main.xsd" xml:id="ID1">
	<Comment>SIP KO - Test sur les usages</Comment>
	<Date>2016-11-23T16:08:18</Date>
	<MessageIdentifier>SIP KO - Test sur les usages</MessageIdentifier>
	<ArchivalAgreement>ArchivalAgreement0</ArchivalAgreement>
	<CodeListVersions>
		<ReplyCodeListVersion>ReplyCodeListVersion0</ReplyCodeListVersion>
		<MessageDigestAlgorithmCodeListVersion>MessageDigestAlgorithmCodeListVersion0</MessageDigestAlgorithmCodeListVersion>
		<MimeTypeCodeListVersion>MimeTypeCodeListVersion0</MimeTypeCodeListVersion>
		<EncodingCodeListVersion>EncodingCodeListVersion0</EncodingCodeListVersion>
		<FileFormatCodeListVersion>FileFormatCodeListVersion0</FileFormatCodeListVersion>
		<CompressionAlgorithmCodeListVersion>CompressionAlgorithmCodeListVersion0</CompressionAlgorithmCodeListVersion>
		<DataObjectVersionCodeListVersion>DataObjectVersionCodeListVersion0</DataObjectVersionCodeListVersion>
		<StorageRuleCodeListVersion>StorageRuleCodeListVersion0</StorageRuleCodeListVersion>
		<AppraisalRuleCodeListVersion>AppraisalRuleCodeListVersion0</AppraisalRuleCodeListVersion>
		<AccessRuleCodeListVersion>AccessRuleCodeListVersion0</AccessRuleCodeListVersion>
		<DisseminationRuleCodeListVersion>DisseminationRuleCodeListVersion0</DisseminationRuleCodeListVersion>
		<ReuseRuleCodeListVersion>ReuseRuleCodeListVersion0</ReuseRuleCodeListVersion>
		<ClassificationRuleCodeListVersion>ClassificationRuleCodeListVersion0</ClassificationRuleCodeListVersion>
		<AuthorizationReasonCodeListVersion>AuthorizationReasonCodeListVersion0</AuthorizationReasonCodeListVersion>
		<RelationshipCodeListVersion>RelationshipCodeListVersion0</RelationshipCodeListVersion>
	</CodeListVersions>
	<DataObjectPackage xml:id="ID2">
		<BinaryDataObject id="ID5">
			<DataObjectGroupId>ID4</DataObjectGroupId>
			<DataObjectVersion>original numerique</DataObjectVersion>
			<Uri>Content/ID5.pdf</Uri>
			<MessageDigest algorithm="SHA-512">a27064d3a0db9c1ef9277c82a7a619b0867b8913a5c4829cf86bbddd2ee1e3dfb38d81f22b67a5b56465fc0ef6fe11302ac8e853c94821bce4bb1dff9bc40497</MessageDigest>
			<Size>484496</Size>
			<FormatIdentification>
				<FormatLitteral>Acrobat PDF 1.2 - Portable Document Format</FormatLitteral>
				<MimeType>application/pdf</MimeType>
				<FormatId>fmt/16</FormatId>
			</FormatIdentification>
			<FileInfo>
				<Filename>ISAD(G).pdf</Filename>
				<LastModified>2013-12-19T16:06:04.000+01:00</LastModified>
			</FileInfo>
		</BinaryDataObject>
		<DescriptiveMetadata>
			<ArchiveUnit id="ID3">
				<Content>
					<DescriptionLevel>RecordGrp</DescriptionLevel>
					<Title>Morbi venenatis tortor id ante viverra</Title>
					<Description>Nullam a dolor diam. Nunc commodo sapien vitae</Description>
					<StartDate>2013-12-19T16:06:04</StartDate>
					<EndDate>2013-12-19T16:06:04</EndDate>
				</Content>
				<ArchiveUnit id="ID7">
					<ArchiveUnitRefId>ID6</ArchiveUnitRefId>
				</ArchiveUnit>
			</ArchiveUnit>
			<ArchiveUnit id="ID6">
				<Content>
					<DescriptionLevel>Item</DescriptionLevel>
					<Title>Morbi eu augue id mauris elementum bibendum non quis massa</Title>
					<Description>non ipsum. Cras eget mollis libero. Donec pharetra sa</Description>
					<TransactedDate>2013-12-19T16:06:04</TransactedDate>
				</Content>
				<DataObjectReference>
					<DataObjectGroupReferenceId>ID4</DataObjectGroupReferenceId>
				</DataObjectReference>
			</ArchiveUnit>
		</DescriptiveMetadata>
		<ManagementMetadata>
			<OriginatingAgencyIdentifier>Vitam</OriginatingAgencyIdentifier>
			<SubmissionAgencyIdentifier>Vitam</SubmissionAgencyIdentifier>
		</ManagementMetadata>
	</DataObjectPackage>
	<ArchivalAgency>
		<Identifier>Identifier4</Identifier>
	</ArchivalAgency>
	<TransferringAgency>
		<Identifier>Identifier5</Identifier>
	</TransferringAgency>
</ArchiveTransfer>
