<?xml version="1.0" ?>
<ArchiveTransfer xmlns:xsi="http://www.w3.org/2001/XMLSchema-instance"
 xsi:schemaLocation="fr:gouv:culture:archivesdefrance:seda:v2.1 ../Sch%D0%92mas/seda-2.1-main.xsd"
 xmlns="fr:gouv:culture:archivesdefrance:seda:v2.1" xmlns:pr="info:lc/xmlns/premis-v2"
 xmlns:xlink="http://www.w3.org/1999/xlink" xml:id="ID1">
    <Comment>SIP possédant des règles de gestion pour le calcul de l'héritage créé pour la story 1069 (voir commentaire dans le manifest)</Comment>
    
    <!--
    DESCRIPTION DU SIP ET DU CAS TESTÉ
    
    CAS 1
    
    Soit l'arborescence suivante d'archiveUnit (AU) :
    AU11 -> AU12 -> AU13 -> AU14 -> AU15
    AU14 -> AU16
    Donc avec AU14 ayant 2 enfants.
    
    Etant donné AU1 possédant la règle de gestion d'identifiant "R1" possédant une startDate
    Et AU13 possédant une règle de gestion "R3" avec une startDate S3 et une endDate E3
    Et AU14 possédant une règle de gestion "R4"
    + AU15 a un groupe d'objet 

    CAS 2

    Soit l'arborescence suivante d'archiveUnit (AU) :
    AU21 -> AU22 -> AU23 -> AU24 -> AU25
    AU24 -> AU26
    Donc avec AU24 ayant 2 enfants.
    
    Etant donné AU21 possédant la règle de gestion d'identifiant "R1" mais n'ayant ni startDate, ni endDate
    Et AU24 ayant la même règle de gestion R1 et possédant une startDate S4 et une endDate E4
    + AU25 a un groupe d'objet 

    CAS 3
      
    Soit l'arborescence suivante d'archiveUnit (AU) :
    AU31 -> AU32 -> AU33 -> AU34 -> AU35
    AU34 -> AU36
    Donc avec AU34 ayant 2 enfants.
      
    Etant donné AU31 possédant la règle de gestion d'identifiant "R1" et possédant une startDate S1 et une endDate E1
    Et AU34 ayant la même règle de gestion R1 mais n'ayant pas de endDate
    + AU35 a un groupe d'objet 

    CAS 4
    
    Soit l'arborescence suivante d'archiveUnit (AU) :
    Chemin 1 : AU41 -> AU42 -> AU43 -> AU44
    Chemin 2 : AU45 -> AU43 -> AU44
    Donc avec AU43 ayant deux parents (AU42 et AU45), et AU43 ayant deux racines (AU41 et AU45)
            
    Etant donné AU1 possédant la règle de gestion d'identifiant "R1" , une startDate S1 et une endDate E1
    Et AU45 possédant la même règle de gestion R5, une startDate S5 et une endDate E5
    + AU44 a un groupe d'objet 

    CAS 5

    Soit l'arborescence suivante d'archiveUnit (AU) :
    Chemin 1 : AU51 -> AU52 -> AU53 -> AU54
    Chemin 2 : AU55 -> AU53 -> AU54
    Donc avec AU53 ayant deux parents (AU52 et AU55), et AU53 ayant deux racines (AU51 et AU55)
            
    Etant donné AU51 possédant la règle de gestion d'identifiant "R1" , une startDate S1 et une endDate E1
    Et AU55 possédant la même règle de gestion R1, une startDate S5 et une endDate E5

    CAS 6
    
    Soit l'arborescence suivante d'archiveUnit (AU) :
    Etant donné l'arborescence suivante : AU61 -> AU62 -> AU63 -> AU64
    Et AU62 -> AU64
            
    Etant donné AU61 possédant la règle de gestion d'identifiant "R1"

    -->
    
    <Date>2016-10-18T14:52:27</Date>
    <MessageIdentifier>SIP possédant des règles de gestion pour le calcul de l'héritage créé pour la story 1069 (voir commentaire dans le manifest)</MessageIdentifier>
    <ArchivalAgreement>ArchivalAgreement0</ArchivalAgreement>
    <CodeListVersions>
        <ReplyCodeListVersion>ReplyCodeListVersion0</ReplyCodeListVersion>
        <MessageDigestAlgorithmCodeListVersion>MessageDigestAlgorithmCodeListVersion0</MessageDigestAlgorithmCodeListVersion>
        <MimeTypeCodeListVersion>MimeTypeCodeListVersion0</MimeTypeCodeListVersion>
        <EncodingCodeListVersion>EncodingCodeListVersion0</EncodingCodeListVersion>
        <FileFormatCodeListVersion>FileFormatCodeListVersion0</FileFormatCodeListVersion>
        <CompressionAlgorithmCodeListVersion>CompressionAlgorithmCodeListVersion0</CompressionAlgorithmCodeListVersion>
        <DataObjectVersionCodeListVersion>DataObjectVersionCodeListVersion0</DataObjectVersionCodeListVersion>
        <StorageRuleCodeListVersion>StorageRuleCodeListVersion0</StorageRuleCodeListVersion>
        <AppraisalRuleCodeListVersion>AppraisalRuleCodeListVersion0</AppraisalRuleCodeListVersion>
        <AccessRuleCodeListVersion>AccessRuleCodeListVersion0</AccessRuleCodeListVersion>
        <DisseminationRuleCodeListVersion>DisseminationRuleCodeListVersion0</DisseminationRuleCodeListVersion>
        <ReuseRuleCodeListVersion>ReuseRuleCodeListVersion0</ReuseRuleCodeListVersion>
        <ClassificationRuleCodeListVersion>ClassificationRuleCodeListVersion0</ClassificationRuleCodeListVersion>
        <AuthorizationReasonCodeListVersion>AuthorizationReasonCodeListVersion0</AuthorizationReasonCodeListVersion>
        <RelationshipCodeListVersion>RelationshipCodeListVersion0</RelationshipCodeListVersion>
    </CodeListVersions>
    <DataObjectPackage xml:id="ID100">
        <BinaryDataObject id="ID17">
            <DataObjectGroupId>ID16</DataObjectGroupId>
            <DataObjectVersion>BinaryMaster</DataObjectVersion>
            <Uri>Content/1DttzvaBjmOJlnNHhwjRWBRqvyqWtbx.pdf</Uri>
            <MessageDigest algorithm="SHA-512"
                >942bb63cc16bf5ca3ba7fabf40ce9be19c3185a36cd87ad17c63d6fad1aa29d4312d73f2d6a1ba1266c3a71fc4119dd476d2d776cf2ad2acd7a9a3dfa1f80dc7</MessageDigest>
            <Size>29403</Size>
            <FormatIdentification>
                <FormatLitteral>Acrobat PDF 1.4 - Portable Document Format</FormatLitteral>
                <MimeType>application/pdf</MimeType>
                <FormatId>fmt/18</FormatId>
            </FormatIdentification>
            <FileInfo>
                <Filename>1DttzvaBjmOJlnNHhwjRWBRqvyqWtbx.pdf</Filename>
                <LastModified>2016-06-03T15:28:00.000+02:00</LastModified>
            </FileInfo>
        </BinaryDataObject>       
        <BinaryDataObject id="ID27">
            <DataObjectGroupId>ID26</DataObjectGroupId>
            <DataObjectVersion>BinaryMaster</DataObjectVersion>
            <Uri>Content/2DttzvaBjmOJlnNHhwjRWBRqvyqWtbx.pdf</Uri>
            <MessageDigest algorithm="SHA-512"
                >942bb63cc16bf5ca3ba7fabf40ce9be19c3185a36cd87ad17c63d6fad1aa29d4312d73f2d6a1ba1266c3a71fc4119dd476d2d776cf2ad2acd7a9a3dfa1f80dc7</MessageDigest>
            <Size>29403</Size>
            <FormatIdentification>
                <FormatLitteral>Acrobat PDF 1.4 - Portable Document Format</FormatLitteral>
                <MimeType>application/pdf</MimeType>
                <FormatId>fmt/18</FormatId>
            </FormatIdentification>
            <FileInfo>
                <Filename>2DttzvaBjmOJlnNHhwjRWBRqvyqWtbx.pdf</Filename>
                <LastModified>2016-06-03T15:28:00.000+02:00</LastModified>
            </FileInfo>
        </BinaryDataObject>
        <BinaryDataObject id="ID37">
            <DataObjectGroupId>ID36</DataObjectGroupId>
            <DataObjectVersion>BinaryMaster</DataObjectVersion>
            <Uri>Content/3DttzvaBjmOJlnNHhwjRWBRqvyqWtbx.pdf</Uri>
            <MessageDigest algorithm="SHA-512"
                >942bb63cc16bf5ca3ba7fabf40ce9be19c3185a36cd87ad17c63d6fad1aa29d4312d73f2d6a1ba1266c3a71fc4119dd476d2d776cf2ad2acd7a9a3dfa1f80dc7</MessageDigest>
            <Size>29403</Size>
            <FormatIdentification>
                <FormatLitteral>Acrobat PDF 1.4 - Portable Document Format</FormatLitteral>
                <MimeType>application/pdf</MimeType>
                <FormatId>fmt/18</FormatId>
            </FormatIdentification>
            <FileInfo>
                <Filename>3DttzvaBjmOJlnNHhwjRWBRqvyqWtbx.pdf</Filename>
                <LastModified>2016-06-03T15:28:00.000+02:00</LastModified>
            </FileInfo>
        </BinaryDataObject>
        <BinaryDataObject id="ID7">
            <DataObjectGroupId>ID46</DataObjectGroupId>
            <DataObjectVersion>BinaryMaster</DataObjectVersion>
            <Uri>Content/4DttzvaBjmOJlnNHhwjRWBRqvyqWtbx.pdf</Uri>
            <MessageDigest algorithm="SHA-512"
                >942bb63cc16bf5ca3ba7fabf40ce9be19c3185a36cd87ad17c63d6fad1aa29d4312d73f2d6a1ba1266c3a71fc4119dd476d2d776cf2ad2acd7a9a3dfa1f80dc7</MessageDigest>
            <Size>29403</Size>
            <FormatIdentification>
                <FormatLitteral>Acrobat PDF 1.4 - Portable Document Format</FormatLitteral>
                <MimeType>application/pdf</MimeType>
                <FormatId>fmt/18</FormatId>
            </FormatIdentification>
            <FileInfo>
                <Filename>4DttzvaBjmOJlnNHhwjRWBRqvyqWtbx.pdf</Filename>
                <LastModified>2016-06-03T15:28:00.000+02:00</LastModified>
            </FileInfo>
        </BinaryDataObject>
        <BinaryDataObject id="ID57">
            <DataObjectGroupId>ID56</DataObjectGroupId>
            <DataObjectVersion>BinaryMaster</DataObjectVersion>
            <Uri>Content/5DttzvaBjmOJlnNHhwjRWBRqvyqWtbx.pdf</Uri>
            <MessageDigest algorithm="SHA-512"
                >942bb63cc16bf5ca3ba7fabf40ce9be19c3185a36cd87ad17c63d6fad1aa29d4312d73f2d6a1ba1266c3a71fc4119dd476d2d776cf2ad2acd7a9a3dfa1f80dc7</MessageDigest>
            <Size>29403</Size>
            <FormatIdentification>
                <FormatLitteral>Acrobat PDF 1.4 - Portable Document Format</FormatLitteral>
                <MimeType>application/pdf</MimeType>
                <FormatId>fmt/18</FormatId>
            </FormatIdentification>
            <FileInfo>
                <Filename>5DttzvaBjmOJlnNHhwjRWBRqvyqWtbx.pdf</Filename>
                <LastModified>2016-06-03T15:28:00.000+02:00</LastModified>
            </FileInfo>
        </BinaryDataObject>
        <BinaryDataObject id="ID67">
            <DataObjectGroupId>ID66</DataObjectGroupId>
            <DataObjectVersion>BinaryMaster</DataObjectVersion>
            <Uri>Content/6DttzvaBjmOJlnNHhwjRWBRqvyqWtbx.pdf</Uri>
            <MessageDigest algorithm="SHA-512"
                >942bb63cc16bf5ca3ba7fabf40ce9be19c3185a36cd87ad17c63d6fad1aa29d4312d73f2d6a1ba1266c3a71fc4119dd476d2d776cf2ad2acd7a9a3dfa1f80dc7</MessageDigest>
            <Size>29403</Size>
            <FormatIdentification>
                <FormatLitteral>Acrobat PDF 1.4 - Portable Document Format</FormatLitteral>
                <MimeType>application/pdf</MimeType>
                <FormatId>fmt/18</FormatId>
            </FormatIdentification>
            <FileInfo>
                <Filename>6DttzvaBjmOJlnNHhwjRWBRqvyqWtbx.pdf</Filename>
                <LastModified>2016-06-03T15:28:00.000+02:00</LastModified>
            </FileInfo>
        </BinaryDataObject>
        <DescriptiveMetadata>
            <ArchiveUnit id="AU11">
                <Management>
                    <StorageRule>
                        <Rule>R1</Rule>
                        <StartDate>2017-01-01</StartDate>
                        <FinalAction>RestrictAccess</FinalAction>   
                    </StorageRule>
                </Management>
                <Content>
                    <DescriptionLevel>RecordGrp</DescriptionLevel>
                    <Title>AU11</Title>
                    <StartDate>2016-06-03T15:28:00</StartDate>
                    <EndDate>2016-06-03T15:28:00</EndDate>
                </Content>              
                <ArchiveUnit id="AU12">
                    <Content>
                    <DescriptionLevel>RecordGrp</DescriptionLevel>
                    <Title>AU12</Title>   
                    </Content>
                    <ArchiveUnit id="AU13">
                        <Management>
                            <StorageRule>
                                <Rule>R3</Rule>
                                <StartDate>2017-03-01</StartDate>
                                <FinalAction>RestrictAccess</FinalAction>   
                            </StorageRule>
                        </Management>
                        <Content>
                        <DescriptionLevel>RecordGrp</DescriptionLevel>
                        <Title>AU13</Title>   
                        </Content>                    
                        <ArchiveUnit id="AU14">
                            <Management>
                                <StorageRule>
                                    <Rule>R4</Rule>
                                    <StartDate>2017-04-01</StartDate>
                                    <FinalAction>RestrictAccess</FinalAction>   
                                </StorageRule>
                            </Management>
                            <Content>                        
                            <DescriptionLevel>RecordGrp</DescriptionLevel>
                            <Title>AU14</Title>   
                            </Content>
                            <ArchiveUnit id="ref16">
                                <ArchiveUnitRefId>AU16</ArchiveUnitRefId>
                            </ArchiveUnit>
                            <ArchiveUnit id="AU15">
                                <Content>
                                <DescriptionLevel>Item</DescriptionLevel>
                                <Title>AU15</Title>      
                                </Content>
                                <DataObjectReference>
                                    <DataObjectGroupReferenceId>ID16</DataObjectGroupReferenceId>
                                </DataObjectReference>
                            </ArchiveUnit>
                        </ArchiveUnit>
                    </ArchiveUnit>
                </ArchiveUnit>
            </ArchiveUnit>
            <ArchiveUnit id="AU16">
                <Content>
                    <DescriptionLevel>RecordGrp</DescriptionLevel>
                    <Title>AU16</Title>
                </Content>
            </ArchiveUnit>
            <ArchiveUnit id="AU21">
                <Management>
                    <StorageRule>
                        <Rule>R1</Rule>
                        <FinalAction>RestrictAccess</FinalAction>
                    </StorageRule>
                </Management>
                <Content>
                    <DescriptionLevel>RecordGrp</DescriptionLevel>
                    <Title>AU21</Title>
                    <StartDate>2016-06-03T15:28:00</StartDate>
                    <EndDate>2016-06-03T15:28:00</EndDate>
                </Content>
                <ArchiveUnit id="AU22">
                    <Content>
                        <DescriptionLevel>RecordGrp</DescriptionLevel>
                        <Title>AU22</Title>
                    </Content>
                    <ArchiveUnit id="AU23">
                        <Content>
                            <DescriptionLevel>RecordGrp</DescriptionLevel>
                            <Title>AU23</Title>
                        </Content>
                        <ArchiveUnit id="AU24">
                            <Management>
                                <StorageRule>
                                    <Rule>R1</Rule>
                                    <StartDate>2017-04-01</StartDate>
                                    <FinalAction>RestrictAccess</FinalAction>
                                </StorageRule>
                            </Management>
                            <Content>
                                <DescriptionLevel>RecordGrp</DescriptionLevel>
                                <Title>AU24</Title>
                            </Content>
                            <ArchiveUnit id="ref26">
                                <ArchiveUnitRefId>AU26</ArchiveUnitRefId>
                            </ArchiveUnit>
                            <ArchiveUnit id="AU25">
                                <Content>
                                    <DescriptionLevel>Item</DescriptionLevel>
                                    <Title>AU25</Title>
                                </Content>
                                <DataObjectReference>
                                    <DataObjectGroupReferenceId>ID26</DataObjectGroupReferenceId>
                                </DataObjectReference>
                            </ArchiveUnit>
                        </ArchiveUnit>
                    </ArchiveUnit>
                </ArchiveUnit>
            </ArchiveUnit>
            <ArchiveUnit id="AU26">
                <Content>
                    <DescriptionLevel>RecordGrp</DescriptionLevel>
                    <Title>AU26</Title>
                </Content>
            </ArchiveUnit>
            <ArchiveUnit id="AU31">
                <Management>
                    <StorageRule>
                        <Rule>R1</Rule>
                        <StartDate>2017-01-01</StartDate>
                        <FinalAction>RestrictAccess</FinalAction>
                    </StorageRule>
                </Management>
                <Content>
                    <DescriptionLevel>RecordGrp</DescriptionLevel>
                    <Title>AU31</Title>
                    <StartDate>2016-06-03T15:28:00</StartDate>
                    <EndDate>2016-06-03T15:28:00</EndDate>
                </Content>
                <ArchiveUnit id="AU32">
                    <Content>
                        <DescriptionLevel>RecordGrp</DescriptionLevel>
                        <Title>AU32</Title>
                    </Content>
                    <ArchiveUnit id="AU33">
                        <Content>
                            <DescriptionLevel>RecordGrp</DescriptionLevel>
                            <Title>AU33</Title>
                        </Content>
                        <ArchiveUnit id="AU34">
                            <Management>
                                <StorageRule>
                                    <Rule>R1</Rule>
                                    <FinalAction>RestrictAccess</FinalAction>
                                </StorageRule>
                            </Management>
                            <Content>
                                <DescriptionLevel>RecordGrp</DescriptionLevel>
                                <Title>AU34</Title>
                            </Content>
                            <ArchiveUnit id="ref36">
                                <ArchiveUnitRefId>AU36</ArchiveUnitRefId>
                            </ArchiveUnit>
                            <ArchiveUnit id="AU35">
                                <Content>
                                    <DescriptionLevel>Item</DescriptionLevel>
                                    <Title>AU35</Title>
                                </Content>
                                <DataObjectReference>
                                    <DataObjectGroupReferenceId>ID36</DataObjectGroupReferenceId>
                                </DataObjectReference>
                            </ArchiveUnit>
                        </ArchiveUnit>
                    </ArchiveUnit>
                </ArchiveUnit>
            </ArchiveUnit>
            <ArchiveUnit id="AU36">
                <Content>
                    <DescriptionLevel>RecordGrp</DescriptionLevel>
                    <Title>AU36</Title>
                </Content>
            </ArchiveUnit>
            <ArchiveUnit id="AU41">
                <Management>
                    <StorageRule>
                        <Rule>R1</Rule>
                        <StartDate>2017-01-01</StartDate>
                        <FinalAction>RestrictAccess</FinalAction>
                    </StorageRule>
                </Management>
                <Content>
                    <DescriptionLevel>RecordGrp</DescriptionLevel>
                    <Title>AU41</Title>
                    <StartDate>2016-06-03T15:28:00</StartDate>
                    <EndDate>2016-06-03T15:28:00</EndDate>
                </Content>
                <ArchiveUnit id="AU42">
                    <Content>
                        <DescriptionLevel>RecordGrp</DescriptionLevel>
                        <Title>AU42</Title>
                    </Content>
                    <ArchiveUnit id="AU43">
                        <Content>
                            <DescriptionLevel>RecordGrp</DescriptionLevel>
                            <Title>AU43</Title>
                        </Content>
                        <ArchiveUnit id="AU44">
                            <Content>
                                <DescriptionLevel>RecordGrp</DescriptionLevel>
                                <Title>AU44</Title>
                            </Content>
                            <DataObjectReference>
                                <DataObjectGroupReferenceId>ID46</DataObjectGroupReferenceId>
                            </DataObjectReference>
                        </ArchiveUnit>
                    </ArchiveUnit>
                </ArchiveUnit>
            </ArchiveUnit>            
            <ArchiveUnit id="AU45">
                <Management>
                    <StorageRule>
                        <Rule>R5</Rule>
                        <StartDate>2017-05-01</StartDate>
                        <FinalAction>RestrictAccess</FinalAction>
                        
                    </StorageRule>
                </Management>
                <Content>
                    <DescriptionLevel>RecordGrp</DescriptionLevel>
                    <Title>AU45</Title>
                    
                </Content>
                <ArchiveUnit id="ref43">
                    <ArchiveUnitRefId>AU43</ArchiveUnitRefId>
                </ArchiveUnit>
            </ArchiveUnit>
            <ArchiveUnit id="AU51">
                <Management>
                    <StorageRule>
                        <Rule>R1</Rule>
                        <StartDate>2017-01-01</StartDate>
                        <FinalAction>RestrictAccess</FinalAction>
                    </StorageRule>
                </Management>
                <Content>
                    <DescriptionLevel>RecordGrp</DescriptionLevel>
                    <Title>AU51</Title>
                    <StartDate>2016-06-03T15:28:00</StartDate>
                    <EndDate>2016-06-03T15:28:00</EndDate>
                </Content>
                <ArchiveUnit id="AU52">
                    <Content>
                        <DescriptionLevel>RecordGrp</DescriptionLevel>
                        <Title>AU52</Title>
                    </Content>
                    <ArchiveUnit id="AU53">
                        <Content>
                            <DescriptionLevel>RecordGrp</DescriptionLevel>
                            <Title>AU53</Title>
                        </Content>
                        <ArchiveUnit id="AU54">
                            <Content>
                                <DescriptionLevel>RecordGrp</DescriptionLevel>
                                <Title>AU54</Title>
                            </Content>
                            <DataObjectReference>
                                <DataObjectGroupReferenceId>ID56</DataObjectGroupReferenceId>
                            </DataObjectReference>
                        </ArchiveUnit>
                    </ArchiveUnit>
                </ArchiveUnit>
            </ArchiveUnit>            
            <ArchiveUnit id="AU55">
                <Management>
                    <StorageRule>
                        <Rule>R1</Rule>
                        <StartDate>2017-05-01</StartDate>
                        <FinalAction>RestrictAccess</FinalAction>
                        
                    </StorageRule>
                </Management>
                <Content>
                    <DescriptionLevel>RecordGrp</DescriptionLevel>
                    <Title>AU55</Title>
                    
                </Content>
                <ArchiveUnit id="ref53">
                    <ArchiveUnitRefId>AU53</ArchiveUnitRefId>
                </ArchiveUnit>
            </ArchiveUnit>
            <ArchiveUnit id="AU61">
                <Management>
                    <StorageRule>
                        <Rule>R1</Rule>
                        <FinalAction>RestrictAccess</FinalAction>
                    </StorageRule>
                </Management>
                <Content>
                    <DescriptionLevel>RecordGrp</DescriptionLevel>
                    <Title>AU61</Title>
                    <StartDate>2016-06-03T15:28:00</StartDate>
                    <EndDate>2016-06-03T15:28:00</EndDate>
                </Content>
                <ArchiveUnit id="AU62">
                    <Content>
                        <DescriptionLevel>RecordGrp</DescriptionLevel>
                        <Title>AU62</Title>
                    </Content>
                    <ArchiveUnit id="ref64">
                        <ArchiveUnitRefId>AU64</ArchiveUnitRefId>
                    </ArchiveUnit>
                    <ArchiveUnit id="AU63">
                        <Content>
                            <DescriptionLevel>RecordGrp</DescriptionLevel>
                            <Title>AU63</Title>
                        </Content>
                        <ArchiveUnit id="AU64">
                            <Content>
                                <DescriptionLevel>RecordGrp</DescriptionLevel>
                                <Title>AU64</Title>
                            </Content>
                            <DataObjectReference>
                                <DataObjectGroupReferenceId>ID66</DataObjectGroupReferenceId>
                            </DataObjectReference>
                        </ArchiveUnit>
                    </ArchiveUnit>
                </ArchiveUnit>
            </ArchiveUnit> 
        </DescriptiveMetadata>
        <ManagementMetadata>
            <OriginatingAgencyIdentifier>FRAN_NP_009913</OriginatingAgencyIdentifier>
        </ManagementMetadata>
    </DataObjectPackage>
    <ArchivalAgency>
        <Identifier>Identifier4</Identifier>
    </ArchivalAgency>
    <TransferringAgency>
        <Identifier>Identifier5</Identifier>
    </TransferringAgency>
</ArchiveTransfer>
