<?xml version="1.0" ?>
<ArchiveTransfer xmlns:xsi="http://www.w3.org/2001/XMLSchema-instance"
 xsi:schemaLocation="fr:gouv:culture:archivesdefrance:seda:v2.1 ../../Bureau/BA/Sch%D0%92mas/seda-2.1-main.xsd"
 xmlns="fr:gouv:culture:archivesdefrance:seda:v2.1" xmlns:pr="info:lc/xmlns/premis-v2"
 xmlns:xlink="http://www.w3.org/1999/xlink" xml:id="ID1">
    <Comment>SIP possédant des règles de PreventInheritance pour la story 1066</Comment>
    
    <!--
    DESCRIPTION DU SIP ET DU CAS TESTÉ
      
    CAS 1 : AU12 ayant PreventInheritance pour valeur true dans une StorageRule

    AU11 [R1, acc1] -> AU12 -> AU13 [R3] -> AU14 [R4]-> AU15
    AU14 -> AU16
    Donc avec AU14 ayant 2 enfants.
       
    AU11 possédant la règle de gestion StorageRule d'identifiant "R1" et une règle d'accès AccessRule ACC-00001
    Et AU13 possédant une règle de gestion "R3" 
    Et AU14 possédant une règle de gestion "R4"
    
    CAS 3 : AU34 ayant PreventInheritance pour valeur true dans une StorageRule
      
    AU31 [R1, acc1] -> AU32 -> AU33 [R3] -> AU34 [R4]-> AU35
    AU34 -> AU36
    Donc avec AU34 ayant 2 enfants.
       
    AU31 possédant la règle de gestion StorageRule d'identifiant "R1" et une règle d'accès AccessRule ACC-00001
    Et AU33 possédant une règle de gestion "R3" 
    Et AU34 possédant une règle de gestion "R4"
      
    CAS 4 : AU42 ayant PreventInheritance pour valeur true dans une AccessRule

    AU41 [R1, acc1] -> AU42 -> AU43 [R3] -> AU44 [R4]-> AU45
    AU44 -> AU46
    Donc avec AU44 ayant 2 enfants.
       
    AU41 possédant la règle de gestion StorageRule d'identifiant "R1" et une règle d'accès AccessRule ACC-00001
    Et AU43 possédant une règle de gestion "R3" 
    Et AU44 possédant une règle de gestion "R4"

    -->
    
    <Date>2016-10-18T14:52:27</Date>
    <MessageIdentifier>SIP possédant des règles de PreventInheritance pour la story 1066</MessageIdentifier>
    <ArchivalAgreement>ArchivalAgreement0</ArchivalAgreement>
    <CodeListVersions>
        <ReplyCodeListVersion>ReplyCodeListVersion0</ReplyCodeListVersion>
        <MessageDigestAlgorithmCodeListVersion>MessageDigestAlgorithmCodeListVersion0</MessageDigestAlgorithmCodeListVersion>
        <MimeTypeCodeListVersion>MimeTypeCodeListVersion0</MimeTypeCodeListVersion>
        <EncodingCodeListVersion>EncodingCodeListVersion0</EncodingCodeListVersion>
        <FileFormatCodeListVersion>FileFormatCodeListVersion0</FileFormatCodeListVersion>
        <CompressionAlgorithmCodeListVersion>CompressionAlgorithmCodeListVersion0</CompressionAlgorithmCodeListVersion>
        <DataObjectVersionCodeListVersion>DataObjectVersionCodeListVersion0</DataObjectVersionCodeListVersion>
        <StorageRuleCodeListVersion>StorageRuleCodeListVersion0</StorageRuleCodeListVersion>
        <AppraisalRuleCodeListVersion>AppraisalRuleCodeListVersion0</AppraisalRuleCodeListVersion>
        <AccessRuleCodeListVersion>AccessRuleCodeListVersion0</AccessRuleCodeListVersion>
        <DisseminationRuleCodeListVersion>DisseminationRuleCodeListVersion0</DisseminationRuleCodeListVersion>
        <ReuseRuleCodeListVersion>ReuseRuleCodeListVersion0</ReuseRuleCodeListVersion>
        <ClassificationRuleCodeListVersion>ClassificationRuleCodeListVersion0</ClassificationRuleCodeListVersion>
        <AuthorizationReasonCodeListVersion>AuthorizationReasonCodeListVersion0</AuthorizationReasonCodeListVersion>
        <RelationshipCodeListVersion>RelationshipCodeListVersion0</RelationshipCodeListVersion>
    </CodeListVersions>
    <DataObjectPackage xml:id="ID100">
        <BinaryDataObject id="ID17">
            <DataObjectGroupId>ID16</DataObjectGroupId>
            <DataObjectVersion>BinaryMaster</DataObjectVersion>
            <Uri>Content/1DttzvaBjmOJlnNHhwjRWBRqvyqWtbx.pdf</Uri>
            <MessageDigest algorithm="SHA-512"
                >942bb63cc16bf5ca3ba7fabf40ce9be19c3185a36cd87ad17c63d6fad1aa29d4312d73f2d6a1ba1266c3a71fc4119dd476d2d776cf2ad2acd7a9a3dfa1f80dc7</MessageDigest>
            <Size>29403</Size>
            <FormatIdentification>
                <FormatLitteral>Acrobat PDF 1.4 - Portable Document Format</FormatLitteral>
                <MimeType>application/pdf</MimeType>
                <FormatId>fmt/18</FormatId>
            </FormatIdentification>
            <FileInfo>
                <Filename>1DttzvaBjmOJlnNHhwjRWBRqvyqWtbx.pdf</Filename>
                <LastModified>2016-06-03T15:28:00.000+02:00</LastModified>
            </FileInfo>
        </BinaryDataObject>     
        <BinaryDataObject id="ID37">
            <DataObjectGroupId>ID36</DataObjectGroupId>
            <DataObjectVersion>BinaryMaster</DataObjectVersion>
            <Uri>Content/3DttzvaBjmOJlnNHhwjRWBRqvyqWtbx.pdf</Uri>
            <MessageDigest algorithm="SHA-512"
                >942bb63cc16bf5ca3ba7fabf40ce9be19c3185a36cd87ad17c63d6fad1aa29d4312d73f2d6a1ba1266c3a71fc4119dd476d2d776cf2ad2acd7a9a3dfa1f80dc7</MessageDigest>
            <Size>29403</Size>
            <FormatIdentification>
                <FormatLitteral>Acrobat PDF 1.4 - Portable Document Format</FormatLitteral>
                <MimeType>application/pdf</MimeType>
                <FormatId>fmt/18</FormatId>
            </FormatIdentification>
            <FileInfo>
                <Filename>3DttzvaBjmOJlnNHhwjRWBRqvyqWtbx.pdf</Filename>
                <LastModified>2016-06-03T15:28:00.000+02:00</LastModified>
            </FileInfo>
        </BinaryDataObject>     
        <BinaryDataObject id="ID47">
            <DataObjectGroupId>ID46</DataObjectGroupId>
            <DataObjectVersion>BinaryMaster</DataObjectVersion>
            <Uri>Content/4DttzvaBjmOJlnNHhwjRWBRqvyqWtbx.pdf</Uri>
            <MessageDigest algorithm="SHA-512"
                >942bb63cc16bf5ca3ba7fabf40ce9be19c3185a36cd87ad17c63d6fad1aa29d4312d73f2d6a1ba1266c3a71fc4119dd476d2d776cf2ad2acd7a9a3dfa1f80dc7</MessageDigest>
            <Size>29403</Size>
            <FormatIdentification>
                <FormatLitteral>Acrobat PDF 1.4 - Portable Document Format</FormatLitteral>
                <MimeType>application/pdf</MimeType>
                <FormatId>fmt/18</FormatId>
            </FormatIdentification>
            <FileInfo>
                <Filename>4DttzvaBjmOJlnNHhwjRWBRqvyqWtbx.pdf</Filename>
                <LastModified>2016-06-03T15:28:00.000+02:00</LastModified>
            </FileInfo>
        </BinaryDataObject> 
        <DescriptiveMetadata>
            <ArchiveUnit id="AU11">
                <Management>
                    <StorageRule>
                        <Rule>R1</Rule>
                        <StartDate>2017-01-01</StartDate>
                        <FinalAction>RestrictAccess</FinalAction>   
                    </StorageRule>
                    <AccessRule>
                        <Rule>ACC-00001</Rule>
                       <StartDate>2017-01-01</StartDate>
                    </AccessRule>
                </Management>
                <Content>
                    <DescriptionLevel>RecordGrp</DescriptionLevel>
                    <Title>AU11</Title>
                    <StartDate>2016-06-03T15:28:00</StartDate>
                    <EndDate>2016-06-03T15:28:00</EndDate>
                </Content>              
                <ArchiveUnit id="AU12">
                    <Management>
                        <StorageRule>
                            <PreventInheritance>true</PreventInheritance>
                            <FinalAction>Copy</FinalAction>
                        </StorageRule>
                    </Management>
                    <Content>
                    <DescriptionLevel>RecordGrp</DescriptionLevel>
                    <Title>AU12</Title>   
                    </Content>
                    <ArchiveUnit id="AU13">
                        <Management>
                            <StorageRule>
                                <Rule>R3</Rule>
                                <StartDate>2017-03-01</StartDate>
                                <FinalAction>RestrictAccess</FinalAction>   
                            </StorageRule>
                        </Management>
                        <Content>
                        <DescriptionLevel>RecordGrp</DescriptionLevel>
                        <Title>AU13</Title>   
                        </Content>                    
                        <ArchiveUnit id="AU14">
                            <Management>
                                <StorageRule>
                                    <Rule>R4</Rule>
                                    <StartDate>2017-04-01</StartDate>
                                    <FinalAction>RestrictAccess</FinalAction>   
                                </StorageRule>
                            </Management>
                            <Content>                        
                            <DescriptionLevel>RecordGrp</DescriptionLevel>
                            <Title>AU14</Title>   
                            </Content>
                            <ArchiveUnit id="ref16">
                                <ArchiveUnitRefId>AU16</ArchiveUnitRefId>
                            </ArchiveUnit>
                            <ArchiveUnit id="AU15">
                                <Content>
                                <DescriptionLevel>Item</DescriptionLevel>
                                <Title>AU15</Title>      
                                </Content>
                                <DataObjectReference>
                                    <DataObjectGroupReferenceId>ID16</DataObjectGroupReferenceId>
                                </DataObjectReference>
                            </ArchiveUnit>
                        </ArchiveUnit>
                    </ArchiveUnit>
                </ArchiveUnit>
            </ArchiveUnit>
            <ArchiveUnit id="AU16">
                <Content>
                    <DescriptionLevel>RecordGrp</DescriptionLevel>
                    <Title>AU16</Title>
                </Content>
            </ArchiveUnit>
            <ArchiveUnit id="AU31">
                <Management>
                    <StorageRule>
                        <Rule>R1</Rule>
                        <StartDate>2017-01-01</StartDate>
                        <FinalAction>RestrictAccess</FinalAction>   
                    </StorageRule>
                    <AccessRule>
                        <Rule>ACC-00001</Rule>
                       <StartDate>2017-01-01</StartDate>
                    </AccessRule>
                </Management>
                <Content>
                    <DescriptionLevel>RecordGrp</DescriptionLevel>
                    <Title>AU31</Title>
                    <StartDate>2016-06-03T15:28:00</StartDate>
                    <EndDate>2016-06-03T15:28:00</EndDate>
                </Content>              
                <ArchiveUnit id="AU32">
                    <Content>
                    <DescriptionLevel>RecordGrp</DescriptionLevel>
                    <Title>AU32</Title>   
                    </Content>
                    <ArchiveUnit id="AU33">
                        <Management>
                            <StorageRule>
                                <Rule>R3</Rule>
                                <StartDate>2017-03-01</StartDate>
                                <FinalAction>RestrictAccess</FinalAction>   
                            </StorageRule>
                        </Management>
                        <Content>
                        <DescriptionLevel>RecordGrp</DescriptionLevel>
                        <Title>AU33</Title>   
                        </Content>                    
                        <ArchiveUnit id="AU34">
                            <Management>
                                <StorageRule>
                                    <Rule>R4</Rule>
                                    <StartDate>2017-04-01</StartDate>
                                    <PreventInheritance>true</PreventInheritance>
                                    <FinalAction>RestrictAccess</FinalAction>   
                                </StorageRule>
                            </Management>
                            <Content>                        
                            <DescriptionLevel>RecordGrp</DescriptionLevel>
                            <Title>AU34</Title>   
                            </Content>
                            <ArchiveUnit id="ref36">
                                <ArchiveUnitRefId>AU36</ArchiveUnitRefId>
                            </ArchiveUnit>
                            <ArchiveUnit id="AU35">
                                <Content>
                                <DescriptionLevel>Item</DescriptionLevel>
                                <Title>AU35</Title>      
                                </Content>
                                <DataObjectReference>
                                    <DataObjectGroupReferenceId>ID36</DataObjectGroupReferenceId>
                                </DataObjectReference>
                            </ArchiveUnit>
                        </ArchiveUnit>
                    </ArchiveUnit>
                </ArchiveUnit>
            </ArchiveUnit>
            <ArchiveUnit id="AU36">
                <Content>
                    <DescriptionLevel>RecordGrp</DescriptionLevel>
                    <Title>AU36</Title>
                </Content>
            </ArchiveUnit>
            <ArchiveUnit id="AU41">
                <Management>
                    <StorageRule>
                        <Rule>R1</Rule>
                        <StartDate>2017-01-01</StartDate>
                        <FinalAction>RestrictAccess</FinalAction>   
                    </StorageRule>
                    <AccessRule>
                        <Rule>ACC-00001</Rule>
                       <StartDate>2017-01-01</StartDate>
                    </AccessRule>
                </Management>
                <Content>
                    <DescriptionLevel>RecordGrp</DescriptionLevel>
                    <Title>AU41</Title>
                    <StartDate>2016-06-03T15:28:00</StartDate>
                    <EndDate>2016-06-03T15:28:00</EndDate>
                </Content>              
                <ArchiveUnit id="AU42">
                    <Management>
                        <AccessRule>
                            <PreventInheritance>true</PreventInheritance>
                        </AccessRule>
                    </Management>
                    <Content>
                    <DescriptionLevel>RecordGrp</DescriptionLevel>
                    <Title>AU42</Title>   
                    </Content>
                    <ArchiveUnit id="AU43">
                        <Management>
                            <StorageRule>
                                <Rule>R3</Rule>
                                <StartDate>2017-03-01</StartDate>
                                <FinalAction>RestrictAccess</FinalAction>   
                            </StorageRule>
                        </Management>
                        <Content>
                        <DescriptionLevel>RecordGrp</DescriptionLevel>
                        <Title>AU43</Title>   
                        </Content>                    
                        <ArchiveUnit id="AU44">
                            <Management>
                                <StorageRule>
                                    <Rule>R4</Rule>
                                    <StartDate>2017-04-01</StartDate>
                                    <FinalAction>RestrictAccess</FinalAction>   
                                </StorageRule>
                            </Management>
                            <Content>                        
                            <DescriptionLevel>RecordGrp</DescriptionLevel>
                            <Title>AU44</Title>   
                            </Content>
                            <ArchiveUnit id="ref46">
                                <ArchiveUnitRefId>AU46</ArchiveUnitRefId>
                            </ArchiveUnit>
                            <ArchiveUnit id="AU45">
                                <Content>
                                <DescriptionLevel>Item</DescriptionLevel>
                                <Title>AU45</Title>      
                                </Content>
                                <DataObjectReference>
                                    <DataObjectGroupReferenceId>ID46</DataObjectGroupReferenceId>
                                </DataObjectReference>
                            </ArchiveUnit>
                        </ArchiveUnit>
                    </ArchiveUnit>
                </ArchiveUnit>
            </ArchiveUnit>
            <ArchiveUnit id="AU46">
                <Content>
                    <DescriptionLevel>RecordGrp</DescriptionLevel>
                    <Title>AU46</Title>
                </Content>
            </ArchiveUnit>
        </DescriptiveMetadata>
        <ManagementMetadata>
            <OriginatingAgencyIdentifier>FRAN_NP_009913</OriginatingAgencyIdentifier>
        </ManagementMetadata>
    </DataObjectPackage>
    <ArchivalAgency>
        <Identifier>Identifier4</Identifier>
    </ArchivalAgency>
    <TransferringAgency>
        <Identifier>Identifier5</Identifier>
    </TransferringAgency>
</ArchiveTransfer>
