<?xml version="1.0" encoding="UTF-8"?>
<ArchiveTransfer xmlns:xsi="http://www.w3.org/2001/XMLSchema-instance"
    xsi:schemaLocation="fr:gouv:culture:archivesdefrance:seda:v2.0 file:/Z:/espacePOBA/SEDA/Version_definitive_publiee/seda-2.0-main.xsd"
    xmlns="fr:gouv:culture:archivesdefrance:seda:v2.0" xmlns:xlink="http://www.w3.org/1999/xlink"
    xmlns:pr="info:lc/xmlns/premis-v2">
    <Date>2006-05-04T18:13:51.0</Date>
    <MessageIdentifier>Entrée SIP ok avec fils déclaré avant le père</MessageIdentifier>
    <!-- SIP avec un fils (ID027) déclaré avant le père (ID030) -->
    <Signature> </Signature>
    <ArchivalAgreement>ArchivalAgreement0</ArchivalAgreement>
    <CodeListVersions>
        <ReplyCodeListVersion>ReplyCodeListVersion0</ReplyCodeListVersion>
        <MessageDigestAlgorithmCodeListVersion>MessageDigestAlgorithmCodeListVersion0</MessageDigestAlgorithmCodeListVersion>
        <MimeTypeCodeListVersion>MimeTypeCodeListVersion0</MimeTypeCodeListVersion>
        <EncodingCodeListVersion>EncodingCodeListVersion0</EncodingCodeListVersion>
        <FileFormatCodeListVersion>FileFormatCodeListVersion0</FileFormatCodeListVersion>
        <CompressionAlgorithmCodeListVersion>CompressionAlgorithmCodeListVersion0</CompressionAlgorithmCodeListVersion>
        <DataObjectVersionCodeListVersion>DataObjectVersionCodeListVersion0</DataObjectVersionCodeListVersion>
        <StorageRuleCodeListVersion>StorageRuleCodeListVersion0</StorageRuleCodeListVersion>
        <AppraisalRuleCodeListVersion>AppraisalRuleCodeListVersion0</AppraisalRuleCodeListVersion>
        <AccessRuleCodeListVersion>AccessRuleCodeListVersion0</AccessRuleCodeListVersion>
        <DisseminationRuleCodeListVersion>DisseminationRuleCodeListVersion0</DisseminationRuleCodeListVersion>
        <ReuseRuleCodeListVersion>ReuseRuleCodeListVersion0</ReuseRuleCodeListVersion>
        <ClassificationRuleCodeListVersion>ClassificationRuleCodeListVersion0</ClassificationRuleCodeListVersion>
        <AuthorizationReasonCodeListVersion>AuthorizationReasonCodeListVersion0</AuthorizationReasonCodeListVersion>
        <RelationshipCodeListVersion>RelationshipCodeListVersion0</RelationshipCodeListVersion>
    </CodeListVersions>
    <DataObjectPackage>
        <BinaryDataObject id="ID009">
            <DataObjectGroupId>ID019</DataObjectGroupId>
            <DataObjectVersion>BinaryMaster</DataObjectVersion>
            <Uri>Content/e3e02a356a2e903a03c6b8b6c7a36e6ad4b50d29c6a5360c79a60719812c54cd5433caa227de9856ee80d95ff9f84f416090a62ee52f681e0a29b9b07d75d51a.pdf</Uri>
            <MessageDigest algorithm="SHA-512"
                >e3e02a356a2e903a03c6b8b6c7a36e6ad4b50d29c6a5360c79a60719812c54cd5433caa227de9856ee80d95ff9f84f416090a62ee52f681e0a29b9b07d75d51a</MessageDigest>
            <Size>226224</Size>
            <FormatIdentification>
                <FormatLitteral>FormatLitteral0</FormatLitteral>
                <MimeType>MimeType0</MimeType>
                <FormatId>FormatId0</FormatId>
                <Encoding>Encoding0</Encoding>
            </FormatIdentification>
            <FileInfo>
                <Filename>Filename0</Filename>
                <CreatingApplicationName>CreatingApplicationName0</CreatingApplicationName>
                <CreatingApplicationVersion>CreatingApplicationVersion0</CreatingApplicationVersion>
                <DateCreatedByApplication>2006-05-04T18:13:51.0</DateCreatedByApplication>
                <CreatingOs>CreatingOs0</CreatingOs>
                <CreatingOsVersion>CreatingOsVersion0</CreatingOsVersion>
                <LastModified>2006-05-04T18:13:51.0</LastModified>
            </FileInfo>
            <Metadata>
                <Text> </Text>
            </Metadata>
            <OtherMetadata> </OtherMetadata>
        </BinaryDataObject>
        <DescriptiveMetadata>

            <ArchiveUnit id="ID027">
                <Content>
                    <DescriptionLevel>Fonds</DescriptionLevel>
                    <Title>Test fonds 1</Title>
                    <TransactedDate>2015-06-15</TransactedDate>
                </Content>

                <ArchiveUnit id="ID028">
                    <Content>
                        <DescriptionLevel>Subfonds</DescriptionLevel>
                        <Title>Test sous fonds 1</Title>
                        <TransactedDate>2015-06-15</TransactedDate>
                    </Content>
                    <ArchiveUnit id="ID029">
                        <Content>
                            <DescriptionLevel>File</DescriptionLevel>
                            <Title>Test file 1</Title>
                        </Content>
                        <DataObjectReference>
                            <DataObjectGroupReferenceId>ID019</DataObjectGroupReferenceId>
                        </DataObjectReference>
                    </ArchiveUnit>
                </ArchiveUnit>
            </ArchiveUnit>

            <ArchiveUnit id="ID030">
                <Content>
                    <DescriptionLevel>Subfonds</DescriptionLevel>
                    <Title>Test sous fonds 2</Title>
                    <TransactedDate>2015-06-15</TransactedDate>
                </Content>
                <ArchiveUnit id="ID032">
                    <ArchiveUnitRefId>ID027</ArchiveUnitRefId>
                </ArchiveUnit>
            </ArchiveUnit>

        </DescriptiveMetadata>
        <ManagementMetadata>
            <OriginatingAgencyIdentifier>FRAN_NP_009941</OriginatingAgencyIdentifier>
            <SubmissionAgencyIdentifier>FRAN_NP_009941</SubmissionAgencyIdentifier>
        </ManagementMetadata>
    </DataObjectPackage>
    <RelatedTransferReference>RelatedTransferReference0</RelatedTransferReference>
    <RelatedTransferReference>RelatedTransferReference1</RelatedTransferReference>
    <RelatedTransferReference>RelatedTransferReference2</RelatedTransferReference>
    <TransferRequestReplyIdentifier>TransferRequestReplyIdentifier0</TransferRequestReplyIdentifier>
    <ArchivalAgency>
        <Identifier>Identifier0</Identifier>
        <OrganizationDescriptiveMetadata> </OrganizationDescriptiveMetadata>
    </ArchivalAgency>
    <TransferringAgency>
        <Identifier>Identifier1</Identifier>
        <OrganizationDescriptiveMetadata> </OrganizationDescriptiveMetadata>
    </TransferringAgency>
</ArchiveTransfer>
