<?xml version="1.0" ?>
<ArchiveTransfer xmlns:xsi="http://www.w3.org/2001/XMLSchema-instance"
 xsi:schemaLocation="fr:gouv:culture:archivesdefrance:seda:v2.0 file:/Z:/espacePOBA/SEDA/Version_definitive_publiee/seda-2.0-main.xsd"
 xmlns="fr:gouv:culture:archivesdefrance:seda:v2.0" xmlns:xlink="http://www.w3.org/1999/xlink"
 xmlns:pr="info:lc/xmlns/premis-v2" xml:id="ID1">
    <Comment>2eme SIP</Comment>
    <Date>2016-11-23T10:00:30</Date>
    <MessageIdentifier>MessageIdentifier0</MessageIdentifier>
    <ArchivalAgreement>ArchivalAgreement0</ArchivalAgreement>
    <CodeListVersions>
        <ReplyCodeListVersion>ReplyCodeListVersion0</ReplyCodeListVersion>
        <MessageDigestAlgorithmCodeListVersion>MessageDigestAlgorithmCodeListVersion0</MessageDigestAlgorithmCodeListVersion>
        <MimeTypeCodeListVersion>MimeTypeCodeListVersion0</MimeTypeCodeListVersion>
        <EncodingCodeListVersion>EncodingCodeListVersion0</EncodingCodeListVersion>
        <FileFormatCodeListVersion>FileFormatCodeListVersion0</FileFormatCodeListVersion>
        <CompressionAlgorithmCodeListVersion>CompressionAlgorithmCodeListVersion0</CompressionAlgorithmCodeListVersion>
        <DataObjectVersionCodeListVersion>DataObjectVersionCodeListVersion0</DataObjectVersionCodeListVersion>
        <StorageRuleCodeListVersion>StorageRuleCodeListVersion0</StorageRuleCodeListVersion>
        <AppraisalRuleCodeListVersion>AppraisalRuleCodeListVersion0</AppraisalRuleCodeListVersion>
        <AccessRuleCodeListVersion>AccessRuleCodeListVersion0</AccessRuleCodeListVersion>
        <DisseminationRuleCodeListVersion>DisseminationRuleCodeListVersion0</DisseminationRuleCodeListVersion>
        <ReuseRuleCodeListVersion>ReuseRuleCodeListVersion0</ReuseRuleCodeListVersion>
        <ClassificationRuleCodeListVersion>ClassificationRuleCodeListVersion0</ClassificationRuleCodeListVersion>
        <AuthorizationReasonCodeListVersion>AuthorizationReasonCodeListVersion0</AuthorizationReasonCodeListVersion>
        <RelationshipCodeListVersion>RelationshipCodeListVersion0</RelationshipCodeListVersion>
    </CodeListVersions>
    <DataObjectPackage xml:id="ID2">
        <BinaryDataObject id="ID11">
            <DataObjectGroupId>ID10</DataObjectGroupId>
            <DataObjectVersion>BinaryMaster</DataObjectVersion>
            <Uri>Content/ID11.pdf</Uri>
            <MessageDigest algorithm="SHA-512"
                >07dbec7222b34d631cb7f8a027b0df577e46e69ee1c651975691a1ce6079dd7b2c38f4d6c9cc8f18192e8b1d6e9b5b1653fb46624bd6aca060aee8efeafe44fe</MessageDigest>
            <Size>153378</Size>
            <FormatIdentification>
                <FormatLitteral>Acrobat PDF 1.5 - Portable Document Format</FormatLitteral>
                <MimeType>application/pdf</MimeType>
                <FormatId>fmt/19</FormatId>
            </FormatIdentification>
            <FileInfo>
                <Filename>Brochure sur la vie de Napoléon .pdf</Filename>
                <DateCreatedByApplication>2007-07-20T17:39:47.000+02:00</DateCreatedByApplication>
                <LastModified>2016-10-20T16:37:40.000+02:00</LastModified>
            </FileInfo>
        </BinaryDataObject>
        <BinaryDataObject id="ID15">
            <DataObjectGroupId>ID14</DataObjectGroupId>
            <DataObjectVersion>BinaryMaster</DataObjectVersion>
            <Uri>Content/ID15.aac</Uri>
            <MessageDigest algorithm="SHA-512"
                >363026977ff465534e3bc1a110f051eb689a788b01382459babbfc1c3e5750033b14457fcc27ce6d6f08a9ba90cb2999907cd9c3e88cbd3b1f7306a408bacf18</MessageDigest>
            <Size>1304925</Size>
            <FormatIdentification>
                <FormatLitteral>MPEG-4 Media File</FormatLitteral>
                <MimeType>application/mp4</MimeType>
                <FormatId>fmt/199</FormatId>
            </FormatIdentification>
            <FileInfo>
                <Filename>Vidéo Biographie de Napoléon Ier.aac</Filename>
                <DateCreatedByApplication>2007-07-20T19:05:11.000+02:00</DateCreatedByApplication>
                <LastModified>2016-04-08T16:37:40.000+02:00</LastModified>
            </FileInfo>
        </BinaryDataObject>
        <BinaryDataObject id="ID21">
            <DataObjectGroupId>ID20</DataObjectGroupId>
            <DataObjectVersion>BinaryMaster</DataObjectVersion>
            <Uri>Content/ID21.jpg</Uri>
            <MessageDigest algorithm="SHA-512"
                >aeb762e440d265c23f11052e9dbcc881a1055d838dcc27f8926356dcd637e8e970f2bb54153b9351d9490ad04bb15ec2f1e2fa7fb52b6229468abec4e558c1dd</MessageDigest>
            <Size>36821</Size>
            <FormatIdentification>
                <FormatLitteral>JPEG File Interchange Format</FormatLitteral>
                <MimeType>image/jpeg</MimeType>
                <FormatId>fmt/43</FormatId>
            </FormatIdentification>
            <FileInfo>
                <Filename>Peinture de Napoléon par Ingres.jpg</Filename>
                <LastModified>2016-11-22T10:40:21.686+01:00</LastModified>
            </FileInfo>
        </BinaryDataObject>
        <BinaryDataObject id="ID25">
            <DataObjectGroupId>ID24</DataObjectGroupId>
            <DataObjectVersion>BinaryMaster</DataObjectVersion>
            <Uri>Content/ID25.jpg</Uri>
            <MessageDigest algorithm="SHA-512"
                >751b6bc74a5ce64305061b458ca47b3685f2d00bfcf527b7f35703560682ad65849a86ceee3ed5767d84b97c2a1c7387b4484813247edff283e3403f805a78fe</MessageDigest>
            <Size>56486</Size>
            <FormatIdentification>
                <FormatLitteral>JPEG File Interchange Format</FormatLitteral>
                <MimeType>image/jpeg</MimeType>
                <FormatId>fmt/43</FormatId>
            </FormatIdentification>
            <FileInfo>
                <Filename>Sacre de Napoléon Ier par Jacques-Louis David.jpg</Filename>
                <LastModified>2016-11-22T10:40:51.611+01:00</LastModified>
            </FileInfo>
        </BinaryDataObject>
        <BinaryDataObject id="ID33">
            <DataObjectGroupId>ID32</DataObjectGroupId>
            <DataObjectVersion>BinaryMaster</DataObjectVersion>
            <Uri>Content/ID33.odt</Uri>
            <MessageDigest algorithm="SHA-512"
                >87a1c66dcaff2bb343ba475621b7ec018a78a59d50649041927b73eb5012c54097bb4d6050694f4e8ac7898a3166c6add5844141200ee498d78ad93c9ffd37b5</MessageDigest>
            <Size>82657</Size>
            <FormatIdentification>
                <FormatLitteral>OpenDocument Text</FormatLitteral>
                <MimeType>application/vnd.oasis.opendocument.text</MimeType>
                <FormatId>fmt/291</FormatId>
            </FormatIdentification>
            <FileInfo>
                <Filename>Biographie de Napoléon III.odt</Filename>
                <LastModified>2016-11-22T10:45:25.575+01:00</LastModified>
            </FileInfo>
        </BinaryDataObject>
        <BinaryDataObject id="ID39">
            <DataObjectGroupId>ID38</DataObjectGroupId>
            <DataObjectVersion>BinaryMaster</DataObjectVersion>
            <Uri>Content/ID39.jpg</Uri>
            <MessageDigest algorithm="SHA-512"
                >8f0f863d28e528dae3ad3bede48ba190bdd8fa06930a376c72b1e759c22d123d08116ebec968c83568a311785c1d67fffc8b5495be6a65c788dbae253488f76f</MessageDigest>
            <Size>123786</Size>
            <FormatIdentification>
                <FormatLitteral>JPEG File Interchange Format</FormatLitteral>
                <MimeType>image/jpeg</MimeType>
                <FormatId>fmt/43</FormatId>
            </FormatIdentification>
            <FileInfo>
                <Filename>Napoleón III par Alexandre Cabanel.jpg</Filename>
                <LastModified>2016-11-22T10:47:37.952+01:00</LastModified>
            </FileInfo>
        </BinaryDataObject>
        <BinaryDataObject id="ID43">
            <DataObjectGroupId>ID42</DataObjectGroupId>
            <DataObjectVersion>BinaryMaster</DataObjectVersion>
            <Uri>Content/ID43.jpg</Uri>
            <MessageDigest algorithm="SHA-512"
                >75fd30c404d25855d5c512f67153d6d072fae350cbd10c427128353e4ad4a2f1a12c50fa7b2cd8379a214806e8fdef8dc8f0e0da4125409cc47817b6d897baa1</MessageDigest>
            <Size>19466</Size>
            <FormatIdentification>
                <FormatLitteral>JPEG File Interchange Format</FormatLitteral>
                <MimeType>image/jpeg</MimeType>
                <FormatId>fmt/44</FormatId>
            </FormatIdentification>
            <FileInfo>
                <Filename>Photographie Portrait de Napoléon III.jpg</Filename>
                <LastModified>2016-11-22T10:48:29.209+01:00</LastModified>
            </FileInfo>
        </BinaryDataObject>
        <BinaryDataObject id="ID55">
            <DataObjectGroupId>ID54</DataObjectGroupId>
            <DataObjectVersion>BinaryMaster</DataObjectVersion>
            <Uri>Content/ID55.odt</Uri>
            <MessageDigest algorithm="SHA-512"
                >47624c66a53a541fe9e264ff53027080d0fc120f8533d059d04948a496f0410905adb9545b8d1fbea0ee20f6f2586e643431a55214168daa8a141c8d175ebeb8</MessageDigest>
            <Size>35778</Size>
            <FormatIdentification>
                <FormatLitteral>OpenDocument Text</FormatLitteral>
                <MimeType>application/vnd.oasis.opendocument.text</MimeType>
                <FormatId>fmt/291</FormatId>
            </FormatIdentification>
            <FileInfo>
                <Filename>Biographie d'Henri IV.odt</Filename>
                <LastModified>2016-11-22T10:50:11.741+01:00</LastModified>
            </FileInfo>
        </BinaryDataObject>
        <BinaryDataObject id="ID61">
            <DataObjectGroupId>ID60</DataObjectGroupId>
            <DataObjectVersion>BinaryMaster</DataObjectVersion>
            <Uri>Content/ID61.jpg</Uri>
            <MessageDigest algorithm="SHA-512"
                >dd23127d7246ee7ec73f0d7185bb620b06fcc2b1c150d3508c7e7f7ee3abaa08238cfabbd6620ec92e46741688f6c8254a1afc436c85126abd8f23c32e35f2d2</MessageDigest>
            <Size>27027</Size>
            <FormatIdentification>
                <FormatLitteral>JPEG File Interchange Format</FormatLitteral>
                <MimeType>image/jpeg</MimeType>
                <FormatId>fmt/43</FormatId>
            </FormatIdentification>
            <FileInfo>
                <Filename>Assassinat d' Henri par Ravaillac gravure de Housez.jpg</Filename>
                <LastModified>2016-11-22T10:53:42.891+01:00</LastModified>
            </FileInfo>
        </BinaryDataObject>
        <BinaryDataObject id="ID65">
            <DataObjectGroupId>ID64</DataObjectGroupId>
            <DataObjectVersion>BinaryMaster</DataObjectVersion>
            <Uri>Content/ID65.jpg</Uri>
            <MessageDigest algorithm="SHA-512"
                >65c4ec6f3ed57a7f1d61766bda592fa6c05f9932d4d3d31eaa4c78a64ae33214c6bec640dd1ea161e518c788288dd3efa56e2e0903c9f20f01df285a2e6ab967</MessageDigest>
            <Size>16734</Size>
            <FormatIdentification>
                <FormatLitteral>JPEG File Interchange Format</FormatLitteral>
                <MimeType>image/jpeg</MimeType>
                <FormatId>fmt/43</FormatId>
            </FormatIdentification>
            <FileInfo>
                <Filename>Henri IV par Frans Pourbus le Jeune.jpg</Filename>
                <LastModified>2016-11-22T10:51:21.096+01:00</LastModified>
            </FileInfo>
        </BinaryDataObject>
        <BinaryDataObject id="ID73">
            <DataObjectGroupId>ID72</DataObjectGroupId>
            <DataObjectVersion>BinaryMaster</DataObjectVersion>
            <Uri>Content/ID73.odt</Uri>
            <MessageDigest algorithm="SHA-512"
                >b1af5dd4cad3a456fe809e176d828b1c340fb70e591619531ce3670f3897a7a65196f021cf587929d4adf3807bb52e48c65d34cf0d4bc82dd27f360d8ac7f03a</MessageDigest>
            <Size>69838</Size>
            <FormatIdentification>
                <FormatLitteral>OpenDocument Text</FormatLitteral>
                <MimeType>application/vnd.oasis.opendocument.text</MimeType>
                <FormatId>fmt/291</FormatId>
            </FormatIdentification>
            <FileInfo>
                <Filename>Biographie de Louis XIV.odt</Filename>
                <LastModified>2016-11-22T10:59:32.983+01:00</LastModified>
            </FileInfo>
        </BinaryDataObject>
        <BinaryDataObject id="ID77">
            <DataObjectGroupId>ID76</DataObjectGroupId>
            <DataObjectVersion>BinaryMaster</DataObjectVersion>
            <Uri>Content/ID77.pdf</Uri>
            <MessageDigest algorithm="SHA-512"
                >f5d6880f323e5aa73a95cece09a66fed2ca462c60690acdbf438216981d5c7f0c6f16e879c07199bb2a45a64f73fa6466d43296e18bb3e68123a7df9a6ad97b0</MessageDigest>
            <Size>524372</Size>
            <FormatIdentification>
                <FormatLitteral>Acrobat PDF 1.4 - Portable Document Format</FormatLitteral>
                <MimeType>application/pdf</MimeType>
                <FormatId>fmt/18</FormatId>
            </FormatIdentification>
            <FileInfo>
                <Filename>Présentation Séminaire du 15 juillet 2013.pdf</Filename>
                <LastModified>2016-10-11T17:38:48.000+02:00</LastModified>
            </FileInfo>
        </BinaryDataObject>
        <BinaryDataObject id="ID83">
            <DataObjectGroupId>ID82</DataObjectGroupId>
            <DataObjectVersion>BinaryMaster</DataObjectVersion>
            <Uri>Content/ID83.jpg</Uri>
            <MessageDigest algorithm="SHA-512"
                >cf0f7768d03e591a9bdb6ec572419cb70dfba1b94ad4a7abc689a53f896be3da147372caff12aecba6b815460b9aeedb96941e8e832afcc9b0a075abc74fc54e</MessageDigest>
            <Size>24140</Size>
            <FormatIdentification>
                <FormatLitteral>JPEG File Interchange Format</FormatLitteral>
                <MimeType>image/jpeg</MimeType>
                <FormatId>fmt/43</FormatId>
            </FormatIdentification>
            <FileInfo>
                <Filename>Louis XIV par Hyacinthe Rigaud.jpg</Filename>
                <LastModified>2016-11-22T11:01:23.651+01:00</LastModified>
            </FileInfo>
        </BinaryDataObject>
        <BinaryDataObject id="ID87">
            <DataObjectGroupId>ID86</DataObjectGroupId>
            <DataObjectVersion>BinaryMaster</DataObjectVersion>
            <Uri>Content/ID87.jpg</Uri>
            <MessageDigest algorithm="SHA-512"
                >bace0285f849e9c820400008e580d4583e38eae8fabde539a1a959b22b7ad1de4e409fab0f972855bed9632153d4dbddefac57d67abcc1ae314421b430bcad09</MessageDigest>
            <Size>14941</Size>
            <FormatIdentification>
                <FormatLitteral>JPEG File Interchange Format</FormatLitteral>
                <MimeType>image/jpeg</MimeType>
                <FormatId>fmt/43</FormatId>
            </FormatIdentification>
            <FileInfo>
                <Filename>LouisXIV, enfant, en costume romain.jpg</Filename>
                <LastModified>2016-11-22T11:02:04.094+01:00</LastModified>
            </FileInfo>
        </BinaryDataObject>
        <BinaryDataObject id="ID97">
            <DataObjectGroupId>ID96</DataObjectGroupId>
            <DataObjectVersion>BinaryMaster</DataObjectVersion>
            <Uri>Content/ID97.odt</Uri>
            <MessageDigest algorithm="SHA-512"
                >ce62277c4445ee75aff287d0a9218c591c7532d79672c3c3c2e55e08ba0e85372f91e5619dd094017c6099c374fabae80cd98d6d908a787ec6d23cd788f81f45</MessageDigest>
            <Size>108594</Size>
            <FormatIdentification>
                <FormatLitteral>OpenDocument Text</FormatLitteral>
                <MimeType>application/vnd.oasis.opendocument.text</MimeType>
                <FormatId>fmt/291</FormatId>
            </FormatIdentification>
            <FileInfo>
                <Filename>Biographie d'Henri Ier.odt</Filename>
                <LastModified>2015-11-22T11:10:35.343+01:00</LastModified>
            </FileInfo>
        </BinaryDataObject>
        <BinaryDataObject id="ID103">
            <DataObjectGroupId>ID102</DataObjectGroupId>
            <DataObjectVersion>BinaryMaster</DataObjectVersion>
            <Uri>Content/ID103.gif</Uri>
            <MessageDigest algorithm="SHA-512"
                >c4bade2ef19da0653de3fa84b4e2ae426f730f0aaaf8b145a0bd1c548282b0d3695a7a1822d0cd7c99b8ef1487ff936087196d6fa51ebe77a2fa1a5137364839</MessageDigest>
            <Size>28434</Size>
            <FormatIdentification>
                <FormatLitteral>Graphics Interchange Format</FormatLitteral>
                <MimeType>image/gif</MimeType>
                <FormatId>fmt/4</FormatId>
            </FormatIdentification>
            <FileInfo>
                <Filename>Gravure d'Henri Ier.gif</Filename>
                <LastModified>2016-11-22T11:11:14.266+01:00</LastModified>
            </FileInfo>
        </BinaryDataObject>
        <BinaryDataObject id="ID111">
            <DataObjectGroupId>ID110</DataObjectGroupId>
            <DataObjectVersion>BinaryMaster</DataObjectVersion>
            <Uri>Content/ID111.odt</Uri>
            <MessageDigest algorithm="SHA-512"
                >1148497981efc93ab321893c481e73ae78f43d92ef38e37d21cdbcce275c13c6d7ac8eba4b0ff57452dd5d5002a221befb935c13c3833f2392fc3afa15593279</MessageDigest>
            <Size>79491</Size>
            <FormatIdentification>
                <FormatLitteral>OpenDocument Text</FormatLitteral>
                <MimeType>application/vnd.oasis.opendocument.text</MimeType>
                <FormatId>fmt/291</FormatId>
            </FormatIdentification>
            <FileInfo>
                <Filename>Biographie d'Hugues Capet.odt</Filename>
                <LastModified>2016-11-22T11:14:32.014+01:00</LastModified>
            </FileInfo>
        </BinaryDataObject>
        <BinaryDataObject id="ID117">
            <DataObjectGroupId>ID116</DataObjectGroupId>
            <DataObjectVersion>BinaryMaster</DataObjectVersion>
            <Uri>Content/ID117.jpg</Uri>
            <MessageDigest algorithm="SHA-512"
                >7fbc97013334c13ad63c9dead2687f19ed99b3a67f026676bf5f2ac46ad2ae3fb59506f312e58863c1557090b148b5d54b1d2e484d5be0218aeb8145a98c8169</MessageDigest>
            <Size>31715</Size>
            <FormatIdentification>
                <FormatLitteral>JPEG File Interchange Format</FormatLitteral>
                <MimeType>image/jpeg</MimeType>
                <FormatId>fmt/43</FormatId>
            </FormatIdentification>
            <FileInfo>
                <Filename>Gravure d'Hugues Capet.jpg</Filename>
                <LastModified>2016-11-22T11:15:48.493+01:00</LastModified>
            </FileInfo>
        </BinaryDataObject>
        <BinaryDataObject id="ID121">
            <DataObjectGroupId>ID120</DataObjectGroupId>
            <DataObjectVersion>BinaryMaster</DataObjectVersion>
            <Uri>Content/ID121.jpg</Uri>
            <MessageDigest algorithm="SHA-512"
                >d2a87baf6fa2c6de07cd5e59771df783c82c3275a5e34415027678533eb31706ae4bf1f4b17159f90fe8a4180adf54067e44de3ba21453776ad9b91a85f2c51e</MessageDigest>
            <Size>57548</Size>
            <FormatIdentification>
                <FormatLitteral>JPEG File Interchange Format</FormatLitteral>
                <MimeType>image/jpeg</MimeType>
                <FormatId>fmt/43</FormatId>
            </FormatIdentification>
            <FileInfo>
                <Filename>Sacre d'Hugues Capet.jpg</Filename>
                <LastModified>2016-11-22T11:16:46.840+01:00</LastModified>
            </FileInfo>
        </BinaryDataObject>
        <BinaryDataObject id="ID127">
            <DataObjectGroupId>ID126</DataObjectGroupId>
            <DataObjectVersion>BinaryMaster</DataObjectVersion>
            <Uri>Content/ID127.mp3</Uri>
            <MessageDigest algorithm="SHA-512"
                >1db667f65f1827a513ce13f568b4c1548af09b67cf0533a5683953484a7406ddbd3cdadefbb5291cef7c5157c8d1b2e8431de1edf55e0dce5c8a9448da0fedac</MessageDigest>
            <Size>566002</Size>
            <FormatIdentification>
                <FormatId>UNKNOWN</FormatId>
            </FormatIdentification>
            <FileInfo>
                <Filename>Emission de radio Histoire du 13 mai 1978 sur Hugues Capet.mp3</Filename>
                <LastModified>2016-10-20T16:37:40.000+02:00</LastModified>
            </FileInfo>
        </BinaryDataObject>
        <BinaryDataObject id="ID137">
            <DataObjectGroupId>ID136</DataObjectGroupId>
            <DataObjectVersion>BinaryMaster</DataObjectVersion>
            <Uri>Content/ID137.odt</Uri>
            <MessageDigest algorithm="SHA-512"
                >f5d3f5b9206026bb11de27572ff5d53d4bbd78466eb00e35764c05727554c76dc05006b300e5918b2e66e434bc9b66c2881089b8715e46bd2bfd297075874aab</MessageDigest>
            <Size>44537</Size>
            <FormatIdentification>
                <FormatLitteral>OpenDocument Text</FormatLitteral>
                <MimeType>application/vnd.oasis.opendocument.text</MimeType>
                <FormatId>fmt/291</FormatId>
            </FormatIdentification>
            <FileInfo>
                <Filename>Biographie de François Ier.odt</Filename>
                <LastModified>2016-11-22T11:27:03.916+01:00</LastModified>
            </FileInfo>
        </BinaryDataObject>
        <BinaryDataObject id="ID143">
            <DataObjectGroupId>ID142</DataObjectGroupId>
            <DataObjectVersion>BinaryMaster</DataObjectVersion>
            <Uri>Content/ID143.jpg</Uri>
            <MessageDigest algorithm="SHA-512"
                >824c7acba6c3d905ba4e599dbd4f39f40dbdd8e0da1560420bf81b15739c843a9e08e111f76dcc6a6a5c49710ae7aab822e4a188e68ec4b7a8d189471afe184c</MessageDigest>
            <Size>236567</Size>
            <FormatIdentification>
                <FormatLitteral>JPEG File Interchange Format</FormatLitteral>
                <MimeType>image/jpeg</MimeType>
                <FormatId>fmt/43</FormatId>
            </FormatIdentification>
            <FileInfo>
                <Filename>François Ier vers 1530 par Jean Clouet.jpg</Filename>
                <LastModified>2016-11-22T11:27:56.175+01:00</LastModified>
            </FileInfo>
        </BinaryDataObject>
        <BinaryDataObject id="ID147">
            <DataObjectGroupId>ID146</DataObjectGroupId>
            <DataObjectVersion>BinaryMaster</DataObjectVersion>
            <Uri>Content/ID147.jpg</Uri>
            <MessageDigest algorithm="SHA-512"
                >38f5cee2ee28c273b0c24e851cd61480b5449d7614e752ede5887a60b97df768f871241d98b6f0fbf61596fb0a459e72664d599756889c2755fbc4d3a5861f21</MessageDigest>
            <Size>291599</Size>
            <FormatIdentification>
                <FormatLitteral>JPEG File Interchange Format</FormatLitteral>
                <MimeType>image/jpeg</MimeType>
                <FormatId>fmt/43</FormatId>
            </FormatIdentification>
            <FileInfo>
                <Filename>La salamandre de François Ier et sa devise Nutrisco et
                    extinguo.jpg</Filename>
                <LastModified>2016-11-22T11:28:53.791+01:00</LastModified>
            </FileInfo>
        </BinaryDataObject>
        <BinaryDataObject id="ID155">
            <DataObjectGroupId>ID154</DataObjectGroupId>
            <DataObjectVersion>BinaryMaster</DataObjectVersion>
            <Uri>Content/ID155.odt</Uri>
            <MessageDigest algorithm="SHA-512"
                >90bb91662b8d705fc2ddc66bedf8ef6209d3bc764f28ac465616848fa2d58f8039aea0f5164ed7c56dfb1eeb77f14fe528b5eaa16a2468b08849807c8162f9df</MessageDigest>
            <Size>41658</Size>
            <FormatIdentification>
                <FormatLitteral>OpenDocument Text</FormatLitteral>
                <MimeType>application/vnd.oasis.opendocument.text</MimeType>
                <FormatId>fmt/291</FormatId>
            </FormatIdentification>
            <FileInfo>
                <Filename>Biographie d'Henri III.odt</Filename>
                <LastModified>2016-11-22T11:30:15.637+01:00</LastModified>
            </FileInfo>
        </BinaryDataObject>
        <BinaryDataObject id="ID161">
            <DataObjectGroupId>ID160</DataObjectGroupId>
            <DataObjectVersion>BinaryMaster</DataObjectVersion>
            <Uri>Content/ID161.jpg</Uri>
            <MessageDigest algorithm="SHA-512"
                >370f462949a7116cae56ff01d954742e8b8f998b267f39c7a465b3ef3c755eda376f99614f1f624f50ea8609454de22ed8ec39be6d9a9a0e298d834ae9f7a582</MessageDigest>
            <Size>26239</Size>
            <FormatIdentification>
                <FormatLitteral>JPEG File Interchange Format</FormatLitteral>
                <MimeType>image/jpeg</MimeType>
                <FormatId>fmt/43</FormatId>
            </FormatIdentification>
            <FileInfo>
                <Filename>Henri III Portrait par François Quesnel.jpg</Filename>
                <LastModified>2016-11-22T11:31:23.164+01:00</LastModified>
            </FileInfo>
        </BinaryDataObject>
        <BinaryDataObject id="ID165">
            <DataObjectGroupId>ID164</DataObjectGroupId>
            <DataObjectVersion>BinaryMaster</DataObjectVersion>
            <Uri>Content/ID165.jpg</Uri>
            <MessageDigest algorithm="SHA-512"
                >5c955b5bc39f7f1cb5026693b78ee19229eac836bcbc3eec77208eba5c292c935fc7a554faeefe03cde4dbde8885bd24f93f3f6499cebf3386ef46f905faf7f7</MessageDigest>
            <Size>114309</Size>
            <FormatIdentification>
                <FormatLitteral>JPEG File Interchange Format</FormatLitteral>
                <MimeType>image/jpeg</MimeType>
                <FormatId>fmt/44</FormatId>
            </FormatIdentification>
            <FileInfo>
                <Filename>Portrait d'Henri III de France avec sa toque chargée d'aigrette et cordons
                    de diamants, dessin d'Étienne Dumonstier,.jpg</Filename>
                <LastModified>2016-11-22T11:30:52.295+01:00</LastModified>
            </FileInfo>
        </BinaryDataObject>
        <BinaryDataObject id="ID171">
            <DataObjectGroupId>ID170</DataObjectGroupId>
            <DataObjectVersion>BinaryMaster</DataObjectVersion>
            <Uri>Content/ID171.webm</Uri>
            <MessageDigest algorithm="SHA-512"
                >7fd5083c9fed80574461c4c3aa951e7c7adf4084d3a6440eaf7fac421727d0bb10409051c8d0f341dabe71525a8221baf8c545e523d2e084413423e5071b00f4</MessageDigest>
            <Size>2308360</Size>
            <FormatIdentification>
                <FormatLitteral>WebM</FormatLitteral>
                <MimeType>video/webm</MimeType>
                <FormatId>fmt/573</FormatId>
            </FormatIdentification>
            <FileInfo>
                <Filename>Vidéo web du 13 mars 2015 sur Henri III.webm</Filename>
                <LastModified>2016-10-20T16:37:40.000+02:00</LastModified>
            </FileInfo>
        </BinaryDataObject>
        <DescriptiveMetadata>
            <ArchiveUnit id="ID3">
                <Management>
                    <AppraisalRule>
                        <Rule>APP-00001</Rule>
                        <StartDate>1982-09-01</StartDate>
                        <FinalAction>Keep</FinalAction>
                    </AppraisalRule>
                    <AccessRule>
                        <Rule>ACC-00002</Rule>
                    </AccessRule>
                </Management>
                <Content>
                    <DescriptionLevel>RecordGrp</DescriptionLevel>
                    <Title>Liste des souverains français - Copie</Title>
                    <Description>La liste des monarques de France réunit et liste les rois et les empereurs qui ont régné sur la France, au travers des différentes constructions politiques, territoriales, et dynastiques qui se succédèrent (mérovingiens, carolingiens, capétiens, Valois, Bourbons, Orléans, Bonaparte). Parmi les différents moments de cette royauté française, on distingue l'époque des royaumes francs au haut Moyen Âge, le royaume de France en tant que tel jusqu'à la Révolution française, puis le Premier Empire, la Restauration, la monarchie de Juillet et enfin le Second Empire, dernier régime dynastique et d'apparence monarchique à avoir établi son autorité au XIXe siècle. Le dernier monarque ayant régné en France est l'empereur Napoléon III, déchu officiellement le 1er mars 1871, après la défaite de Sedan. Jusqu'alors, la France avait toujours été une monarchie ou un empire, hormis durant deux périodes : la Première République, du 22 septembre 1792 au 18 mai 1804, et la Deuxième République, du 24 février 1848 au 2 décembre 1852 (voir la liste des présidents de la République française). La date de commencement de la France en tant que royaume et entité politique constituée est sujette à controverse. La date plus reculée admise est celle de l'avènement de Clovis en 481, qui correspond globalement à l'émergence et la consolidation du Regnum Francorum. Son mariage et sa conversion au christianisme ont permis de réunir dans ses mains le royaume des Francs, celui des Burgondes et les restes du pouvoir impérial exercés par les évêques dans les différentes cités gallo-romaines. Le territoire a continué sur plusieurs siècles à s'appeler la Gaule, mais on possède depuis cette date des actes de la chancellerie de France qui attestent de l'existence et de la continuité d'un État franc, puis français.</Description>
                    <OriginatingAgency>
                        <Identifier>FRAN_NP_050981</Identifier>
                    </OriginatingAgency>
                    <SubmissionAgency>
                        <Identifier>FRAN_NP_051342</Identifier>
                    </SubmissionAgency>
                    <StartDate>2016-10-11T17:38:48</StartDate>
                    <EndDate>2016-11-22T11:31:23</EndDate>
                </Content>
                <ArchiveUnit id="ID5">
                    <ArchiveUnitRefId>ID4</ArchiveUnitRefId>
                </ArchiveUnit>
                <ArchiveUnit id="ID47">
                    <ArchiveUnitRefId>ID46</ArchiveUnitRefId>
                </ArchiveUnit>
            </ArchiveUnit>
            <ArchiveUnit id="ID4">
                <Content>
                    <DescriptionLevel>RecordGrp</DescriptionLevel>
                    <Title>Maison Bonaparte</Title>
                    <Description>La maison impériale de France désigne la dynastie impériale française et ses branches collatérales. Elle est issue de la famille Bonaparte, une famille patricienne corse originaire d'Italie, reconnue noble en France sous l'Ancien Régime et devenue maison impériale à la suite de l'élévation de Napoléon Bonaparte à la dignité d'empereur des Français le 18 mai 1804. Trois de ses membres ont régné sur la France : le fondateur de la dynastie, Napoléon Ier, de 1804 à 1814, puis en 1815, en théorie, son fils Napoléon II, en 1815, et son neveu Napoléon III, de 1852 à 1870 (après avoir été le premier président de la République française, de 1848 à 1852, sous le nom de Louis-Napoléon Bonaparte).La maison Bonaparte a également régné sur plusieurs pays européens au cours du Premier Empire, dans le cadre de la politique familiale de Napoléon Ier : l'Italie (Napoléon Ier, de 1805 à 1814); Naples (Joseph Ier, de 1806 à 1808) ; l'Espagne (Joseph Ier, de 1808 à 1813); la Hollande (Louis Ier, de 1806 à 1810, et Louis II, en 1810) ; Lucques et Piombino (Élisa Bonaparte, de 1805 à 1814);la Toscane (Élisa Bonaparte, de 1809 à 1814); la Westphalie (Jérôme Ier, de 1807 à 1813).
                    </Description>
                    <OriginatingAgency>
                        <Identifier>FRAN_NP_050981</Identifier>
                    </OriginatingAgency>
                    <SubmissionAgency>
                        <Identifier>FRAN_NP_051342</Identifier>
                    </SubmissionAgency>
                    <StartDate>2015-10-20T16:37:40</StartDate>
                    <EndDate>2016-11-22T10:48:29</EndDate>
                </Content>
                <ArchiveUnit id="ID7">
                    <ArchiveUnitRefId>ID6</ArchiveUnitRefId>
                </ArchiveUnit>
                <ArchiveUnit id="ID29">
                    <ArchiveUnitRefId>ID28</ArchiveUnitRefId>
                </ArchiveUnit>
            </ArchiveUnit>
            <ArchiveUnit id="ID6">
                <Content>
                    <DescriptionLevel>RecordGrp</DescriptionLevel>
                    <Title>Napoléon Ier</Title>
                    <Description>Né à Ajaccio (France) le 15/08/1769 ; Mort à Sainte-Hélène (Territoire britanique d'outre-mer) le 05/05/1821. Figure historique et ambiguë, Napoléon dérange et fascine. Premier Consul puis Empereur, génie militaire et bâtisseur, il a régné sur l'Europe en despote et a contribué à la modernisation des nations, la France en tête. </Description>
                    <OriginatingAgency>
                        <Identifier>FRAN_NP_050981</Identifier>
                    </OriginatingAgency>
                    <SubmissionAgency>
                        <Identifier>FRAN_NP_051342</Identifier>
                    </SubmissionAgency>
                    <StartDate>2016-10-20T16:37:40</StartDate>
                    <EndDate>2016-11-22T10:40:51</EndDate>
                </Content>
                <ArchiveUnit id="ID9">
                    <ArchiveUnitRefId>ID8</ArchiveUnitRefId>
                </ArchiveUnit>
                <ArchiveUnit id="ID19">
                    <ArchiveUnitRefId>ID18</ArchiveUnitRefId>
                </ArchiveUnit>
            </ArchiveUnit>
            <ArchiveUnit id="ID8">
                <Management>
                    <DisseminationRule>
                        <Rule>DIS-00001</Rule>
                        <StartDate>2008-07-14</StartDate>
                    </DisseminationRule>
                </Management>
                <Content>
                    <DescriptionLevel>RecordGrp</DescriptionLevel>
                    <Title>Documentation</Title>
                    <Description>Documentation relative à Napoléon Ier.</Description>
                    <StartDate>2015-12-23T16:37:40</StartDate>
                    <EndDate>2016-01-20T19:44:59</EndDate>
                </Content>
                <ArchiveUnit id="ID13">
                    <ArchiveUnitRefId>ID12</ArchiveUnitRefId>
                </ArchiveUnit>
                <ArchiveUnit id="ID17">
                    <ArchiveUnitRefId>ID16</ArchiveUnitRefId>
                </ArchiveUnit>
            </ArchiveUnit>
            <ArchiveUnit id="ID12">
                <Content>
                    <DescriptionLevel>Item</DescriptionLevel>
                    <Title>Brochure sur la vie de Napoléon .pdf</Title>
                    <Description>Brochure du musée Napoélon sur la vie de Napoléon Bonaparte de l'année 2015.</Description>
                    <OriginatingAgency>
                        <Identifier>FRAN_NP_050981</Identifier>
                    </OriginatingAgency>
                    <SubmissionAgency>
                        <Identifier>FRAN_NP_051342</Identifier>
                    </SubmissionAgency>
                    <CreatedDate>2015-04-29T12:37:40</CreatedDate>
                    <EndDate>2016-04-29T16:09:24</EndDate>
                </Content>
                <DataObjectReference>
                    <DataObjectGroupReferenceId>ID10</DataObjectGroupReferenceId>
                </DataObjectReference>
            </ArchiveUnit>
            <ArchiveUnit id="ID16">
                <Management>
                    <AppraisalRule>
                        <Rule>APP-00001</Rule>
                        <StartDate>1982-09-01</StartDate>
                        <FinalAction>Keep</FinalAction>
                    </AppraisalRule>
                    <AccessRule>
                        <Rule>ACC-00002</Rule>
                    </AccessRule>
                </Management>
                <Content>
                    <DescriptionLevel>Item</DescriptionLevel>
                    <Title>Interventions spécialistes colloques sur Napoléon Ier.aac</Title>
                    <Description>Ensembles des enregistrements des intervenants au colloque "Napoléon Bonaparte" au Musée du Louvre le 16 février 2015</Description>
                    <OriginatingAgency>
                        <Identifier>FRAN_NP_050981</Identifier>
                    </OriginatingAgency>
                    <SubmissionAgency>
                        <Identifier>FRAN_NP_051342</Identifier>
                    </SubmissionAgency>
                    <CreatedDate>2015-06-27T16:16:16</CreatedDate>
                    <TransactedDate>2015-11-16T16:37:40</TransactedDate>
                </Content>
                <DataObjectReference>
                    <DataObjectGroupReferenceId>ID14</DataObjectGroupReferenceId>
                </DataObjectReference>
            </ArchiveUnit>
            <ArchiveUnit id="ID18">
                <Content>
                    <DescriptionLevel>RecordGrp</DescriptionLevel>
                    <Title>Images</Title>
                    <Description>Représentations de Napoléon Ier</Description>
                    <OriginatingAgency>
                        <Identifier>FRAN_NP_050981</Identifier>
                    </OriginatingAgency>
                    <SubmissionAgency>
                        <Identifier>FRAN_NP_051342</Identifier>
                    </SubmissionAgency>
                    <StartDate>2015-11-22T10:40:21</StartDate>
                    <EndDate>2016-11-22T10:40:51</EndDate>
                </Content>
                <ArchiveUnit id="ID23">
                    <ArchiveUnitRefId>ID22</ArchiveUnitRefId>
                </ArchiveUnit>
                <ArchiveUnit id="ID27">
                    <ArchiveUnitRefId>ID26</ArchiveUnitRefId>
                </ArchiveUnit>
            </ArchiveUnit>
            <ArchiveUnit id="ID22">
                <Content>
                    <DescriptionLevel>Item</DescriptionLevel>
                    <Title>Peinture de Napoléon par Ingres.jpg</Title>
                    <Description>Le tableau représente l'empereur Napoléon en costume de sacre, assis sur son trône dont on voit le haut du dossier de forme circulaire et les accoudoirs ornés de boules d'ivoire qui représentent le globe. De la main droite il tient le Sceptre de Charles V, et de la gauche, la main de justice. Il est coiffé d'une couronne de lauriers dorés. Par dessus sa tunique de satin brodée d'or, son manteau de velours pourpre parsemé d'abeilles d'or est doublé d'hermine. Sur l'épitoge aussi en hermine, il porte le grand collier de la Légion d'honneur. À sa gauche, l'épée du sacre dans son fourreau est maintenue par une écharpe de soie. En bas à gauche le tableau est signé INGRES P xit, et à droite il est daté ANNO 1806. D'autres symboles témoignent de la volonté de Napoléon de rattacher son pouvoir à une légitimité antérieure des Bourbons : pourpres impériales, couvertes d'abeilles, tunique blanche, couronne de laurier et collier d'aigle rappelant l'Empire romain et le passé carolingien. Nous voyons également un aigle sur le tapis du bas.</Description>
                    <OriginatingAgency>
                        <Identifier>FRAN_NP_050981</Identifier>
                    </OriginatingAgency>
                    <SubmissionAgency>
                        <Identifier>FRAN_NP_051342</Identifier>
                    </SubmissionAgency>
                    <TransactedDate>2016-11-22T10:40:21</TransactedDate>
                </Content>
                <DataObjectReference>
                    <DataObjectGroupReferenceId>ID20</DataObjectGroupReferenceId>
                </DataObjectReference>
            </ArchiveUnit>
            <ArchiveUnit id="ID26">
                <Content>
                    <DescriptionLevel>Item</DescriptionLevel>
                    <Title>Sacre de Napoléon Ier par Jacques-Louis David.jpg</Title>
                    <Description>Le Sacre de Napoléon (titre complet Sacre de l'empereur Napoléon Ier et couronnement de l'impératrice Joséphine dans la cathédrale Notre-Dame de Paris, le 2 décembre 1804) est un tableau peint entre 1806 et 1807 par Jacques-Louis David, peintre officiel de Napoléon Ier, qui représente une des cérémonies du couronnement. Imposante par ses dimensions, presque dix mètres sur plus de six, la toile de David est conservée au Louvre. Une réplique quasiment identique commencée en 1808 par David et terminée lors de l'exil du peintre à Bruxelles est accrochée au musée du château de Versailles dans la salle du Sacre. Le couronnement et le sacre ont eu lieu à Notre-Dame de Paris.</Description>
                    <OriginatingAgency>
                        <Identifier>FRAN_NP_050981</Identifier>
                    </OriginatingAgency>
                    <SubmissionAgency>
                        <Identifier>FRAN_NP_051342</Identifier>
                    </SubmissionAgency>
                    <TransactedDate>2016-11-22T10:40:51</TransactedDate>
                </Content>
                <DataObjectReference>
                    <DataObjectGroupReferenceId>ID24</DataObjectGroupReferenceId>
                </DataObjectReference>
            </ArchiveUnit>
            <ArchiveUnit id="ID28">
                <Content>
                    <DescriptionLevel>RecordGrp</DescriptionLevel>
                    <Title>Napoléon III</Title>
                    <Description>Charles Louis Napoléon Bonaparte ou Napoléon III est né le 20 avril 1808 à Paris et meurt le 9 janvier 1873, exilé en Angleterre. Neveu de Napoléon Ier, il devient le premier président de la République en 1848 puis empereur des Français en 1852, titre qu'il conserve jusqu'à la chute du Second Empire en 1870.</Description>
                    <OriginatingAgency>
                        <Identifier>FRAN_NP_050981</Identifier>
                    </OriginatingAgency>
                    <SubmissionAgency>
                        <Identifier>FRAN_NP_051342</Identifier>
                    </SubmissionAgency>
                    <StartDate>2016-11-22T10:45:25</StartDate>
                    <EndDate>2016-11-22T10:48:29</EndDate>
                </Content>
                <ArchiveUnit id="ID31">
                    <ArchiveUnitRefId>ID30</ArchiveUnitRefId>
                </ArchiveUnit>
                <ArchiveUnit id="ID37">
                    <ArchiveUnitRefId>ID36</ArchiveUnitRefId>
                </ArchiveUnit>
            </ArchiveUnit>
            <ArchiveUnit id="ID30">
                <Content>
                    <DescriptionLevel>RecordGrp</DescriptionLevel>
                    <Title>Documentation</Title>
                    <Description>Documentation relative à Napoléon III</Description>
                    <OriginatingAgency>
                        <Identifier>FRAN_NP_050981</Identifier>
                    </OriginatingAgency>
                    <SubmissionAgency>
                        <Identifier>FRAN_NP_051342</Identifier>
                    </SubmissionAgency>
                    <StartDate>2016-11-22T10:45:25</StartDate>
                    <EndDate>2016-11-22T10:45:25</EndDate>
                </Content>
                <ArchiveUnit id="ID35">
                    <ArchiveUnitRefId>ID34</ArchiveUnitRefId>
                </ArchiveUnit>
            </ArchiveUnit>
            <ArchiveUnit id="ID34">
                <Content>
                    <DescriptionLevel>Item</DescriptionLevel>
                    <Title>Biographie de Napoléon III.odt</Title>
                    <Description>Note biographique de Marcel Dupont sur Napoléon III</Description>
                    <OriginatingAgency>
                        <Identifier>FRAN_NP_050981</Identifier>
                    </OriginatingAgency>
                    <SubmissionAgency>
                        <Identifier>FRAN_NP_051342</Identifier>
                    </SubmissionAgency>
                    <TransactedDate>2016-11-22T10:45:25</TransactedDate>
                </Content>
                <DataObjectReference>
                    <DataObjectGroupReferenceId>ID32</DataObjectGroupReferenceId>
                </DataObjectReference>
            </ArchiveUnit>
            <ArchiveUnit id="ID36">
                <Content>
                    <DescriptionLevel>RecordGrp</DescriptionLevel>
                    <Title>Images</Title>
                    <Description>Représentations imagées de Napoléon III</Description>
                    <OriginatingAgency>
                        <Identifier>FRAN_NP_050981</Identifier>
                    </OriginatingAgency>
                    <SubmissionAgency>
                        <Identifier>FRAN_NP_051342</Identifier>
                    </SubmissionAgency>
                    <StartDate>2016-11-22T10:47:37</StartDate>
                    <EndDate>2016-11-22T10:48:29</EndDate>
                </Content>
                <ArchiveUnit id="ID41">
                    <ArchiveUnitRefId>ID40</ArchiveUnitRefId>
                </ArchiveUnit>
                <ArchiveUnit id="ID45">
                    <ArchiveUnitRefId>ID44</ArchiveUnitRefId>
                </ArchiveUnit>
            </ArchiveUnit>
            <ArchiveUnit id="ID40">
                <Content>
                    <DescriptionLevel>Item</DescriptionLevel>
                    <Title>Napoleón III par Alexandre Cabanel.jpg</Title>
                    <Description>L’entrée en 2008 de ce tableau d'Alexandre Cabanel dans les collections du musée du Second Empire a constitué un événement majeur pour le palais de Compiègne. Dernier portrait officiel de l’Empereur, il fut également son favori.A la fois majestueuse et familière, selon le voeu de l'impératrice Eugénie elle-même, cette effigie renouvelait le genre. Elle figure Napoléon III dans le cadre luxueux du grand cabinet de Napoléon Ier aux Tuileries, le manteau d’hermine brodé d’abeilles d’or et les regalia - couronne impériale, sceptre et main de justice - disposés derrière lui. Cependant, il est vêtu non plus de l’uniforme de général de division, comme chez Winterhalter, de Dreux ou Flandrin, mais d’un habit noir barré du grand cordon de la Légion d’honneur, avec culotte à la française et bas de soie. Cette tenue de cour et le naturel de sa pose confèrent à l’Empereur une distinction très moderne. Le tableau, présenté au Salon de 1865, valut à l'artiste la grande médaille d'honneur mais fut largement débattu. Théophile Gautier ou Ernest Chesneau louèrent sa modernité et sa vérité, tandis que d'autres critiques regrettaient la fermeté et le caractère solennel du précédent portrait de l'Empereur, exécuté en 1862 par Flandrin. Aux Tuileries, le triomphe de Cabanel fut complet : l'impératrice Eugénie accrocha la toile dans son cabinet de travail en lieu et place de celle de Flandrin, que la famille impériale n’aimait pas. Après la guerre de 1870, le tableau transita par la Suisse avant de rejoindre la souveraine en exil en Angleterre. Il figurait dans le bureau de sa résidence de Farnborough Hill, où la reine Victoria l'admira en 1884.Restée dans la famille impériale, l'œuvre fut ensuite considérée comme perdue. Elle demeurait connue toutefois par la gravure, par deux études préparatoires (Ajaccio, musée Fesch ; Baltimore, The Walters Art Gallery) et par des photographies de Léon Mniszech la montrant accrochée à Farnborough Hill (Compiègne, palais impérial). Après son acquisition, le tableau a bénéficié d'une restauration fondamentale. Il est aujourd'hui de nouveau possible d’apprécier la subtilité et la finesse d’exécution remarquables de Cabanel. Elles sont sensibles dans le traitement de tous les détails, notamment le modelé des mains, la gamme de noirs de l’habit, le moiré du ruban, les plis du manteau, ou encore la trouée de lumière sur la gauche.</Description>
                    <OriginatingAgency>
                        <Identifier>FRAN_NP_050981</Identifier>
                    </OriginatingAgency>
                    <SubmissionAgency>
                        <Identifier>FRAN_NP_051342</Identifier>
                    </SubmissionAgency>
                    <TransactedDate>2016-11-22T10:47:37</TransactedDate>
                </Content>
                <DataObjectReference>
                    <DataObjectGroupReferenceId>ID38</DataObjectGroupReferenceId>
                </DataObjectReference>
            </ArchiveUnit>
            <ArchiveUnit id="ID44">
                <Content>
                    <DescriptionLevel>Item</DescriptionLevel>
                    <Title>Photographie Portrait de Napoléon III.jpg</Title>
                    <Description>Photographie de Napoléon III vers la fin de sa vie</Description>
                    <OriginatingAgency>
                        <Identifier>FRAN_NP_050981</Identifier>
                    </OriginatingAgency>
                    <SubmissionAgency>
                        <Identifier>FRAN_NP_051342</Identifier>
                    </SubmissionAgency>
                    <TransactedDate>2016-11-22T10:48:29</TransactedDate>
                </Content>
                <DataObjectReference>
                    <DataObjectGroupReferenceId>ID42</DataObjectGroupReferenceId>
                </DataObjectReference>
            </ArchiveUnit>
            <ArchiveUnit id="ID46">
                <Content>
                    <DescriptionLevel>RecordGrp</DescriptionLevel>
                    <Title>Maison des Capétiens</Title>
                    <Description>Les Capétiens sont une dynastie princière d’origine franque qui commence avec Hugues Capet, roi des Francs, et qui règne notamment sur la France avec sa branche directe de 987 à 1328. La dynastie se poursuit avec les branches collatérales des Valois, jusqu’en 1589, puis avec les Bourbons à partir de Henri IV jusqu'en 1848, avec une interruption pendant la Révolution française jusqu'en 1814. Louis XVIII, Charles X et Louis-Philippe Ier (maison d’Orléans) sont les derniers souverains de la dynastie en France. Les Capétiens forment la troisième dynastie des rois de France (également appelée « troisième race »), après les Mérovingiens et les Carolingiens. Ils ont aussi régné sur d’autres états d’Europe (comme le Portugal, la Bourgogne, Naples, l’Espagne, la Hongrie, la Pologne, le Luxembourg…) et du monde (comme les Courtenay qui étaient empereurs de Constantinople, le Brésil). De plus, avec un seul degré de descendance féminine, presque toutes les dynasties princières européennes sont capétiennes (comme les Plantagenêt). Le nom « Capétiens » ne fut jamais officiel. L’usage de désigner une dynastie par le nom de son premier auteur est une commodité d’historiens, ce qui a créé le terme courant[réf. nécessaire]. On nomme aussi la famille des ancêtres agnatiques d’Hugues Capet les Robertiens, d’après le prénom du bisaïeul de ce dernier, Robert le Fort, marquis de Neustrie mort en 866. Selon l’historien Karl Ferdinand Werner, les Capétiens constituent la plus ancienne dynastie royale en succession masculine du monde1. De fait, avec les deux rois robertiens Eudes et Robert Ier, de 888 à 1848, la dynastie d’Hugues Capet a donné trente-sept rois à la France2. Les Capétiens donnent également treize rois à Naples et à la Sicile3, onze rois à l’Espagne4, quatre rois à la Hongrie5, trois rois à la Pologne5, deux grands-ducs au Luxembourgnote 3, trois empereurs de Romanie (Constantinople)6 et par voie illégitime trente-deux rois au Portugal7 et deux empereurs au Brésil</Description>
                    <OriginatingAgency>
                        <Identifier>FRAN_NP_050981</Identifier>
                    </OriginatingAgency>
                    <SubmissionAgency>
                        <Identifier>FRAN_NP_051342</Identifier>
                    </SubmissionAgency>
                    <StartDate>2016-10-11T17:38:48</StartDate>
                    <EndDate>2016-11-22T11:31:23</EndDate>
                </Content>
                <ArchiveUnit id="ID49">
                    <ArchiveUnitRefId>ID48</ArchiveUnitRefId>
                </ArchiveUnit>
                <ArchiveUnit id="ID91">
                    <ArchiveUnitRefId>ID90</ArchiveUnitRefId>
                </ArchiveUnit>
                <ArchiveUnit id="ID131">
                    <ArchiveUnitRefId>ID130</ArchiveUnitRefId>
                </ArchiveUnit>
            </ArchiveUnit>
            <ArchiveUnit id="ID48">
                <Content>
                    <DescriptionLevel>RecordGrp</DescriptionLevel>
                    <Title>Bourbons</Title>
                    <Description>La maison capétienne de Bourbon est une branche de la dynastie capétienne issue de Robert de France (né en 1256, mort le 7 février 1317), comte de Clermont, par mariage seigneur de Bourbon, seigneur de Charolais, de Saint-Just et de Creil, chambrier de France, dernier fils du roi de France Saint Louis et de Marguerite de Provence. Louis était comte de Clermont-en-Beauvaisis et fut donc le fondateur de la maison capétienne de Bourbon. Elle se scinde en de nombreuses sous-branches ; les branches issues de Henri IV ont donné la « dynastie des Bourbons » et ont régné sur plusieurs pays d’Europe. En France, son règne correspond à l'apogée de la monarchie absolue et la prépondérance française en Europe.</Description>
                    <OriginatingAgency>
                        <Identifier>FRAN_NP_050981</Identifier>
                    </OriginatingAgency>
                    <SubmissionAgency>
                        <Identifier>FRAN_NP_051342</Identifier>
                    </SubmissionAgency>
                    <StartDate>2016-10-11T17:38:48</StartDate>
                    <EndDate>2016-11-22T11:02:04</EndDate>
                </Content>
                <ArchiveUnit id="ID51">
                    <ArchiveUnitRefId>ID50</ArchiveUnitRefId>
                </ArchiveUnit>
                <ArchiveUnit id="ID69">
                    <ArchiveUnitRefId>ID68</ArchiveUnitRefId>
                </ArchiveUnit>
            </ArchiveUnit>
            <ArchiveUnit id="ID50">
                <Content>
                    <DescriptionLevel>RecordGrp</DescriptionLevel>
                    <Title>Henri IV</Title>
                    <Description>Henri IV, surnommé Henri le Grand2, né Henri de Bourbon le 13 décembre 15533 à Pau et assassiné le 14 mai 1610 à Paris, est roi de Navarre (Henri III de Navarre, 1572-1610) puis roi de France et de Navarre (1589-1610), premier souverain de la branche dite de Bourbon de la dynastie capétienne. Il était le fils de Jeanne III, de son nom patronymique Jeanne d'Albret, reine de Navarre, et d'Antoine de Bourbon, chef de la maison de Bourbon, descendant du roi Louis IX, prince du sang et seconde personne de France4. En vertu de la « loi salique » cette filiation fera d'Henri le successeur naturel du roi de France à la mort de François d'Alençon , duc d'Anjou (frère et héritier du roi Henri III), en 1584. Confronté aux guerres de religion, il y fut d'abord impliqué en tant que prince du sang et chef protestant avant d'accéder au trône de France (baptisé catholique à sa naissance, il changea plusieurs fois de religion avant son accession au trône). Pour être accepté comme roi de France, il se reconvertit à sa religion d'origine, le catholicisme, et signa l'Édit de Nantes, traité de paix tolérant dans certaines limites le culte protestant, qui mit fin à deux décennies de guerres de religion. Alors qu'il préparait une guerre contre l'Espagne, il fut assassiné le 14 mai 1610 par un fanatique charentais, François Ravaillac, rue de la Ferronnerie à Paris.</Description>
                    <OriginatingAgency>
                        <Identifier>FRAN_NP_050981</Identifier>
                    </OriginatingAgency>
                    <SubmissionAgency>
                        <Identifier>FRAN_NP_051342</Identifier>
                    </SubmissionAgency>
                    <StartDate>2016-11-22T10:50:11</StartDate>
                    <EndDate>2016-11-22T10:53:42</EndDate>
                </Content>
                <ArchiveUnit id="ID53">
                    <ArchiveUnitRefId>ID52</ArchiveUnitRefId>
                </ArchiveUnit>
                <ArchiveUnit id="ID59">
                    <ArchiveUnitRefId>ID58</ArchiveUnitRefId>
                </ArchiveUnit>
            </ArchiveUnit>
            <ArchiveUnit id="ID52">
                <Content>
                    <DescriptionLevel>RecordGrp</DescriptionLevel>
                    <Title>Documentation</Title>
                    <Description>Documentation relative à Henri IV</Description>
                    <StartDate>2016-11-22T10:50:11</StartDate>
                    <EndDate>2016-11-22T10:50:11</EndDate>
                </Content>
                <ArchiveUnit id="ID57">
                    <ArchiveUnitRefId>ID56</ArchiveUnitRefId>
                </ArchiveUnit>
            </ArchiveUnit>
            <ArchiveUnit id="ID56">
                <Content>
                    <DescriptionLevel>Item</DescriptionLevel>
                    <Title>Biographie d'Henri IV.odt</Title>
                    <Description>Biographie relative à Henri IV</Description>
                    <OriginatingAgency>
                        <Identifier>FRAN_NP_050981</Identifier>
                    </OriginatingAgency>
                    <SubmissionAgency>
                        <Identifier>FRAN_NP_051342</Identifier>
                    </SubmissionAgency>
                    <TransactedDate>2016-11-22T10:50:11</TransactedDate>
                </Content>
                <DataObjectReference>
                    <DataObjectGroupReferenceId>ID54</DataObjectGroupReferenceId>
                </DataObjectReference>
            </ArchiveUnit>
            <ArchiveUnit id="ID58">
                <Content>
                    <DescriptionLevel>RecordGrp</DescriptionLevel>
                    <Title>Images</Title>
                    <Description>Représentations d'Henri IV</Description>
                    <OriginatingAgency>
                        <Identifier>FRAN_NP_050981</Identifier>
                    </OriginatingAgency>
                    <SubmissionAgency>
                        <Identifier>FRAN_NP_051342</Identifier>
                    </SubmissionAgency>
                    <StartDate>2016-11-22T10:51:21</StartDate>
                    <EndDate>2016-11-22T10:53:42</EndDate>
                </Content>
                <ArchiveUnit id="ID63">
                    <ArchiveUnitRefId>ID62</ArchiveUnitRefId>
                </ArchiveUnit>
                <ArchiveUnit id="ID67">
                    <ArchiveUnitRefId>ID66</ArchiveUnitRefId>
                </ArchiveUnit>
            </ArchiveUnit>
            <ArchiveUnit id="ID62">
                <Content>
                    <DescriptionLevel>Item</DescriptionLevel>
                    <Title>Assassinat d' Henri par Ravaillac gravure de Housez.jpg</Title>
                    <Description>Assassinat d’Henri IV et arrestation de Ravaillac le 14 mai 1610, par Charles-Gustave Housez, XIXe s. Musée national du Château de Pau</Description>
                    <OriginatingAgency>
                        <Identifier>FRAN_NP_050981</Identifier>
                    </OriginatingAgency>
                    <SubmissionAgency>
                        <Identifier>FRAN_NP_051342</Identifier>
                    </SubmissionAgency>
                    <TransactedDate>2016-11-22T10:53:42</TransactedDate>
                </Content>
                <DataObjectReference>
                    <DataObjectGroupReferenceId>ID60</DataObjectGroupReferenceId>
                </DataObjectReference>
            </ArchiveUnit>
            <ArchiveUnit id="ID66">
                <Content>
                    <DescriptionLevel>Item</DescriptionLevel>
                    <Title>Henri IV par Frans Pourbus le Jeune.jpg</Title>
                    <Description>buste de Henri IV portant la croix du Saint-Esprit (1553-1610)</Description>
                    <OriginatingAgency>
                        <Identifier>FRAN_NP_050981</Identifier>
                    </OriginatingAgency>
                    <SubmissionAgency>
                        <Identifier>FRAN_NP_051342</Identifier>
                    </SubmissionAgency>
                    <TransactedDate>2016-11-22T10:51:21</TransactedDate>
                </Content>
                <DataObjectReference>
                    <DataObjectGroupReferenceId>ID64</DataObjectGroupReferenceId>
                </DataObjectReference>
            </ArchiveUnit>
            <ArchiveUnit id="ID68">
                <Content>
                    <DescriptionLevel>RecordGrp</DescriptionLevel>
                    <Title>Louis XIV</Title>
                    <Description>Louis XIV est un roi de France né le 5 septembre 1638 (à Saint-Germain-en-Laye) et mort le 1er septembre 1715 (à Versailles) à l'âge de 77 ans. On l'a appelé le Roi soleil.Son règne exceptionnellement long voit la France remplacer l'Espagne au premier rang en Europe. Une suite de guerres de plus en plus longues, indécises et ruineuses permettent d'agrandir le royaume surtout au nord et à l'est. Louis XIV renforce la centralisation du pouvoir royal et impose définitivement la monarchie absolue. Luttant contre les protestants, il unifie religieusement la France. Son goût pour la gloire et le faste lui font construire le palais de Versailles, où il va domestiquer une Cour très nombreuse, qui sera imitée partout en Europe. Il protège de nombreux artistes tant peintres, que musiciens ou écrivains. On a souvent appelé son époque le siècle de Louis XIV. Avec un règne de soixante-douze ans, c'est le chef d'État qui a gouverné la France le plus longtemps, et le souverain qui est parvenu à l'âge le plus avancé. Il est aussi le monarque qui a régné le plus longtemps en Europe. </Description>
                    <StartDate>2016-10-11T17:38:48</StartDate>
                    <EndDate>2016-11-22T11:02:04</EndDate>
                </Content>
                <ArchiveUnit id="ID71">
                    <ArchiveUnitRefId>ID70</ArchiveUnitRefId>
                </ArchiveUnit>
                <ArchiveUnit id="ID81">
                    <ArchiveUnitRefId>ID80</ArchiveUnitRefId>
                </ArchiveUnit>
            </ArchiveUnit>
            <ArchiveUnit id="ID70">
                <Content>
                    <DescriptionLevel>RecordGrp</DescriptionLevel>
                    <Title>Documentation</Title>
                    <Description>Documentation relative à Louis XIV</Description>
                    <StartDate>2016-10-11T17:38:48</StartDate>
                    <EndDate>2016-11-22T10:59:32</EndDate>
                </Content>
                <ArchiveUnit id="ID75">
                    <ArchiveUnitRefId>ID74</ArchiveUnitRefId>
                </ArchiveUnit>
                <ArchiveUnit id="ID79">
                    <ArchiveUnitRefId>ID78</ArchiveUnitRefId>
                </ArchiveUnit>
            </ArchiveUnit>
            <ArchiveUnit id="ID74">
                <Content>
                    <DescriptionLevel>Item</DescriptionLevel>
                    <Title>Biographie de Louis XIV.odt</Title>
                    <Description>Biographie relative à Louis XIV</Description>
                    <TransactedDate>2016-11-22T10:59:32</TransactedDate>
                </Content>
                <DataObjectReference>
                    <DataObjectGroupReferenceId>ID72</DataObjectGroupReferenceId>
                </DataObjectReference>
            </ArchiveUnit>
            <ArchiveUnit id="ID78">
                <Content>
                    <DescriptionLevel>Item</DescriptionLevel>
                    <Title>Présentation Séminaire du 15 juillet 2013.pdf</Title>
                    <Description>Présentation du séminaire tenu au Château de Versailles le 15 juillet
                        2013 "Louis XIV : Le Roi Soleil".pdf</Description>
                    <TransactedDate>2016-10-11T17:38:48</TransactedDate>
                </Content>
                <DataObjectReference>
                    <DataObjectGroupReferenceId>ID76</DataObjectGroupReferenceId>
                </DataObjectReference>
            </ArchiveUnit>
            <ArchiveUnit id="ID80">
                <Content>
                    <DescriptionLevel>RecordGrp</DescriptionLevel>
                    <Title>Images</Title>
                    <Description>Représentation de Louis XIV</Description>
                    <StartDate>2016-11-22T11:01:23</StartDate>
                    <EndDate>2016-11-22T11:02:04</EndDate>
                </Content>
                <ArchiveUnit id="ID85">
                    <ArchiveUnitRefId>ID84</ArchiveUnitRefId>
                </ArchiveUnit>
                <ArchiveUnit id="ID89">
                    <ArchiveUnitRefId>ID88</ArchiveUnitRefId>
                </ArchiveUnit>
            </ArchiveUnit>
            <ArchiveUnit id="ID84">
                <Content>
                    <DescriptionLevel>Item</DescriptionLevel>
                    <Title>Louis XIV par Hyacinthe Rigaud.jpg</Title>
                    <Description>Le portrait de Louis XIV en costume de sacre a été réalisé en 1701 par le peintre français Hyacinthe Rigaud afin de répondre à une commande du monarque qui souhaitait contenter le désir de son petit-fils, Philippe V. Louis XIV le conserva et le fit accrocher à Versailles. Par son éclat et sa qualité, ce portrait s'est imposé comme le « portrait officiel » de Louis XIV.</Description>
                    <TransactedDate>2016-11-22T11:01:23</TransactedDate>
                </Content>
                <DataObjectReference>
                    <DataObjectGroupReferenceId>ID82</DataObjectGroupReferenceId>
                </DataObjectReference>
            </ArchiveUnit>
            <ArchiveUnit id="ID88">
                <Content>
                    <DescriptionLevel>Item</DescriptionLevel>
                    <Title>LouisXIV, enfant, en costume romain.jpg</Title>
                    <Description>Tableau de Louis XIV en costume romain</Description>
                    <TransactedDate>2016-11-22T11:02:04</TransactedDate>
                </Content>
                <DataObjectReference>
                    <DataObjectGroupReferenceId>ID86</DataObjectGroupReferenceId>
                </DataObjectReference>
            </ArchiveUnit>
            <ArchiveUnit id="ID90">
                <Content>
                    <DescriptionLevel>RecordGrp</DescriptionLevel>
                    <Title>Capétiens directs</Title>
                    <Description>CLe nom de Capétiens directs désigne les monarques capétiens qui régnèrent sur le royaume de France, de Hugues Capet en 987, jusqu'à Charles IV le Bel en 1328. Les Capétiens directs ont eu jusqu'à 1316 la chance d'avoir toujours un fils pour leur succéder, ce que les historiens appellent le « miracle capétien ». Après la mort sans héritier du dernier descendant mâle direct d'Hugues Capet, la Maison capétienne de Valois leur succéda.</Description>
                    <StartDate>2016-10-20T16:37:40</StartDate>
                    <EndDate>2016-11-22T11:16:46</EndDate>
                </Content>
                <ArchiveUnit id="ID93">
                    <ArchiveUnitRefId>ID92</ArchiveUnitRefId>
                </ArchiveUnit>
                <ArchiveUnit id="ID107">
                    <ArchiveUnitRefId>ID106</ArchiveUnitRefId>
                </ArchiveUnit>
            </ArchiveUnit>
            <ArchiveUnit id="ID92">
                <Content>
                    <DescriptionLevel>RecordGrp</DescriptionLevel>
                    <Title>Henri Ier</Title>
                    <Description>Henri Ier1 (né le 4 mai 1008 et mort le 4 août 1060 à Vitry-aux-Loges), roi des Francs de 1031 à 1060. Troisième roi de la dynastie dite des Capétiens directs, il est le second fils de Robert le Pieux et de Constance d'Arles. Il devient héritier de la couronne à la mort de son frère aîné Hugues en 1025.</Description>
                    <StartDate>2016-11-22T11:10:35</StartDate>
                    <EndDate>2016-11-22T11:11:14</EndDate>
                </Content>
                <ArchiveUnit id="ID95">
                    <ArchiveUnitRefId>ID94</ArchiveUnitRefId>
                </ArchiveUnit>
                <ArchiveUnit id="ID101">
                    <ArchiveUnitRefId>ID100</ArchiveUnitRefId>
                </ArchiveUnit>
            </ArchiveUnit>
            <ArchiveUnit id="ID94">
                <Content>
                    <DescriptionLevel>RecordGrp</DescriptionLevel>
                    <Title>Documentation</Title>
                    <Description>Documentation relative à Henri Ier</Description>
                    <StartDate>2016-11-22T11:10:35</StartDate>
                    <EndDate>2016-11-22T11:10:35</EndDate>
                </Content>
                <ArchiveUnit id="ID99">
                    <ArchiveUnitRefId>ID98</ArchiveUnitRefId>
                </ArchiveUnit>
            </ArchiveUnit>
            <ArchiveUnit id="ID98">
                <Content>
                    <DescriptionLevel>Item</DescriptionLevel>
                    <Title>Biographie d'Henri Ier.odt</Title>
                    <Description>Biographie d'Henri Ier</Description>
                    <TransactedDate>2016-11-22T11:10:35</TransactedDate>
                </Content>
                <DataObjectReference>
                    <DataObjectGroupReferenceId>ID96</DataObjectGroupReferenceId>
                </DataObjectReference>
            </ArchiveUnit>
            <ArchiveUnit id="ID100">
                <Content>
                    <DescriptionLevel>RecordGrp</DescriptionLevel>
                    <Title>Images</Title>
                    <Description>C:Représentation d'Henri Ier</Description>
                    <StartDate>2016-11-22T11:11:14</StartDate>
                    <EndDate>2016-11-22T11:11:14</EndDate>
                </Content>
                <ArchiveUnit id="ID105">
                    <ArchiveUnitRefId>ID104</ArchiveUnitRefId>
                </ArchiveUnit>
            </ArchiveUnit>
            <ArchiveUnit id="ID104">
                <Content>
                    <DescriptionLevel>Item</DescriptionLevel>
                    <Title>Gravure d'Henri Ier.gif</Title>
                    <Description>Gravure d'Henri Ier</Description>
                    <TransactedDate>2016-11-22T11:11:14</TransactedDate>
                </Content>
                <DataObjectReference>
                    <DataObjectGroupReferenceId>ID102</DataObjectGroupReferenceId>
                </DataObjectReference>
            </ArchiveUnit>
            <ArchiveUnit id="ID106">
                <Content>
                    <DescriptionLevel>RecordGrp</DescriptionLevel>
                    <Title>Hugues Capet</Title>
                    <Description>Hugues Capet est le premier roi de la dynastie des Capétiens. Il est né en 941 et mort en 996. Hugues Capet est né en 941 dans un endroit inconnu. Il est le fils de Hedwige de Saxe et de Hugues le Grand. Issu de la famille des Robertiens, il est le fondateur de la dynastie des Capétiens. Il se marie à Adélaïde et meurt en 996 près de l’abbaye de Saint-Martin de Tours.</Description>
                    <StartDate>2016-10-20T16:37:40</StartDate>
                    <EndDate>2016-11-22T11:16:46</EndDate>
                </Content>
                <ArchiveUnit id="ID109">
                    <ArchiveUnitRefId>ID108</ArchiveUnitRefId>
                </ArchiveUnit>
                <ArchiveUnit id="ID115">
                    <ArchiveUnitRefId>ID114</ArchiveUnitRefId>
                </ArchiveUnit>
                <ArchiveUnit id="ID125">
                    <ArchiveUnitRefId>ID124</ArchiveUnitRefId>
                </ArchiveUnit>
            </ArchiveUnit>
            <ArchiveUnit id="ID108">
                <Content>
                    <DescriptionLevel>RecordGrp</DescriptionLevel>
                    <Title>Documentation</Title>
                    <Description>Documentation relative à Hughues Capet</Description>
                    <StartDate>2016-11-22T11:14:32</StartDate>
                    <EndDate>2016-11-22T11:14:32</EndDate>
                </Content>
                <ArchiveUnit id="ID113">
                    <ArchiveUnitRefId>ID112</ArchiveUnitRefId>
                </ArchiveUnit>
            </ArchiveUnit>
            <ArchiveUnit id="ID112">
                <Content>
                    <DescriptionLevel>Item</DescriptionLevel>
                    <Title>Biographie d'Hugues Capet.odt</Title>
                    <Description>Biographie d'Hugues Capet</Description>
                    <TransactedDate>2016-11-22T11:14:32</TransactedDate>
                </Content>
                <DataObjectReference>
                    <DataObjectGroupReferenceId>ID110</DataObjectGroupReferenceId>
                </DataObjectReference>
            </ArchiveUnit>
            <ArchiveUnit id="ID114">
                <Content>
                    <DescriptionLevel>RecordGrp</DescriptionLevel>
                    <Title>Images</Title>
                    <Description>Représentations d'Hugues Capet\Images</Description>
                    <StartDate>2016-11-22T11:15:48</StartDate>
                    <EndDate>2016-11-22T11:16:46</EndDate>
                </Content>
                <ArchiveUnit id="ID119">
                    <ArchiveUnitRefId>ID118</ArchiveUnitRefId>
                </ArchiveUnit>
                <ArchiveUnit id="ID123">
                    <ArchiveUnitRefId>ID122</ArchiveUnitRefId>
                </ArchiveUnit>
            </ArchiveUnit>
            <ArchiveUnit id="ID118">
                <Content>
                    <DescriptionLevel>Item</DescriptionLevel>
                    <Title>Gravure d'Hugues Capet.jpg</Title>
                    <Description>Gravure d'Hugues Capet</Description>
                </Content>
                <DataObjectReference>
                    <DataObjectGroupReferenceId>ID116</DataObjectGroupReferenceId>
                </DataObjectReference>
            </ArchiveUnit>
            <ArchiveUnit id="ID122">
                <Content>
                    <DescriptionLevel>Item</DescriptionLevel>
                    <Title>Sacre d'Hugues Capet.jpg</Title>
                    <Description>Dessin buste et sacre d'Hugues Capet</Description>
                    <TransactedDate>2016-11-22T11:16:46</TransactedDate>
                </Content>
                <DataObjectReference>
                    <DataObjectGroupReferenceId>ID120</DataObjectGroupReferenceId>
                </DataObjectReference>
            </ArchiveUnit>
            <ArchiveUnit id="ID124">
                <Content>
                    <DescriptionLevel>RecordGrp</DescriptionLevel>
                    <Title>Vidéos</Title>
                    <Description>Vidéos diverses sur la vie d'Hugues Capet</Description>
                    <StartDate>2016-10-20T16:37:40</StartDate>
                    <EndDate>2016-10-20T16:37:40</EndDate>
                </Content>
                <ArchiveUnit id="ID129">
                    <ArchiveUnitRefId>ID128</ArchiveUnitRefId>
                </ArchiveUnit>
            </ArchiveUnit>
            <ArchiveUnit id="ID128">
                <Content>
                    <DescriptionLevel>Item</DescriptionLevel>
                    <Title>Emission de radio Histoire du 13 mai 1978 sur Hugues Capet.mp3</Title>
                    <Description>Emission de radio Histoire du 13 mai 1978 sur Hugues
                        Capet</Description>
                    <TransactedDate>2016-10-20T16:37:40</TransactedDate>
                </Content>
                <DataObjectReference>
                    <DataObjectGroupReferenceId>ID126</DataObjectGroupReferenceId>
                </DataObjectReference>
            </ArchiveUnit>
            <ArchiveUnit id="ID130">
                <Content>
                    <DescriptionLevel>RecordGrp</DescriptionLevel>
                    <Title>Valois</Title>
                    <Description>C'est une branche des Capétiens, issue de Charles, le frère de Philippe IV le Bel, comte de Valois. Elle s'inscrit dans une parfaite continuité de la branche aînée, marquée par les luttes intestines, les guerres et surtout la lutte contre les Anglais, avec le début de la guerre de Cent Ans. Le fils aîné de Charles de Valois prend la succession de Charles IV le Bel en 1328 et devient Philippe VI de Valois, le premier des Valois à occuper le trône de France. Mais la branche des Valois se divise elle-même en plusieurs branches : Valois directs (ils règnent sur le royaume de France de 1328, avec Philippe VI de Valois, à 1498, date de la mort de Charles VIII), Valois d'Orléans (règne de Louis XII, de 1498 à 1515) et les Valois-Angoulême (ils règnent sur le royaume de France de 151, avec François Ier, à 1589 date de la mort d'Henri III). La dynastie des Valois est en conflit quasi permanent avec l'Angleterre. Elle s'engage dans les guerres d'Italie et doit faire face aux guerres de Religion qui déchirent le royaume. En un peu plus de 250 ans, les Valois ont permis la mise en place et l'affirmation de la monarchie de droit divin, héréditaire et de pouvoir absolu. La France a été dotée d'insctitutions efficaces qui ont contribuées à la centralisation du pouvoir dans un royaume plus vaste. A la fin de la domination des Valois, avec la mort d'Henri III qui ne laisse aucun successeur, c'est la branche des Bourbons qui accède au pouvoir.</Description>
                    <StartDate>2016-10-20T16:37:40</StartDate>
                    <EndDate>2016-11-22T11:31:23</EndDate>
                </Content>
                <ArchiveUnit id="ID133">
                    <ArchiveUnitRefId>ID132</ArchiveUnitRefId>
                </ArchiveUnit>
                <ArchiveUnit id="ID151">
                    <ArchiveUnitRefId>ID150</ArchiveUnitRefId>
                </ArchiveUnit>
            </ArchiveUnit>
            <ArchiveUnit id="ID132">
                <Content>
                    <DescriptionLevel>RecordGrp</DescriptionLevel>
                    <Title>François Ier</Title>
                    <Description>François Ier (né François d'Orléans le 12 septembre 1494 à Cognac et mort le 31 mars 1547 à Rambouillet) est sacré roi de France le 25 janvier 1515 dans la cathédrale de Reims. Il règne jusqu’à sa mort en 1547. Fils de Charles d’Angoulême et de Louise de Savoie, il appartient à la branche de Valois-Angoulême de la dynastie capétienne. François Ier est considéré comme le roi emblématique de la période de la Renaissance française1. Son règne permet un développement important des arts et des lettres en France. Sur le plan militaire et politique, le règne de François Ier est ponctué de guerres et d’importants faits diplomatiques. Il a un puissant rival en la personne de Charles Quint et doit compter sur les intérêts diplomatiques du roi Henri VIII d’Angleterre toujours désireux de se placer en allié de l’un ou l’autre camp. François Ier enregistre succès et défaites mais interdit à son ennemi impérial de concrétiser ses rêves, dont la réalisation toucherait l’intégrité du royaume. L'antagonisme des deux souverains catholiques a de lourdes conséquences pour l’Occident chrétien : il facilite la diffusion de la Réforme naissante et surtout permet à l'Empire ottoman de s'installer aux portes de Vienne en s'emparant de la quasi-totalité du royaume de Hongrie. Sur le plan intérieur, son règne coïncide en effet avec l'accélération de la diffusion des idées de la Réforme. La constitution de la monarchie absolue et les besoins financiers liés à la guerre et au développement des arts induisent la nécessité de contrôler et optimiser la gestion de l'État et du territoire. François Ier introduit une série de réformes touchant à l'administration du pouvoir et en particulier à l'amélioration du rendement de l'impôt, réformes mises en œuvre et poursuivies sous le règne de son successeur Henri II.</Description>
                    <StartDate>2016-11-22T11:27:03</StartDate>
                    <EndDate>2016-11-22T11:28:53</EndDate>
                </Content>
                <ArchiveUnit id="ID135">
                    <ArchiveUnitRefId>ID134</ArchiveUnitRefId>
                </ArchiveUnit>
                <ArchiveUnit id="ID141">
                    <ArchiveUnitRefId>ID140</ArchiveUnitRefId>
                </ArchiveUnit>
            </ArchiveUnit>
            <ArchiveUnit id="ID134">
                <Content>
                    <DescriptionLevel>RecordGrp</DescriptionLevel>
                    <Title>Documentation</Title>
                    <Description>Documentation relative à François Ier</Description>
                    <StartDate>2016-11-22T11:27:03</StartDate>
                    <EndDate>2016-11-22T11:27:03</EndDate>
                </Content>
                <ArchiveUnit id="ID139">
                    <ArchiveUnitRefId>ID138</ArchiveUnitRefId>
                </ArchiveUnit>
            </ArchiveUnit>
            <ArchiveUnit id="ID138">
                <Content>
                    <DescriptionLevel>Item</DescriptionLevel>
                    <Title>Biographie de François Ier.odt</Title>
                    <Description>Biographie de François Ier</Description>
                    <TransactedDate>2016-11-22T11:27:03</TransactedDate>
                </Content>
                <DataObjectReference>
                    <DataObjectGroupReferenceId>ID136</DataObjectGroupReferenceId>
                </DataObjectReference>
            </ArchiveUnit>
            <ArchiveUnit id="ID140">
                <Content>
                    <DescriptionLevel>RecordGrp</DescriptionLevel>
                    <Title>Images</Title>
                    <Description>Représentation de François Ier</Description>
                    <StartDate>2016-11-22T11:27:56</StartDate>
                    <EndDate>2016-11-22T11:28:53</EndDate>
                </Content>
                <ArchiveUnit id="ID145">
                    <ArchiveUnitRefId>ID144</ArchiveUnitRefId>
                </ArchiveUnit>
                <ArchiveUnit id="ID149">
                    <ArchiveUnitRefId>ID148</ArchiveUnitRefId>
                </ArchiveUnit>
            </ArchiveUnit>
            <ArchiveUnit id="ID144">
                <Content>
                    <DescriptionLevel>Item</DescriptionLevel>
                    <Title>François Ier vers 1530 par Jean Clouet.jpg</Title>
                    <Description>Le portrait occupe une place essentielle dans l’histoire de l’art occidental. Si ses origines remontent à la plus haute Antiquité, c’est au XIVe siècle, pour la figure du roi [ image 1 ], qu’il prend la forme de peintures indépendantes, avant de connaître un véritable essor au XVIe siècle dans toute l’Europe. Jean Clouet peint ici François Ier, qui régna sur la France de 1515 à 1547. Le roi est représenté à mi-corps, de face, la tête légèrement tournée vers sa gauche, le regard fixant le spectateur, les lèvres esquissant un sourire, une main posée sur l’épée, l’autre serrant un gant. Il porte le collier de l’ordre de Saint-Michel, dont il est le grand maître. François Ier est ici coiffé d’un simple béret orné d’une plume d’autruche et de bijoux. La couronne, insigne par excellence de la royauté dans le monde occidental, apparaît néanmoins derrière lui, dissimulée dans les volutes de la tenture rouge. La stature impressionnante du roi est mise en évidence par son costume, qui occupe toute la largeur du tableau et dont le peintre a minutieusement décrit les étoffes soyeuses brodées d’or. Inspiré du portrait plus ancien d’un autre roi [ image 2 ], le Portrait de François Ier se distingue par son caractère somptueux et impose l’image d’un souverain dans toute sa majesté.</Description>
                    <TransactedDate>2016-11-22T11:27:56</TransactedDate>
                </Content>
                <DataObjectReference>
                    <DataObjectGroupReferenceId>ID142</DataObjectGroupReferenceId>
                </DataObjectReference>
            </ArchiveUnit>
            <ArchiveUnit id="ID148">
                <Content>
                    <DescriptionLevel>Item</DescriptionLevel>
                    <Title>La salamandre de François Ier et sa devise Nutrisco et
                        extinguo</Title>
                    <Description>La salamandre de François Ier et sa devise : « Nutrisco et extinguoNote 2 » (château d'Azay-le-Rideau).</Description>
                    <TransactedDate>2016-11-22T11:28:53</TransactedDate>
                </Content>
                <DataObjectReference>
                    <DataObjectGroupReferenceId>ID146</DataObjectGroupReferenceId>
                </DataObjectReference>
            </ArchiveUnit>
            <ArchiveUnit id="ID150">
                <Content>
                    <DescriptionLevel>RecordGrp</DescriptionLevel>
                    <Title>Henri III</Title>
                    <Description>Henri III1, né le 19 septembre 1551 à Fontainebleau et mort assassiné le 2 août 1589 à Saint-Cloud, est roi de Pologne de 1573 à 1575 et roi de France de 1574 à 1589. Il est le dernier roi de la dynastie des Valois. Quatrième fils du roi Henri II et de la reine Catherine de Médicis, Henri n'est pas destiné à régner. Sous le règne de son frère Charles IX, il s'illustre comme chef de l'armée royale en remportant sur les protestants les batailles de Jarnac et de Moncontour. À l'âge de 21 ans, il se porte candidat pour le trône vacant de Pologne et le 11 mai 1573, il est élu sous le nom d'Henryk Walezy, roi de Pologne et grand-duc de Lituanie. Son règne ne dure pas plus d'un an, puisqu'à l'annonce de la mort de son frère, décédé sans descendant mâle, il abandonne son royaume pour lui succéder sur le trône de France. En devenant roi de France, Henri III hérite d'un royaume divisé où son autorité n'est que partiellement reconnue. Son règne est marqué par de sérieux problèmes religieux, politiques et économiques. Quatre guerres de religion se déroulent sous son règne. Henri III doit faire face à des partis politiques et religieux soutenus par des puissances étrangères, qui finissent par venir à bout de son autorité, le parti des Malcontents, le parti des protestants et pour finir celui de la Ligue qui parvient à le faire assassiner. Il meurt à Saint-Cloud le 2 août 1589 après avoir été poignardé par le moine Jacques Clément. Son emblème est constitué de trois couronnes2 symbolisant les royaumes de France et de Pologne ainsi qu'une devise qui explique la troisième couronne : « Manet ultima caelo » (« La dernière se trouve au ciel »).</Description>
                    <StartDate>2016-10-20T16:37:40</StartDate>
                    <EndDate>2016-11-22T11:31:23</EndDate>
                </Content>
                <ArchiveUnit id="ID153">
                    <ArchiveUnitRefId>ID152</ArchiveUnitRefId>
                </ArchiveUnit>
                <ArchiveUnit id="ID159">
                    <ArchiveUnitRefId>ID158</ArchiveUnitRefId>
                </ArchiveUnit>
                <ArchiveUnit id="ID169">
                    <ArchiveUnitRefId>ID168</ArchiveUnitRefId>
                </ArchiveUnit>
            </ArchiveUnit>
            <ArchiveUnit id="ID152">
                <Content>
                    <DescriptionLevel>RecordGrp</DescriptionLevel>
                    <Title>Documentation</Title>
                    <Description>Documentation relative à Henri III</Description>
                    <StartDate>2016-11-22T11:30:15</StartDate>
                    <EndDate>2016-11-22T11:30:15</EndDate>
                </Content>
                <ArchiveUnit id="ID157">
                    <ArchiveUnitRefId>ID156</ArchiveUnitRefId>
                </ArchiveUnit>
            </ArchiveUnit>
            <ArchiveUnit id="ID156">
                <Content>
                    <DescriptionLevel>Item</DescriptionLevel>
                    <Title>Biographie d'Henri III</Title>
                    <Description>Biographie d'Henri III</Description>
                    <TransactedDate>2016-11-22T11:30:15</TransactedDate>
                </Content>
                <DataObjectReference>
                    <DataObjectGroupReferenceId>ID154</DataObjectGroupReferenceId>
                </DataObjectReference>
            </ArchiveUnit>
            <ArchiveUnit id="ID158">
                <Content>
                    <DescriptionLevel>RecordGrp</DescriptionLevel>
                    <Title>Images</Title>
                    <Description>Représentation d'Henri III</Description>
                    <StartDate>2016-11-22T11:30:52</StartDate>
                    <EndDate>2016-11-22T11:31:23</EndDate>
                </Content>
                <ArchiveUnit id="ID163">
                    <ArchiveUnitRefId>ID162</ArchiveUnitRefId>
                </ArchiveUnit>
                <ArchiveUnit id="ID167">
                    <ArchiveUnitRefId>ID166</ArchiveUnitRefId>
                </ArchiveUnit>
            </ArchiveUnit>
            <ArchiveUnit id="ID162">
                <Content>
                    <DescriptionLevel>Item</DescriptionLevel>
                    <Title>Henri III Portrait par François Quesne</Title>
                    <Description>Musée Carnavalet - Histoire de Paris entre 1574 et 1589, Huile sur bois, Hauteur: 45 cm Longueur: 33,5 cm, P 2270. Les très nombreuses versions de ce portrait - entre autres celles de Chantilly, de Versailles, ou du Louvre - sont issues d'un original tantôt attribué à François Quesnel (1543-1619), peintre favori d'Henri III, tantôt à Etienne Dumonstier (1520-1603), qui fut peintre et valet de chambre de quatre rois, d'Henri II à Henri III.</Description>
                    <TransactedDate>2016-11-22T11:31:23</TransactedDate>
                </Content>
                <DataObjectReference>
                    <DataObjectGroupReferenceId>ID160</DataObjectGroupReferenceId>
                </DataObjectReference>
            </ArchiveUnit>
            <ArchiveUnit id="ID166">
                <Content>
                    <DescriptionLevel>Item</DescriptionLevel>
                    <Title>Portrait d'Henri III de France avec sa toque chargée d'aigrette et
                        cordons de diamants, dessin d'Étienne Dumonstier,.jpg</Title>
                    <Description>Portrait d'Henri III de France avec sa toque chargée d'aigrette et cordons de diamants, dessin d'Étienne Dumonstier, Paris, BnF, après 1578.</Description>
                    <TransactedDate>2016-11-22T11:30:52</TransactedDate>
                </Content>
                <DataObjectReference>
                    <DataObjectGroupReferenceId>ID164</DataObjectGroupReferenceId>
                </DataObjectReference>
            </ArchiveUnit>
            <ArchiveUnit id="ID168">
                <Content>
                    <DescriptionLevel>RecordGrp</DescriptionLevel>
                    <Title>Vidéos</Title>
                    <Description>Vidéos à desdtination des scolaires sur la vie d'Henri III</Description>
                    <StartDate>2016-10-20T16:37:40</StartDate>
                    <EndDate>2016-10-20T16:37:40</EndDate>
                </Content>
                <ArchiveUnit id="ID173">
                    <ArchiveUnitRefId>ID172</ArchiveUnitRefId>
                </ArchiveUnit>
            </ArchiveUnit>
            <ArchiveUnit id="ID172">
                <Content>
                    <DescriptionLevel>Item</DescriptionLevel>
                    <Title>Vidéo web du 13 mars 2015 sur Henri III.webm</Title>
                    <Description>Vidéo web u 13 mars 2015 sur Henri III</Description>
                    <TransactedDate>2016-10-20T16:37:40</TransactedDate>
                </Content>
                <DataObjectReference>
                    <DataObjectGroupReferenceId>ID170</DataObjectGroupReferenceId>
                </DataObjectReference>
            </ArchiveUnit>
        </DescriptiveMetadata>
        <ManagementMetadata>
            <AccessRule>
                <Rule>ACC-00002</Rule>
                <StartDate>2010-12-31</StartDate>
            </AccessRule>
            <ReuseRule>
                <Rule>REU-00001</Rule>
                <StartDate>2016-02-29</StartDate>
            </ReuseRule>
            <OriginatingAgencyIdentifier>FRAN_NP_050046</OriginatingAgencyIdentifier>
            <SubmissionAgencyIdentifier>FRAN_NP_050046</SubmissionAgencyIdentifier>
        </ManagementMetadata>
    </DataObjectPackage>
    <ArchivalAgency>
        <Identifier>Identifier4</Identifier>
    </ArchivalAgency>
    <TransferringAgency>
        <Identifier>Identifier5</Identifier>
    </TransferringAgency>
</ArchiveTransfer>
