<?xml version="1.0" ?><ArchiveTransfer xmlns:xlink="http://www.w3.org/1999/xlink" xmlns:pr="info:lc/xmlns/premis-v2" xmlns="fr:gouv:culture:archivesdefrance:seda:v2.0" xmlns:xsi="http://www.w3.org/2001/XMLSchema-instance" xsi:schemaLocation="fr:gouv:culture:archivesdefrance:seda:v2.0 seda-2.0-main.xsd" xml:id="ID1"><Comment>SIP BM et TC</Comment><Date>2016-10-18T21:09:33</Date><MessageIdentifier>MessageIdentifier0</MessageIdentifier><ArchivalAgreement>ArchivalAgreement0</ArchivalAgreement><CodeListVersions><ReplyCodeListVersion>ReplyCodeListVersion0</ReplyCodeListVersion><MessageDigestAlgorithmCodeListVersion>MessageDigestAlgorithmCodeListVersion0</MessageDigestAlgorithmCodeListVersion><MimeTypeCodeListVersion>MimeTypeCodeListVersion0</MimeTypeCodeListVersion><EncodingCodeListVersion>EncodingCodeListVersion0</EncodingCodeListVersion><FileFormatCodeListVersion>FileFormatCodeListVersion0</FileFormatCodeListVersion><CompressionAlgorithmCodeListVersion>CompressionAlgorithmCodeListVersion0</CompressionAlgorithmCodeListVersion><DataObjectVersionCodeListVersion>DataObjectVersionCodeListVersion0</DataObjectVersionCodeListVersion><StorageRuleCodeListVersion>StorageRuleCodeListVersion0</StorageRuleCodeListVersion><AppraisalRuleCodeListVersion>AppraisalRuleCodeListVersion0</AppraisalRuleCodeListVersion><AccessRuleCodeListVersion>AccessRuleCodeListVersion0</AccessRuleCodeListVersion><DisseminationRuleCodeListVersion>DisseminationRuleCodeListVersion0</DisseminationRuleCodeListVersion><ReuseRuleCodeListVersion>ReuseRuleCodeListVersion0</ReuseRuleCodeListVersion><ClassificationRuleCodeListVersion>ClassificationRuleCodeListVersion0</ClassificationRuleCodeListVersion><AuthorizationReasonCodeListVersion>AuthorizationReasonCodeListVersion0</AuthorizationReasonCodeListVersion><RelationshipCodeListVersion>RelationshipCodeListVersion0</RelationshipCodeListVersion></CodeListVersions><DataObjectPackage xml:id="ID2"><BinaryDataObject id="ID7"><DataObjectGroupId>ID4</DataObjectGroupId><DataObjectVersion>TextContent</DataObjectVersion><Uri>Content/ID7.txt</Uri><MessageDigest algorithm="SHA-512">1ac9738e692353fd491eff8b4d0cc2d73306c871c1785f72f888447d3f29f06cd36423c4331df6c0bf144d945ff06aab94032f6af403934353378e15d669276c</MessageDigest><Size>30</Size><FormatIdentification><FormatLitteral>Plain Text File</FormatLitteral><MimeType>text/plain</MimeType><FormatId>x-fmt/111</FormatId></FormatIdentification><FileInfo><Filename>TextContent.txt</Filename><LastModified>2016-10-18T21:03:53.000+02:00</LastModified></FileInfo></BinaryDataObject><BinaryDataObject id="ID8"><DataObjectGroupReferenceId>ID4</DataObjectGroupReferenceId><DataObjectVersion>BinaryMaster</DataObjectVersion><Uri>Content/ID8.txt</Uri><MessageDigest algorithm="SHA-512">8e393c3a82ce28f40235d0870ca5b574ed2c90d831a73cc6bf2fb653c060c7f094fae941dfade786c826f8b124f09f989c670592bf7a404825346f9b15d155af</MessageDigest><Size>30</Size><FormatIdentification><FormatLitteral>Plain Text File</FormatLitteral><MimeType>text/plain</MimeType><FormatId>x-fmt/111</FormatId></FormatIdentification><FileInfo><Filename>BinaryMaster.txt</Filename><LastModified>2016-10-18T21:03:30.000+02:00</LastModified></FileInfo></BinaryDataObject><DescriptiveMetadata><ArchiveUnit id="ID3"><Content><DescriptionLevel>RecordGrp</DescriptionLevel><Title>SIP_BM_TC</Title><Description>/home/js/extract/SIP_BM_TC</Description></Content><ArchiveUnit id="ID6"><ArchiveUnitRefId>ID5</ArchiveUnitRefId></ArchiveUnit></ArchiveUnit><ArchiveUnit id="ID5"><Content><DescriptionLevel>Item</DescriptionLevel><Title xml:lang="fr">ArchiveUnit Contenant un BinaryMaster et un TextContent</Title><Description>/home/js/extract/SIP_BM_TC/__SIP_BM_TC__</Description><TransactedDate>2016-10-18T21:03:30</TransactedDate><StartDate>2016-10-18T02:15:28.28Z</StartDate></Content><DataObjectReference><DataObjectGroupReferenceId>ID4</DataObjectGroupReferenceId></DataObjectReference></ArchiveUnit></DescriptiveMetadata><ManagementMetadata><OriginatingAgencyIdentifier>ABCDEFG</OriginatingAgencyIdentifier><SubmissionAgencyIdentifier>ABCDEFG</SubmissionAgencyIdentifier></ManagementMetadata></DataObjectPackage><ArchivalAgency><Identifier>Identifier4</Identifier></ArchivalAgency><TransferringAgency><Identifier>Identifier5</Identifier></TransferringAgency></ArchiveTransfer>
