<?xml version="1.0" encoding="UTF-8"?>
<ArchiveTransfer xmlns:xlink="http://www.w3.org/1999/xlink"
 xmlns:pr="info:lc/xmlns/premis-v2"
 xmlns="fr:gouv:culture:archivesdefrance:seda:v2.1"
 xmlns:xsi="http://www.w3.org/2001/XMLSchema-instance"
 xsi:schemaLocation="fr:gouv:culture:archivesdefrance:seda:v2.1 file:/C:/Users/gwendoline.stab.CULTURE.DOM/Documents/Travaux_transversaux/SEDA/SEDA_Vitam/seda-2.1-main.xsd" xml:id="ID001">
    <Date>2016-06-28T09:45:51.0</Date>
    <MessageIdentifier>Manifest avec deux objets qui déclarent le GO</MessageIdentifier>
    <!-- SIP test OK pour un groupe d'objet comprenant deux objets déclarant tous les deux le même groupe d'objet -->
    <CodeListVersions xml:id="ID005">
        <ReplyCodeListVersion>ReplyCodeListVersion0</ReplyCodeListVersion>
        <MessageDigestAlgorithmCodeListVersion>MessageDigestAlgorithmCodeListVersion0</MessageDigestAlgorithmCodeListVersion>
        <MimeTypeCodeListVersion>MimeTypeCodeListVersion0</MimeTypeCodeListVersion>
        <EncodingCodeListVersion>EncodingCodeListVersion0</EncodingCodeListVersion>
        <FileFormatCodeListVersion>FileFormatCodeListVersion0</FileFormatCodeListVersion>
        <CompressionAlgorithmCodeListVersion>CompressionAlgorithmCodeListVersion0</CompressionAlgorithmCodeListVersion>
        <DataObjectVersionCodeListVersion>DataObjectVersionCodeListVersion0</DataObjectVersionCodeListVersion>
        <StorageRuleCodeListVersion>StorageRuleCodeListVersion0</StorageRuleCodeListVersion>
        <AppraisalRuleCodeListVersion>AppraisalRuleCodeListVersion0</AppraisalRuleCodeListVersion>
        <AccessRuleCodeListVersion>AccessRuleCodeListVersion0</AccessRuleCodeListVersion>
        <DisseminationRuleCodeListVersion>DisseminationRuleCodeListVersion0</DisseminationRuleCodeListVersion>
        <ReuseRuleCodeListVersion>ReuseRuleCodeListVersion0</ReuseRuleCodeListVersion>
        <ClassificationRuleCodeListVersion>ClassificationRuleCodeListVersion0</ClassificationRuleCodeListVersion>
        <AuthorizationReasonCodeListVersion>AuthorizationReasonCodeListVersion0</AuthorizationReasonCodeListVersion>
        <RelationshipCodeListVersion>RelationshipCodeListVersion0</RelationshipCodeListVersion>
    </CodeListVersions>
    
    <DataObjectPackage xml:id="ID007">
        <PhysicalDataObject id="ID009">
            <DataObjectGroupId>ID006</DataObjectGroupId>
            <DataObjectVersion>PhysicalMaster</DataObjectVersion>
            <PhysicalId>1500W03</PhysicalId>
            <PhysicalDimensions>
            </PhysicalDimensions>
        </PhysicalDataObject>
        
        <BinaryDataObject id="ID011">
            <DataObjectGroupId>ID006</DataObjectGroupId>
            <DataObjectVersion>BinaryMaster</DataObjectVersion>
            <Uri>content/Um2tccKpYBsSN2UMy7qUrJbs0d9sNq.odt</Uri>
            <MessageDigest algorithm="MD5">a228fc9fa299bcd698b62856e9ae15eb</MessageDigest>
            <Size>251686</Size>
            <FormatIdentification>
            </FormatIdentification>
            <FileInfo>
                <Filename>Um2tccKpYBsSN2UMy7qUrJbs0d9sNq.odt</Filename>
            </FileInfo>
        </BinaryDataObject>
        
        <DescriptiveMetadata>
            <ArchiveUnit id="ID015">
                <Content>
                    <DescriptionLevel>Item</DescriptionLevel>
                    <Title>Fusce volutpat lacus </Title>
                    <Description>Sed aliquet dui quis hendrerit imperdiet. In finibus erat euismod mi commodo malesuada. Morbi facilisis sem mi, quis semper orci aliquet vitae. Etiam nec libero in felis rutrum placerat. Sed pulvinar eu justo in luctus. Cras placerat fermentum tellus ac tincidunt. Vivamus quis rutrum velit. Vivamus dictum dui mauris, id blandit metus ornare et. Aliquam leo elit, tincidunt euismod tempor vitae, luctus sed magna. Mauris tincidunt augue at nisl mollis, eu blandit sapien pretium.</Description>
                    <TransactedDate>2016-06-23</TransactedDate>
                </Content>
                <DataObjectReference>
                    <DataObjectGroupReferenceId>ID006</DataObjectGroupReferenceId>
                </DataObjectReference>
            </ArchiveUnit>
            
        </DescriptiveMetadata>
        <ManagementMetadata xml:id="ID019">
           <OriginatingAgencyIdentifier>FRAN_NP_005568</OriginatingAgencyIdentifier>
<SubmissionAgencyIdentifier></SubmissionAgencyIdentifier>
        </ManagementMetadata>
    </DataObjectPackage>

    <ArchivalAgency xml:id="ID061">
        <Identifier>Identifier0</Identifier>
        <OrganizationDescriptiveMetadata xml:id="ID063" xlink:href="http://www.oxygenxml.com/">
        </OrganizationDescriptiveMetadata>
    </ArchivalAgency>
    <TransferringAgency xml:id="ID065">
        <Identifier>Identifier1</Identifier>
        <OrganizationDescriptiveMetadata xml:id="ID067" xlink:href="http://www.oxygenxml.com/">
        </OrganizationDescriptiveMetadata>
    </TransferringAgency>
</ArchiveTransfer>
