<?xml version='1.0' encoding='UTF-8'?>
<ArchiveTransfer xmlns:xsi="http://www.w3.org/2001/XMLSchema-instance"
 xsi:schemaLocation="fr:gouv:culture:archivesdefrance:seda:v2.1 file:/Z:/espacePOBA/SEDA/seda-2.1_Draft_0.6/sch%C3%A9mas/seda-2.1-main.xsd"
 xmlns="fr:gouv:culture:archivesdefrance:seda:v2.1" xmlns:xlink="http://www.w3.org/1999/xlink"
 xmlns:pr="info:lc/xmlns/premis-v2" xml:id="ID1">
    <Comment>Test élimination-Service comptable</Comment>
    <Date>2018-10-02T15:21:33</Date>
    <MessageIdentifier>Jeu de test permettant de tester la phase 1 de l'élimination (1)</MessageIdentifier>
    <ArchivalAgreement>ArchivalAgreement0</ArchivalAgreement>
    <CodeListVersions>
        <ReplyCodeListVersion>ReplyCodeListVersion0</ReplyCodeListVersion>
        <MessageDigestAlgorithmCodeListVersion>MessageDigestAlgorithmCodeListVersion0</MessageDigestAlgorithmCodeListVersion>
        <MimeTypeCodeListVersion>MimeTypeCodeListVersion0</MimeTypeCodeListVersion>
        <EncodingCodeListVersion>EncodingCodeListVersion0</EncodingCodeListVersion>
        <FileFormatCodeListVersion>FileFormatCodeListVersion0</FileFormatCodeListVersion>
        <CompressionAlgorithmCodeListVersion>CompressionAlgorithmCodeListVersion0</CompressionAlgorithmCodeListVersion>
        <DataObjectVersionCodeListVersion>DataObjectVersionCodeListVersion0</DataObjectVersionCodeListVersion>
        <StorageRuleCodeListVersion>StorageRuleCodeListVersion0</StorageRuleCodeListVersion>
        <AppraisalRuleCodeListVersion>AppraisalRuleCodeListVersion0</AppraisalRuleCodeListVersion>
        <AccessRuleCodeListVersion>AccessRuleCodeListVersion0</AccessRuleCodeListVersion>
        <DisseminationRuleCodeListVersion>DisseminationRuleCodeListVersion0</DisseminationRuleCodeListVersion>
        <ReuseRuleCodeListVersion>ReuseRuleCodeListVersion0</ReuseRuleCodeListVersion>
        <ClassificationRuleCodeListVersion>ClassificationRuleCodeListVersion0</ClassificationRuleCodeListVersion>
        <AuthorizationReasonCodeListVersion>AuthorizationReasonCodeListVersion0</AuthorizationReasonCodeListVersion>
        <RelationshipCodeListVersion>RelationshipCodeListVersion0</RelationshipCodeListVersion>
    </CodeListVersions>
    <DataObjectPackage xml:id="ID2">
        <DescriptiveMetadata>
            <ArchiveUnit id="ID3">
                <Content>
                    <DescriptionLevel>RecordGrp</DescriptionLevel>
                    <Title>Service comptable (élimination)</Title>
                    <Description>la comptabilité La comptabilité est un système d'organisation des données financières d'une entreprise, ou autrement dit une discipline pratique permettant de fournir de manière continue et en temps réel un état de la situation financière de l'entreprise.</Description>
                    <StartDate>2018-10-02T15:21:34</StartDate>
                    <EndDate>2018-10-02T15:21:34</EndDate>
                </Content>
                <ArchiveUnit id="ID5">
                    <ArchiveUnitRefId>ID4</ArchiveUnitRefId>
                </ArchiveUnit>
            </ArchiveUnit>
            <ArchiveUnit id="ID4">
                <Management>
                    <AppraisalRule>
                        <Rule>APP-00001</Rule>
                        <StartDate>2009-09-26</StartDate>
                        <FinalAction>Destroy</FinalAction>
                    </AppraisalRule>
                </Management>
                <Content>
                    <DescriptionLevel>RecordGrp</DescriptionLevel>
                    <Title>Marché numéro 3 (élimination)</Title>
                    <Description>Un marché public est un contrat administratif conclus à titre onéreux entre un organisme public et un fournisseur ou un prestataire pour répondre aux besoins d'un organisme public en matière de travaux, de fournitures ou de services.</Description>
                    <StartDate>2018-10-02T15:21:34</StartDate>
                    <EndDate>2018-10-02T15:21:34</EndDate>
                </Content>
            </ArchiveUnit>
        </DescriptiveMetadata>
        <ManagementMetadata>
            <AcquisitionInformation>Acquisition Information</AcquisitionInformation>
            <LegalStatus>Public Archive</LegalStatus>
            <OriginatingAgencyIdentifier>FRAN_NP_051587_elim</OriginatingAgencyIdentifier>
            <SubmissionAgencyIdentifier>FR_ORG_AGEN</SubmissionAgencyIdentifier>
        </ManagementMetadata>
    </DataObjectPackage>
    <ArchivalAgency>
        <Identifier>Identifier4</Identifier>
    </ArchivalAgency>
    <TransferringAgency>
        <Identifier>Identifier5</Identifier>
    </TransferringAgency>
</ArchiveTransfer>
