<?xml version="1.0" encoding="UTF-8"?>
<ArchiveTransfer xmlns:xsi="http://www.w3.org/2001/XMLSchema-instance"
    xsi:schemaLocation="fr:gouv:culture:archivesdefrance:seda:v2.0 file:/Z:/espacePOBA/SEDA/Version_definitive_publiee/seda-2.0-main.xsd"
    xmlns="fr:gouv:culture:archivesdefrance:seda:v2.0" xmlns:xlink="http://www.w3.org/1999/xlink"
    xmlns:pr="info:lc/xmlns/premis-v2">
    <Comment>Jeu de test OK comprenant un objet binaire et un objet physique</Comment>
    <Date>2006-05-04T18:13:51.0</Date>
    <MessageIdentifier>Jeu de test OK comprenant un objet binaire et un objet physique</MessageIdentifier>
    <ArchivalAgreement>ArchivalAgreement0</ArchivalAgreement>
    <CodeListVersions>
        <ReplyCodeListVersion>ReplyCodeListVersion0</ReplyCodeListVersion>
        <MessageDigestAlgorithmCodeListVersion>MessageDigestAlgorithmCodeListVersion0</MessageDigestAlgorithmCodeListVersion>
        <MimeTypeCodeListVersion>MimeTypeCodeListVersion0</MimeTypeCodeListVersion>
        <EncodingCodeListVersion>EncodingCodeListVersion0</EncodingCodeListVersion>
        <FileFormatCodeListVersion>FileFormatCodeListVersion0</FileFormatCodeListVersion>
        <CompressionAlgorithmCodeListVersion>CompressionAlgorithmCodeListVersion0</CompressionAlgorithmCodeListVersion>
        <DataObjectVersionCodeListVersion>DataObjectVersionCodeListVersion0</DataObjectVersionCodeListVersion>
        <StorageRuleCodeListVersion>StorageRuleCodeListVersion0</StorageRuleCodeListVersion>
        <AppraisalRuleCodeListVersion>AppraisalRuleCodeListVersion0</AppraisalRuleCodeListVersion>
        <AccessRuleCodeListVersion>AccessRuleCodeListVersion0</AccessRuleCodeListVersion>
        <DisseminationRuleCodeListVersion>DisseminationRuleCodeListVersion0</DisseminationRuleCodeListVersion>
        <ReuseRuleCodeListVersion>ReuseRuleCodeListVersion0</ReuseRuleCodeListVersion>
        <ClassificationRuleCodeListVersion>ClassificationRuleCodeListVersion0</ClassificationRuleCodeListVersion>
        <AuthorizationReasonCodeListVersion>AuthorizationReasonCodeListVersion0</AuthorizationReasonCodeListVersion>
        <RelationshipCodeListVersion>RelationshipCodeListVersion0</RelationshipCodeListVersion>
    </CodeListVersions>
    <DataObjectPackage>
        <BinaryDataObject id="ID009">
            <DataObjectGroupId>ID010</DataObjectGroupId>
            <DataObjectVersion>BinaryMaster_UN</DataObjectVersion>
            <Uri>Content/5zC1uD6CvaYDipUhETOyUWVEbxHmE1.pdf</Uri>
            <MessageDigest algorithm="SHA-512"
                >942bb63cc16bf5ca3ba7fabf40ce9be19c3185a36cd87ad17c63d6fad1aa29d4312d73f2d6a1ba1266c3a71fc4119dd476d2d776cf2ad2acd7a9a3dfa1f80dc7</MessageDigest>
            <Size>29403</Size>
            <FormatIdentification>
                <FormatLitteral>Acrobat PDF 1.4 - Portable Document Format</FormatLitteral>
                <MimeType>application/pdf</MimeType>
                <FormatId>fmt/18</FormatId>
            </FormatIdentification>
            <FileInfo>
                <Filename>Filename0</Filename>
                <CreatingApplicationName>CreatingApplicationName0</CreatingApplicationName>
                <CreatingApplicationVersion>CreatingApplicationVersion0</CreatingApplicationVersion>
                <DateCreatedByApplication>2006-05-04T18:13:51.0</DateCreatedByApplication>
                <CreatingOs>CreatingOs0</CreatingOs>
                <CreatingOsVersion>CreatingOsVersion0</CreatingOsVersion>
                <LastModified>2006-05-04T18:13:51.0</LastModified>
            </FileInfo>
        </BinaryDataObject>
        <PhysicalDataObject id="ID101">
            <DataObjectGroupReferenceId>ID010</DataObjectGroupReferenceId>
            <DataObjectVersion>PhysicalMaster</DataObjectVersion>
            <PhysicalId>12345678</PhysicalId>
            <PhysicalDimensions>
                <Height unit="centimetre">21</Height>
                <Length unit="centimetre">29.7</Length>
                <Weight unit="kilogram">1</Weight>
            </PhysicalDimensions>
        </PhysicalDataObject>
        <DescriptiveMetadata>
            <ArchiveUnit id="ID026">
                <Content>
                    <DescriptionLevel>RecordGrp</DescriptionLevel>
                    <Title>Sed blandit mi dolor</Title>
                </Content>
                <DataObjectReference>
                    <DataObjectGroupReferenceId>ID010</DataObjectGroupReferenceId>
                </DataObjectReference>
            </ArchiveUnit>
        </DescriptiveMetadata>
        <ManagementMetadata>
            <OriginatingAgencyIdentifier>FRAN_NP_050056</OriginatingAgencyIdentifier>
            <SubmissionAgencyIdentifier>FRAN_NP_050056</SubmissionAgencyIdentifier>
        </ManagementMetadata>
    </DataObjectPackage>
    <RelatedTransferReference>RelatedTransferReference0</RelatedTransferReference>
    <TransferRequestReplyIdentifier>TransferRequestReplyIdentifier0</TransferRequestReplyIdentifier>
    <ArchivalAgency>
        <Identifier>Identifier2</Identifier>
    </ArchivalAgency>
    <TransferringAgency>
        <Identifier>Identifier3</Identifier>
    </TransferringAgency>
</ArchiveTransfer>
