{"JSON Test File":[
    {"field":"Purpose", "value":"Provide example of this file type"},
    {"field":"File Type", "value":"JSON"},
    {"field":"Version", "value":"1.0"},
    {"field":"File created by", "value":"Online-Convert.com (http://www.online-convert.com)"},
    {"field":"More example files", "value":"http://www.online-convert.com/file-type"},
    {"field":"License", "value":"Attribution-ShareAlike 3.0 Unported (http://creativecommons.org/licenses/by-sa/3.0/)"},
    {"field":"Remark", "value":"Feel free to use and share the file according to license above."}
]}