<?xml version="1.0" ?>
<ArchiveTransfer xmlns:xlink="http://www.w3.org/1999/xlink" xmlns:pr="info:lc/xmlns/premis-v2" xmlns="fr:gouv:culture:archivesdefrance:seda:v2.0" xmlns:xsi="http://www.w3.org/2001/XMLSchema-instance" xsi:schemaLocation="fr:gouv:culture:archivesdefrance:seda:v2.0 seda-2.0-main.xsd" xml:id="ID1">
	<Comment>SIP pour test story 878 - incohérence des PUID</Comment>
	<Date>2016-10-12T16:13:40</Date>
	<MessageIdentifier>20161012002</MessageIdentifier>
	<ArchivalAgreement>ArchivalAgreement0</ArchivalAgreement>
	<CodeListVersions>
		<ReplyCodeListVersion>ReplyCodeListVersion0</ReplyCodeListVersion>
		<MessageDigestAlgorithmCodeListVersion>MessageDigestAlgorithmCodeListVersion0</MessageDigestAlgorithmCodeListVersion>
		<MimeTypeCodeListVersion>MimeTypeCodeListVersion0</MimeTypeCodeListVersion>
		<EncodingCodeListVersion>EncodingCodeListVersion0</EncodingCodeListVersion>
		<FileFormatCodeListVersion>FileFormatCodeListVersion0</FileFormatCodeListVersion>
		<CompressionAlgorithmCodeListVersion>CompressionAlgorithmCodeListVersion0</CompressionAlgorithmCodeListVersion>
		<DataObjectVersionCodeListVersion>DataObjectVersionCodeListVersion0</DataObjectVersionCodeListVersion>
		<StorageRuleCodeListVersion>StorageRuleCodeListVersion0</StorageRuleCodeListVersion>
		<AppraisalRuleCodeListVersion>AppraisalRuleCodeListVersion0</AppraisalRuleCodeListVersion>
		<AccessRuleCodeListVersion>AccessRuleCodeListVersion0</AccessRuleCodeListVersion>
		<DisseminationRuleCodeListVersion>DisseminationRuleCodeListVersion0</DisseminationRuleCodeListVersion>
		<ReuseRuleCodeListVersion>ReuseRuleCodeListVersion0</ReuseRuleCodeListVersion>
		<ClassificationRuleCodeListVersion>ClassificationRuleCodeListVersion0</ClassificationRuleCodeListVersion>
		<AuthorizationReasonCodeListVersion>AuthorizationReasonCodeListVersion0</AuthorizationReasonCodeListVersion>
		<RelationshipCodeListVersion>RelationshipCodeListVersion0</RelationshipCodeListVersion>
	</CodeListVersions>
	<DataObjectPackage xml:id="ID2">
		<BinaryDataObject id="ID5">
			<DataObjectGroupId>ID4</DataObjectGroupId>
			<DataObjectVersion>BinaryMaster</DataObjectVersion>
			<Uri>Content/ID5.pdf</Uri>
			<MessageDigest algorithm="SHA-512">283827d12876af7da450b13918bba23942f0d8f70f8b92ccff1e1cde1657a6cf86783539b2dac4d47b817fba6cc7a13ba511f1049e0c10ebf19f1e56f586444b</MessageDigest>
			<Size>1903749</Size>
			<FormatIdentification>
				<FormatLitteral>Acrobat PDF 1.6 - Portable Document Format</FormatLitteral>
				<MimeType>application/pdf</MimeType>
				<FormatId>fmt/240</FormatId>
			</FormatIdentification>
			<FileInfo>
				<Filename>OAIS-2012.pdf</Filename>
				<LastModified>2012-06-20T18:58:18.000+02:00</LastModified>
			</FileInfo>
		</BinaryDataObject>
		<BinaryDataObject id="ID9">
			<DataObjectGroupId>ID8</DataObjectGroupId>
			<DataObjectVersion>BinaryMaster</DataObjectVersion>
			<Uri>Content/ID9.pdf</Uri>
			<MessageDigest algorithm="SHA-512">7f3ce13b418339cb20218473ddcbc6d308f094ff9e3dd86526e124b216c267a8f46ffa21cc5e4b646ffea725aa75b6dbd1d203331c47110a10ec293383736645</MessageDigest>
			<Size>996183</Size>
			<FormatIdentification>
				<FormatLitteral>Acrobat PDF 1.5 - Portable Document Format</FormatLitteral>
				<MimeType>application/pdf</MimeType>
				<FormatId>fmt/175</FormatId>
			</FormatIdentification>
			<FileInfo>
				<Filename>OAIS_dpctw14-02.pdf</Filename>
				<LastModified>2014-12-07T09:52:56.000+01:00</LastModified>
			</FileInfo>
		</BinaryDataObject>
		<BinaryDataObject id="ID13">
			<DataObjectGroupId>ID12</DataObjectGroupId>
			<DataObjectVersion>BinaryMaster</DataObjectVersion>
			<Uri>Content/ID13.pdf</Uri>
			<MessageDigest algorithm="SHA-512">3afe1b9682dda5c5034ed57bcb1ac42634d0e7ec45969f54484c2fa8ad80510fbb54398db0b22910246aa6ecc339c1f5ddb0c09dcd11d2c0cc28604a72005616</MessageDigest>
			<Size>579662</Size>
			<FormatIdentification>
				<FormatLitteral>Acrobat PDF 1.6 - Portable Document Format</FormatLitteral>
				<MimeType>application/pdf</MimeType>
				<FormatId>fmt/20</FormatId>
			</FormatIdentification>
			<FileInfo>
				<Filename>PAIS.pdf</Filename>
				<LastModified>2013-11-24T17:52:10.000+01:00</LastModified>
			</FileInfo>
		</BinaryDataObject>
		<DescriptiveMetadata>
			<ArchiveUnit id="ID3">
				<Content>
					<DescriptionLevel>File</DescriptionLevel>
					<Title>Documentation sur la norme OAIS</Title>
					<StartDate>2012-06-20T18:58:18</StartDate>
					<EndDate>2014-12-07T09:52:56</EndDate>
				</Content>
				<ArchiveUnit id="ID7">
					<ArchiveUnitRefId>ID6</ArchiveUnitRefId>
				</ArchiveUnit>
				<ArchiveUnit id="ID11">
					<ArchiveUnitRefId>ID10</ArchiveUnitRefId>
				</ArchiveUnit>
				<ArchiveUnit id="ID15">
					<ArchiveUnitRefId>ID14</ArchiveUnitRefId>
				</ArchiveUnit>
			</ArchiveUnit>
			<ArchiveUnit id="ID6">
				<Content>
					<DescriptionLevel>Item</DescriptionLevel>
					<Title>Recommandation de 2012 du CCSDS for Space Data System Practices - Reference Model for an Open Archival Information System (OAIS)</Title>
					<TransactedDate>2012-06-20T18:58:18</TransactedDate>
				</Content>
				<DataObjectReference>
					<DataObjectGroupReferenceId>ID4</DataObjectGroupReferenceId>
				</DataObjectReference>
			</ArchiveUnit>
			<ArchiveUnit id="ID10">
				<Content>
					<DescriptionLevel>Item</DescriptionLevel>
					<Title>The Open Archival Information System (OAIS) Reference Model: Introductory Guide (2nd Edition)</Title>
					<TransactedDate>2014-12-07T09:52:56</TransactedDate>
				</Content>
				<DataObjectReference>
					<DataObjectGroupReferenceId>ID8</DataObjectGroupReferenceId>
				</DataObjectReference>
			</ArchiveUnit>
			<ArchiveUnit id="ID14">
				<Content>
					<DescriptionLevel>Item</DescriptionLevel>
					<Title>Draft recommandation for Space Data System Standards - Producer-Archive Interface Specification (PAIS)</Title>
					<TransactedDate>2013-11-24T17:52:10</TransactedDate>
				</Content>
				<DataObjectReference>
					<DataObjectGroupReferenceId>ID12</DataObjectGroupReferenceId>
				</DataObjectReference>
			</ArchiveUnit>
		</DescriptiveMetadata>
		<ManagementMetadata>
					<OriginatingAgencyIdentifier>Vitam</OriginatingAgencyIdentifier>
					<SubmissionAgencyIdentifier>Vitam</SubmissionAgencyIdentifier>
		</ManagementMetadata>
	</DataObjectPackage>
	<ArchivalAgency>
		<Identifier>Identifier4</Identifier>
	</ArchivalAgency>
	<TransferringAgency>
		<Identifier>Identifier5</Identifier>
	</TransferringAgency>
</ArchiveTransfer>