<?xml version="1.0" ?><ArchiveTransfer xmlns:xlink="http://www.w3.org/1999/xlink" xmlns:pr="info:lc/xmlns/premis-v2" xmlns="fr:gouv:culture:archivesdefrance:seda:v2.0" xmlns:xsi="http://www.w3.org/2001/XMLSchema-instance" xsi:schemaLocation="fr:gouv:culture:archivesdefrance:seda:v2.0 seda-2.0-main.xsd" xml:id="ID1"><Comment>Jeu de test avec un nombre d'objets inférieur</Comment><Date>2016-12-15T17:36:23</Date><MessageIdentifier>SIP contenant moins de fichiers que ceux déclarés dans le bordereau</MessageIdentifier><ArchivalAgreement>ArchivalAgreement0</ArchivalAgreement><CodeListVersions><ReplyCodeListVersion>ReplyCodeListVersion0</ReplyCodeListVersion><MessageDigestAlgorithmCodeListVersion>MessageDigestAlgorithmCodeListVersion0</MessageDigestAlgorithmCodeListVersion><MimeTypeCodeListVersion>MimeTypeCodeListVersion0</MimeTypeCodeListVersion><EncodingCodeListVersion>EncodingCodeListVersion0</EncodingCodeListVersion><FileFormatCodeListVersion>FileFormatCodeListVersion0</FileFormatCodeListVersion><CompressionAlgorithmCodeListVersion>CompressionAlgorithmCodeListVersion0</CompressionAlgorithmCodeListVersion><DataObjectVersionCodeListVersion>DataObjectVersionCodeListVersion0</DataObjectVersionCodeListVersion><StorageRuleCodeListVersion>StorageRuleCodeListVersion0</StorageRuleCodeListVersion><AppraisalRuleCodeListVersion>AppraisalRuleCodeListVersion0</AppraisalRuleCodeListVersion><AccessRuleCodeListVersion>AccessRuleCodeListVersion0</AccessRuleCodeListVersion><DisseminationRuleCodeListVersion>DisseminationRuleCodeListVersion0</DisseminationRuleCodeListVersion><ReuseRuleCodeListVersion>ReuseRuleCodeListVersion0</ReuseRuleCodeListVersion><ClassificationRuleCodeListVersion>ClassificationRuleCodeListVersion0</ClassificationRuleCodeListVersion><AuthorizationReasonCodeListVersion>AuthorizationReasonCodeListVersion0</AuthorizationReasonCodeListVersion><RelationshipCodeListVersion>RelationshipCodeListVersion0</RelationshipCodeListVersion></CodeListVersions><DataObjectPackage xml:id="ID2"><BinaryDataObject id="ID5"><DataObjectGroupId>ID4</DataObjectGroupId><DataObjectVersion>BinaryMaster</DataObjectVersion><Uri>Content/ID5.pdf</Uri><MessageDigest algorithm="SHA-512">283827d12876af7da450b13918bba23942f0d8f70f8b92ccff1e1cde1657a6cf86783539b2dac4d47b817fba6cc7a13ba511f1049e0c10ebf19f1e56f586444b</MessageDigest><Size>1903749</Size><FormatIdentification><FormatLitteral>Acrobat PDF 1.6 - Portable Document Format</FormatLitteral><MimeType>application/pdf</MimeType><FormatId>fmt/20</FormatId></FormatIdentification><FileInfo><Filename>OAIS-2012.pdf</Filename><LastModified>2012-06-20T18:58:18.000+02:00</LastModified></FileInfo></BinaryDataObject><BinaryDataObject id="ID9"><DataObjectGroupId>ID8</DataObjectGroupId><DataObjectVersion>BinaryMaster</DataObjectVersion><Uri>Content/ID9.pdf</Uri><MessageDigest algorithm="SHA-512">3d94fed219ec429157ab91ee40b12604cef94cb616871b0d5b13b1828f3c5ff12444d3dd9405b182fe972f4a06c5353fd5a4fed109366b9693b65210a8c5db81</MessageDigest><Size>434037</Size><FormatIdentification><FormatLitteral>Acrobat PDF 1.6 - Portable Document Format</FormatLitteral><MimeType>application/pdf</MimeType><FormatId>fmt/20</FormatId></FormatIdentification><FileInfo><Filename>OAIS_audit.pdf</Filename><LastModified>2016-05-25T09:16:55.624+02:00</LastModified></FileInfo></BinaryDataObject><BinaryDataObject id="ID13"><DataObjectGroupId>ID12</DataObjectGroupId><DataObjectVersion>BinaryMaster</DataObjectVersion><Uri>Content/ID13.pdf</Uri><MessageDigest algorithm="SHA-512">7f3ce13b418339cb20218473ddcbc6d308f094ff9e3dd86526e124b216c267a8f46ffa21cc5e4b646ffea725aa75b6dbd1d203331c47110a10ec293383736645</MessageDigest><Size>996183</Size><FormatIdentification><FormatLitteral>Acrobat PDF 1.5 - Portable Document Format</FormatLitteral><MimeType>application/pdf</MimeType><FormatId>fmt/19</FormatId></FormatIdentification><FileInfo><Filename>OAIS_dpctw14-02.pdf</Filename><LastModified>2014-12-07T09:52:56.000+01:00</LastModified></FileInfo></BinaryDataObject><DescriptiveMetadata><ArchiveUnit id="ID3"><Content><DescriptionLevel>RecordGrp</DescriptionLevel><Title>nombre inferieur</Title><Description>Sed porta ex erat, fermentum fringilla ante mattis ac. Nam sed ipsum tempus, mollis elit et, placerat risus. Nulla orci orci, ornare accumsan ultricies a, efficitur at turpis. Nunc tincidunt, magna ut ornare tempor, sapien lectus pharetra dolor, eget efficitur est risus non leo. Pellentesque tempor, arcu sit amet tincidunt malesuada, massa lorem mollis massa, et luctus ligula erat ac lectus. In scelerisque purus ac posuere dictum</Description><StartDate>2012-06-20T18:58:18</StartDate><EndDate>2016-05-25T09:16:55</EndDate></Content><ArchiveUnit id="ID7"><ArchiveUnitRefId>ID6</ArchiveUnitRefId></ArchiveUnit><ArchiveUnit id="ID11"><ArchiveUnitRefId>ID10</ArchiveUnitRefId></ArchiveUnit><ArchiveUnit id="ID15"><ArchiveUnitRefId>ID14</ArchiveUnitRefId></ArchiveUnit></ArchiveUnit><ArchiveUnit id="ID6"><Content><DescriptionLevel>Item</DescriptionLevel><Title>Aenean nec metus dui</Title><Description>Fusce volutpat lacus in odio sollicitudin sollicitudin. Vestibulum nunc eros, maximus et lobortis in, volutpat et urna. Suspendisse sit amet mauris quis augue cursus sagittis a vel est</Description><TransactedDate>2012-06-20T18:58:18</TransactedDate></Content><DataObjectReference><DataObjectGroupReferenceId>ID4</DataObjectGroupReferenceId></DataObjectReference></ArchiveUnit><ArchiveUnit id="ID10"><Content><DescriptionLevel>Item</DescriptionLevel><Title>Mauris nisl leo, lacinia quis risus eu</Title><Description>Vestibulum ante ipsum primis in faucibus orci luctus et ultrices posuere cubilia Curae; Duis iaculis, risus et fermentum lobortis, velit lectus finibus massa, at aliquam dolor quam ut dolor. In nec metus sed est imperdiet ultricies suscipit quis dui. Nam et ipsum id augue vehicula ultrices quis vitae erat. Phasellus aliquet odio non porttitor fringilla. Nunc tincidunt pulvinar viverra.</Description><TransactedDate>2016-05-25T09:16:55</TransactedDate></Content><DataObjectReference><DataObjectGroupReferenceId>ID8</DataObjectGroupReferenceId></DataObjectReference></ArchiveUnit><ArchiveUnit id="ID14"><Content><DescriptionLevel>Item</DescriptionLevel><Title>Aenean molestie fermentum ante</Title><Description>Sed aliquet dui quis hendrerit imperdiet. In finibus erat euismod mi commodo malesuada. Morbi facilisis sem mi, quis semper orci aliquet vitae. Etiam nec libero in felis rutrum placerat. Sed pulvinar eu justo in luctus. Cras placerat fermentum tellus ac tincidunt. Vivamus quis rutrum velit. Vivamus dictum dui mauris, id blandit metus ornare et. Aliquam leo elit, tincidunt euismod tempor vitae, luctus sed magna. Mauris tincidunt augue at nisl mollis, eu blandit sapien pretium. </Description><TransactedDate>2014-12-07T09:52:56</TransactedDate></Content><DataObjectReference><DataObjectGroupReferenceId>ID12</DataObjectGroupReferenceId></DataObjectReference></ArchiveUnit></DescriptiveMetadata><ManagementMetadata><OriginatingAgencyIdentifier>AAAAAA</OriginatingAgencyIdentifier><SubmissionAgencyIdentifier>BBBBBB</SubmissionAgencyIdentifier></ManagementMetadata></DataObjectPackage><ArchivalAgency><Identifier>Identifier4</Identifier></ArchivalAgency><TransferringAgency><Identifier>Identifier5</Identifier></TransferringAgency></ArchiveTransfer>
