<?xml version="1.0" encoding="UTF-8"?>
<ArchiveTransfer xmlns:xsi="http://www.w3.org/2001/XMLSchema-instance"
 xsi:schemaLocation="fr:gouv:culture:archivesdefrance:seda:v2.1 ../../SEDA/Draft_0.6/sch%C3%A9mas/seda-2.1-main.xsd"
 xmlns="fr:gouv:culture:archivesdefrance:seda:v2.1">
    <Date>2017-04-05T08:11:55</Date>
    <MessageIdentifier>Jeu de test complet SEDA 2.1. avec des règles de gestion</MessageIdentifier>
    <ArchivalAgreement>IC-000001</ArchivalAgreement>
	<CodeListVersions>
	<ReplyCodeListVersion>ReplyCodeListVersion0</ReplyCodeListVersion>
        <MessageDigestAlgorithmCodeListVersion>MessageDigestAlgorithmCodeListVersion0</MessageDigestAlgorithmCodeListVersion>
        <MimeTypeCodeListVersion>MimeTypeCodeListVersion0</MimeTypeCodeListVersion>
        <EncodingCodeListVersion>EncodingCodeListVersion0</EncodingCodeListVersion>
        <FileFormatCodeListVersion>FileFormatCodeListVersion0</FileFormatCodeListVersion>
        <CompressionAlgorithmCodeListVersion>CompressionAlgorithmCodeListVersion0</CompressionAlgorithmCodeListVersion>
        <DataObjectVersionCodeListVersion>DataObjectVersionCodeListVersion0</DataObjectVersionCodeListVersion>
        <StorageRuleCodeListVersion>StorageRuleCodeListVersion0</StorageRuleCodeListVersion>
        <AppraisalRuleCodeListVersion>AppraisalRuleCodeListVersion0</AppraisalRuleCodeListVersion>
        <AccessRuleCodeListVersion>AccessRuleCodeListVersion0</AccessRuleCodeListVersion>
        <DisseminationRuleCodeListVersion>DisseminationRuleCodeListVersion0</DisseminationRuleCodeListVersion>
        <ReuseRuleCodeListVersion>ReuseRuleCodeListVersion0</ReuseRuleCodeListVersion>
        <ClassificationRuleCodeListVersion>ClassificationRuleCodeListVersion0</ClassificationRuleCodeListVersion>
        <AuthorizationReasonCodeListVersion>AuthorizationReasonCodeListVersion0</AuthorizationReasonCodeListVersion>
        <RelationshipCodeListVersion>RelationshipCodeListVersion0</RelationshipCodeListVersion>
	</CodeListVersions>
    <DataObjectPackage xml:id="ID2">
		<DescriptiveMetadata>
			<ArchiveUnit id="ID6000">
				<Management>
				<AppraisalRule>
					<Rule>APP-09051</Rule>
					<StartDate>2017-01-01</StartDate>
					<FinalAction>Destroy</FinalAction>
				</AppraisalRule>
				</Management>
				<Content>
					<DescriptionLevel>Item</DescriptionLevel>
					<Title>Denfert-Rochereau (ligne B)</Title>
				</Content>
			</ArchiveUnit>
		</DescriptiveMetadata>
		<ManagementMetadata>
		    <AcquisitionInformation>Versement</AcquisitionInformation>
		    <LegalStatus>Public Archive</LegalStatus>
		    <OriginatingAgencyIdentifier>RATP_ELIM</OriginatingAgencyIdentifier>
		    <SubmissionAgencyIdentifier>RATP_ELIM</SubmissionAgencyIdentifier>
			<AppraisalRule>
				<FinalAction>Keep</FinalAction>
			</AppraisalRule>
		</ManagementMetadata>
	</DataObjectPackage>
    <ArchivalAgency>
        <Identifier>Identifier4</Identifier>
    </ArchivalAgency>
    <TransferringAgency>
        <Identifier>Identifier5</Identifier>
    </TransferringAgency>
</ArchiveTransfer>
