<?xml version="1.0" ?><ArchiveTransfer xmlns:xlink="http://www.w3.org/1999/xlink" xmlns:pr="info:lc/xmlns/premis-v2" xmlns="fr:gouv:culture:archivesdefrance:seda:v2.0" xmlns:xsi="http://www.w3.org/2001/XMLSchema-instance" xsi:schemaLocation="fr:gouv:culture:archivesdefrance:seda:v2.0 seda-2.0-main.xsd" xml:id="ID1"><Comment>2eme SIP</Comment><Date>2016-12-14T16:18:01</Date><MessageIdentifier>MessageIdentifier0</MessageIdentifier><ArchivalAgreement>ArchivalAgreement0</ArchivalAgreement><CodeListVersions><ReplyCodeListVersion>ReplyCodeListVersion0</ReplyCodeListVersion><MessageDigestAlgorithmCodeListVersion>MessageDigestAlgorithmCodeListVersion0</MessageDigestAlgorithmCodeListVersion><MimeTypeCodeListVersion>MimeTypeCodeListVersion0</MimeTypeCodeListVersion><EncodingCodeListVersion>EncodingCodeListVersion0</EncodingCodeListVersion><FileFormatCodeListVersion>FileFormatCodeListVersion0</FileFormatCodeListVersion><CompressionAlgorithmCodeListVersion>CompressionAlgorithmCodeListVersion0</CompressionAlgorithmCodeListVersion><DataObjectVersionCodeListVersion>DataObjectVersionCodeListVersion0</DataObjectVersionCodeListVersion><StorageRuleCodeListVersion>StorageRuleCodeListVersion0</StorageRuleCodeListVersion><AppraisalRuleCodeListVersion>AppraisalRuleCodeListVersion0</AppraisalRuleCodeListVersion><AccessRuleCodeListVersion>AccessRuleCodeListVersion0</AccessRuleCodeListVersion><DisseminationRuleCodeListVersion>DisseminationRuleCodeListVersion0</DisseminationRuleCodeListVersion><ReuseRuleCodeListVersion>ReuseRuleCodeListVersion0</ReuseRuleCodeListVersion><ClassificationRuleCodeListVersion>ClassificationRuleCodeListVersion0</ClassificationRuleCodeListVersion><AuthorizationReasonCodeListVersion>AuthorizationReasonCodeListVersion0</AuthorizationReasonCodeListVersion><RelationshipCodeListVersion>RelationshipCodeListVersion0</RelationshipCodeListVersion></CodeListVersions><DataObjectPackage xml:id="ID2"><BinaryDataObject id="ID5"><DataObjectGroupId>ID4</DataObjectGroupId><DataObjectVersion>BinaryMaster</DataObjectVersion><Uri>Content/ID5.xml</Uri><MessageDigest algorithm="SHA-512">5ac43ee7cb42fe16fa8895a00431496b37c25c458194802c94c76059d766fd190d4af273d80eb63157eff09ab90000ad20cd3ff226ebbc4ba1a48559f87d6e21</MessageDigest><Size>516</Size><FormatIdentification><FormatId>UNKNOWN</FormatId></FormatIdentification><FileInfo><Filename>logback.xml</Filename><LastModified>2016-12-12T14:44:36.819+01:00</LastModified></FileInfo></BinaryDataObject><BinaryDataObject id="ID9"><DataObjectGroupId>ID8</DataObjectGroupId><DataObjectVersion>BinaryMaster</DataObjectVersion><Uri>Content/ID9.json</Uri><MessageDigest algorithm="SHA-512">1acaa678757290a12f88bf6faaeb7d3aeb7186f4f5a2e14578f867be7f0f75fabd3662b3a9584b064757823fc966b2d147b0bae463d29692d8edc62d5eed7502</MessageDigest><Size>1161</Size><FormatIdentification><FormatLitteral>JSON Data Interchange Format</FormatLitteral><MimeType>application/json</MimeType><FormatId>fmt/817</FormatId></FormatIdentification><FileInfo><Filename>playbook_BinaryDataObject.json</Filename><LastModified>2016-12-12T14:44:36.804+01:00</LastModified></FileInfo></BinaryDataObject><BinaryDataObject id="ID15"><DataObjectGroupId>ID14</DataObjectGroupId><DataObjectVersion>BinaryMaster</DataObjectVersion><Uri>Content/ID15.sig</Uri><MessageDigest algorithm="SHA-512">bab0c4155d621ce7a264d7235da1dd395bea09065b360b846175f98df410976becf598bb47de828069090b6eaf87f0d994a995f89cb7c423ebb36e3221b6bcb9</MessageDigest><Size>111395</Size><FormatIdentification><FormatLitteral>Siegfried Signature File</FormatLitteral><FormatId>fmt/883</FormatId></FormatIdentification><FileInfo><Filename>default.sig</Filename><LastModified>2016-12-12T14:44:36.828+01:00</LastModified></FileInfo></BinaryDataObject><BinaryDataObject id="ID19"><DataObjectGroupId>ID18</DataObjectGroupId><DataObjectVersion>BinaryMaster</DataObjectVersion><Uri>Content/ID19.txt#</Uri><MessageDigest algorithm="SHA-512">2c55d4e4647b3c266b271651fe10e4c6c4e3642059baa92b9ffd9ba72bc9c6b69830d0b05f7d590cd75d43ea467d60b32e38226e0795fa477132955965655881</MessageDigest><Size>31</Size><FormatIdentification><FormatLitteral>Plain Text File</FormatLitteral><MimeType>text/plain</MimeType><FormatId>x-fmt/111</FormatId></FormatIdentification><FileInfo><Filename>test.txt#</Filename><LastModified>2016-12-14T16:17:50.247+01:00</LastModified></FileInfo></BinaryDataObject><DescriptiveMetadata><ArchiveUnit id="ID3"><Content><DescriptionLevel>RecordGrp</DescriptionLevel><Title>conf</Title><Description>C:\build\conf</Description><StartDate>2016-12-12T14:44:36</StartDate><EndDate>2016-12-14T16:17:50</EndDate></Content><ArchiveUnit id="ID7"><ArchiveUnitRefId>ID6</ArchiveUnitRefId></ArchiveUnit><ArchiveUnit id="ID11"><ArchiveUnitRefId>ID10</ArchiveUnitRefId></ArchiveUnit><ArchiveUnit id="ID13"><ArchiveUnitRefId>ID12</ArchiveUnitRefId></ArchiveUnit><ArchiveUnit id="ID21"><ArchiveUnitRefId>ID20</ArchiveUnitRefId></ArchiveUnit></ArchiveUnit><ArchiveUnit id="ID6"><Content><DescriptionLevel>Item</DescriptionLevel><Title>logback.xml</Title><Description>Pseudo Archive Unit du fichier :C:\build\conf\logback.xml</Description><TransactedDate>2016-12-12T14:44:36</TransactedDate></Content><DataObjectReference><DataObjectGroupReferenceId>ID4</DataObjectGroupReferenceId></DataObjectReference></ArchiveUnit><ArchiveUnit id="ID10"><Content><DescriptionLevel>Item</DescriptionLevel><Title>playbook_BinaryDataObject.json</Title><Description>Pseudo Archive Unit du fichier :C:\build\conf\playbook_BinaryDataObject.json</Description><TransactedDate>2016-12-12T14:44:36</TransactedDate></Content><DataObjectReference><DataObjectGroupReferenceId>ID8</DataObjectGroupReferenceId></DataObjectReference></ArchiveUnit><ArchiveUnit id="ID12"><Content><DescriptionLevel>RecordGrp</DescriptionLevel><Title>siegfried</Title><Description>C:\build\conf\siegfried</Description><StartDate>2016-12-12T14:44:36</StartDate><EndDate>2016-12-12T14:44:36</EndDate></Content><ArchiveUnit id="ID17"><ArchiveUnitRefId>ID16</ArchiveUnitRefId></ArchiveUnit></ArchiveUnit><ArchiveUnit id="ID16"><Content><DescriptionLevel>Item</DescriptionLevel><Title>default.sig</Title><Description>Pseudo Archive Unit du fichier :C:\build\conf\siegfried\default.sig</Description><TransactedDate>2016-12-12T14:44:36</TransactedDate></Content><DataObjectReference><DataObjectGroupReferenceId>ID14</DataObjectGroupReferenceId></DataObjectReference></ArchiveUnit><ArchiveUnit id="ID20"><Content><DescriptionLevel>Item</DescriptionLevel><Title>test.txt#</Title><Description>Pseudo Archive Unit du fichier :C:\build\conf\test.txt#</Description><TransactedDate>2016-12-14T16:17:50</TransactedDate></Content><DataObjectReference><DataObjectGroupReferenceId>ID18</DataObjectGroupReferenceId></DataObjectReference></ArchiveUnit></DescriptiveMetadata><ManagementMetadata><OriginatingAgencyIdentifier>Service_producteur</OriginatingAgencyIdentifier><SubmissionAgencyIdentifier>Service_versant</SubmissionAgencyIdentifier></ManagementMetadata></DataObjectPackage><ArchivalAgency><Identifier>Identifier4</Identifier></ArchivalAgency><TransferringAgency><Identifier>Identifier5</Identifier></TransferringAgency></ArchiveTransfer>