<?xml version="1.0" ?>
<ArchiveTransfer xmlns:xsi="http://www.w3.org/2001/XMLSchema-instance"
 xsi:schemaLocation="fr:gouv:culture:archivesdefrance:seda:v2.0 ../../../../../home/pipav/partage_vm/VITAM/SEDA/seda-2.0-main.xsd"
 xmlns="fr:gouv:culture:archivesdefrance:seda:v2.0" xmlns:pr="info:lc/xmlns/premis-v2"
 xmlns:xlink="http://www.w3.org/1999/xlink" xml:id="ID1">
    <Comment>Glossaire du projet Vitam - dossier local</Comment>
    <Date>2016-09-02T13:31:57</Date>
    <MessageIdentifier>2016090201</MessageIdentifier>
    <ArchivalAgreement>ArchivalAgreement1</ArchivalAgreement>
    <CodeListVersions>
        <ReplyCodeListVersion>ReplyCodeListVersion0</ReplyCodeListVersion>
        <MessageDigestAlgorithmCodeListVersion>MessageDigestAlgorithmCodeListVersion0</MessageDigestAlgorithmCodeListVersion>
        <MimeTypeCodeListVersion>MimeTypeCodeListVersion0</MimeTypeCodeListVersion>
        <EncodingCodeListVersion>EncodingCodeListVersion0123</EncodingCodeListVersion>
        <FileFormatCodeListVersion>FileFormatCodeListVersion0</FileFormatCodeListVersion>
        <CompressionAlgorithmCodeListVersion>CompressionAlgorithmCodeListVersion0</CompressionAlgorithmCodeListVersion>
        <DataObjectVersionCodeListVersion>DataObjectVersionCodeListVersion0</DataObjectVersionCodeListVersion>
        <StorageRuleCodeListVersion>StorageRuleCodeListVersion0</StorageRuleCodeListVersion>
        <AppraisalRuleCodeListVersion>AppraisalRuleCodeListVersion0</AppraisalRuleCodeListVersion>
        <AccessRuleCodeListVersion>AccessRuleCodeListVersion0</AccessRuleCodeListVersion>
        <DisseminationRuleCodeListVersion>DisseminationRuleCodeListVersion0</DisseminationRuleCodeListVersion>
        <ReuseRuleCodeListVersion>ReuseRuleCodeListVersion0</ReuseRuleCodeListVersion>
        <ClassificationRuleCodeListVersion>ClassificationRuleCodeListVersion0</ClassificationRuleCodeListVersion>
        <AuthorizationReasonCodeListVersion>AuthorizationReasonCodeListVersion0</AuthorizationReasonCodeListVersion>
        <RelationshipCodeListVersion>RelationshipCodeListVersion0</RelationshipCodeListVersion>
    </CodeListVersions>
    <DataObjectPackage xml:id="ID2">
        <BinaryDataObject id="ID5">
            <DataObjectGroupId>ID4</DataObjectGroupId>
            <DataObjectVersion>BinaryMaster</DataObjectVersion>
            <Uri>Content/9gQsjyxA8IInOoKawSKuo31R1V2TwL.pdf</Uri>
            <MessageDigest algorithm="SHA-512"
                >942bb63cc16bf5ca3ba7fabf40ce9be19c3185a36cd87ad17c63d6fad1aa29d4312d73f2d6a1ba1266c3a71fc4119dd476d2d776cf2ad2acd7a9a3dfa1f80dc7</MessageDigest>
            <Size>28613</Size>
            <FormatIdentification>
                <FormatLitteral>FormatLitteral0</FormatLitteral>
                <MimeType>MimeType0</MimeType>
                <FormatId>FormatId0</FormatId>
            </FormatIdentification>
            <FileInfo>
                <Filename>20150104_glossaire_envoi3.ods</Filename>
                <LastModified>2016-01-11T19:12:13.141+01:00</LastModified>
            </FileInfo>
        </BinaryDataObject>
        <BinaryDataObject id="ID10">
            <DataObjectGroupId>ID9</DataObjectGroupId>
            <DataObjectVersion>BinaryMaster</DataObjectVersion>
            <Uri>Content/aWThq5BsA6OjL4pSXf3V19BGooSmPl.odt</Uri>
            <MessageDigest algorithm="SHA-512"
                >58e37fa092797145f2a0d063ebf8699b9725ab9955ebc2aa503539c3d7c39ab4f867ffb02595782195f2f94ac23017f9a78c1b10c2fc37287227a7673e2b8c28</MessageDigest>
            <Size>37131</Size>
            <FormatIdentification>
                <FormatLitteral>OpenDocument Text</FormatLitteral>
                <MimeType>application/vnd.oasis.opendocument.text</MimeType>
                <FormatId>fmt/291</FormatId>
            </FormatIdentification>
            <FileInfo>
                <Filename>20150212_glossaire.ods</Filename>
                <LastModified>2016-02-11T09:45:14.281+01:00</LastModified>
            </FileInfo>
        </BinaryDataObject>
        <BinaryDataObject id="ID15">
            <DataObjectGroupId>ID14</DataObjectGroupId>
            <DataObjectVersion>BinaryMaster</DataObjectVersion>
            <Uri>Content/ct0Pp5gLhj1EogRGuz3mX9l2II2mOb.pdf</Uri>
            <MessageDigest algorithm="SHA-512"
                >942bb63cc16bf5ca3ba7fabf40ce9be19c3185a36cd87ad17c63d6fad1aa29d4312d73f2d6a1ba1266c3a71fc4119dd476d2d776cf2ad2acd7a9a3dfa1f80dc7</MessageDigest>
            <Size>19941</Size>
            <FormatIdentification>
                <FormatLitteral>FormatLitteral0</FormatLitteral>
                <MimeType>MimeType0</MimeType>
                <FormatId>FormatId0</FormatId>
            </FormatIdentification>
            <FileInfo>
                <Filename>20151214_glossaire_envoi2.ods</Filename>
                <LastModified>2016-01-04T17:48:07.812+01:00</LastModified>
            </FileInfo>
        </BinaryDataObject>
        <BinaryDataObject id="ID20">
            <DataObjectGroupId>ID19</DataObjectGroupId>
            <DataObjectVersion>BinaryMaster</DataObjectVersion>
            <Uri>Content/GBlNSraIrmIpWQNmJlDzPYLOC8CBk0.pdf</Uri>
            <MessageDigest algorithm="SHA-512"
                >942bb63cc16bf5ca3ba7fabf40ce9be19c3185a36cd87ad17c63d6fad1aa29d4312d73f2d6a1ba1266c3a71fc4119dd476d2d776cf2ad2acd7a9a3dfa1f80dc7</MessageDigest>
            <Size>22519</Size>
            <FormatIdentification>
                <FormatLitteral>FormatLitteral0</FormatLitteral>
                <MimeType>MimeType0</MimeType>
                <FormatId>FormatId0</FormatId>
            </FormatIdentification>
            <FileInfo>
                <Filename>20160112_glossaire_envoi4.ods</Filename>
                <LastModified>2016-01-25T12:08:52.104+01:00</LastModified>
            </FileInfo>
        </BinaryDataObject>
        <BinaryDataObject id="ID25">
            <DataObjectGroupId>ID24</DataObjectGroupId>
            <DataObjectVersion>BinaryMaster</DataObjectVersion>
            <Uri>Content/k2GlqbOmr7AVxwkhOB4cHh3oB1rxdm.pdf</Uri>
            <MessageDigest algorithm="SHA-512"
                >942bb63cc16bf5ca3ba7fabf40ce9be19c3185a36cd87ad17c63d6fad1aa29d4312d73f2d6a1ba1266c3a71fc4119dd476d2d776cf2ad2acd7a9a3dfa1f80dc7</MessageDigest>
            <Size>25990</Size>
            <FormatIdentification>
                <FormatLitteral>FormatLitteral0</FormatLitteral>
                <MimeType>MimeType0</MimeType>
                <FormatId>FormatId0</FormatId>
            </FormatIdentification>
            <FileInfo>
                <Filename>20160126_glossaire_envoi5.ods</Filename>
                <LastModified>2016-01-26T10:27:49.010+01:00</LastModified>
            </FileInfo>
        </BinaryDataObject>
        <BinaryDataObject id="ID30">
            <DataObjectGroupId>ID29</DataObjectGroupId>
            <DataObjectVersion>BinaryMaster</DataObjectVersion>
            <Uri>Content/ksPmsAwpn3M5dhppY3Z0NtrRhmzQGa.pdf</Uri>
            <MessageDigest algorithm="SHA-512"
                >942bb63cc16bf5ca3ba7fabf40ce9be19c3185a36cd87ad17c63d6fad1aa29d4312d73f2d6a1ba1266c3a71fc4119dd476d2d776cf2ad2acd7a9a3dfa1f80dc7</MessageDigest>
            <Size>20660</Size>
            <FormatIdentification>
                <FormatLitteral>FormatLitteral0</FormatLitteral>
                <MimeType>MimeType0</MimeType>
                <FormatId>FormatId0</FormatId>
            </FormatIdentification>
            <FileInfo>
                <Filename>20160211_glossaire_envoi6.ods</Filename>
                <LastModified>2016-02-29T15:52:12.102+01:00</LastModified>
            </FileInfo>
        </BinaryDataObject>
        <BinaryDataObject id="ID35">
            <DataObjectGroupId>ID34</DataObjectGroupId>
            <DataObjectVersion>BinaryMaster</DataObjectVersion>
            <Uri>Content/M25dG7oF21e4UlzklfJSTNhImNyPai.odt</Uri>
            <MessageDigest algorithm="SHA-512"
                >58e37fa092797145f2a0d063ebf8699b9725ab9955ebc2aa503539c3d7c39ab4f867ffb02595782195f2f94ac23017f9a78c1b10c2fc37287227a7673e2b8c28</MessageDigest>
            <Size>31652</Size>
            <FormatIdentification>
                <FormatLitteral>OpenDocument Text</FormatLitteral>
                <MimeType>application/vnd.oasis.opendocument.text</MimeType>
                <FormatId>fmt/291</FormatId>
            </FormatIdentification>
            <FileInfo>
                <Filename>20160314_glossaire_envoi07.ods</Filename>
                <LastModified>2016-03-14T16:50:48.954+01:00</LastModified>
            </FileInfo>
        </BinaryDataObject>
        <BinaryDataObject id="ID40">
            <DataObjectGroupId>ID39</DataObjectGroupId>
            <DataObjectVersion>BinaryMaster</DataObjectVersion>
            <Uri>Content/NVaAY6VAJXwfXI0oD89pChCGHzokSB.odt</Uri>
            <MessageDigest algorithm="SHA-512"
                >58e37fa092797145f2a0d063ebf8699b9725ab9955ebc2aa503539c3d7c39ab4f867ffb02595782195f2f94ac23017f9a78c1b10c2fc37287227a7673e2b8c28</MessageDigest>
            <Size>46526</Size>
            <FormatIdentification>
                <FormatLitteral>OpenDocument Text</FormatLitteral>
                <MimeType>application/vnd.oasis.opendocument.text</MimeType>
                <FormatId>fmt/291</FormatId>
            </FormatIdentification>
            <FileInfo>
                <Filename>20160408_glossaire.odt</Filename>
                <LastModified>2016-04-08T17:47:05.598+02:00</LastModified>
            </FileInfo>
        </BinaryDataObject>
        <BinaryDataObject id="ID45">
            <DataObjectGroupId>ID44</DataObjectGroupId>
            <DataObjectVersion>BinaryMaster</DataObjectVersion>
            <Uri>Content/sAnAx7qXpfahKUQyGHMestapW9GjxN.odt</Uri>
            <MessageDigest algorithm="SHA-512"
                >58e37fa092797145f2a0d063ebf8699b9725ab9955ebc2aa503539c3d7c39ab4f867ffb02595782195f2f94ac23017f9a78c1b10c2fc37287227a7673e2b8c28</MessageDigest>
            <Size>41101</Size>
            <FormatIdentification>
                <FormatLitteral>OpenDocument Text</FormatLitteral>
                <MimeType>application/vnd.oasis.opendocument.text</MimeType>
                <FormatId>fmt/291</FormatId>
            </FormatIdentification>
            <FileInfo>
                <Filename>entrees.odt</Filename>
                <LastModified>2015-11-05T09:31:15.295+01:00</LastModified>
            </FileInfo>
        </BinaryDataObject>
        <BinaryDataObject id="ID50">
            <DataObjectGroupId>ID49</DataObjectGroupId>
            <DataObjectVersion>BinaryMaster</DataObjectVersion>
            <Uri>Content/sapuaCLdtKX7TA8z0OodbHeWwMMDUG.odt</Uri>
            <MessageDigest algorithm="SHA-512"
                >58e37fa092797145f2a0d063ebf8699b9725ab9955ebc2aa503539c3d7c39ab4f867ffb02595782195f2f94ac23017f9a78c1b10c2fc37287227a7673e2b8c28</MessageDigest>
            <Size>39850</Size>
            <FormatIdentification>
                <FormatLitteral>OpenDocument Text</FormatLitteral>
                <MimeType>application/vnd.oasis.opendocument.text</MimeType>
                <FormatId>fmt/291</FormatId>
            </FormatIdentification>
            <FileInfo>
                <Filename>glossaire.odt</Filename>
                <LastModified>2015-12-09T18:32:27.940+01:00</LastModified>
            </FileInfo>
        </BinaryDataObject>
        <BinaryDataObject id="ID55">
            <DataObjectGroupId>ID54</DataObjectGroupId>
            <DataObjectVersion>BinaryMaster</DataObjectVersion>
            <Uri>Content/t3z0CBz2jQWHWCmb8CrDVUCnyvDMSW.odt</Uri>
            <MessageDigest algorithm="SHA-512"
                >58e37fa092797145f2a0d063ebf8699b9725ab9955ebc2aa503539c3d7c39ab4f867ffb02595782195f2f94ac23017f9a78c1b10c2fc37287227a7673e2b8c28</MessageDigest>
            <Size>34910</Size>
            <FormatIdentification>
                <FormatLitteral>OpenDocument Text</FormatLitteral>
                <MimeType>application/vnd.oasis.opendocument.text</MimeType>
                <FormatId>fmt/291</FormatId>
            </FormatIdentification>
            <FileInfo>
                <Filename>glossaire_eva.ods</Filename>
                <LastModified>2015-11-16T14:19:53.316+01:00</LastModified>
            </FileInfo>
        </BinaryDataObject>
        <BinaryDataObject id="ID60">
            <DataObjectGroupId>ID59</DataObjectGroupId>
            <DataObjectVersion>BinaryMaster</DataObjectVersion>
            <Uri>Content/z0ix6p53ytk073cQsEqDA48hXoJf91.pdf</Uri>
            <MessageDigest algorithm="SHA-512"
                >942bb63cc16bf5ca3ba7fabf40ce9be19c3185a36cd87ad17c63d6fad1aa29d4312d73f2d6a1ba1266c3a71fc4119dd476d2d776cf2ad2acd7a9a3dfa1f80dc7</MessageDigest>
            <Size>46741</Size>
            <FormatIdentification>
                <FormatLitteral>FormatLitteral0</FormatLitteral>
                <MimeType>MimeType0</MimeType>
                <FormatId>FormatId0</FormatId>
            </FormatIdentification>
            <FileInfo>
                <Filename>glossary_fd_mr.ods</Filename>
                <LastModified>2016-04-12T11:08:36.636+02:00</LastModified>
            </FileInfo>
        </BinaryDataObject>
        <DescriptiveMetadata>
            <ArchiveUnit id="ID3">
                <Content>
                    <DescriptionLevel>RecordGrp</DescriptionLevel>
                    <Title>glossaire</Title>
                    <Description>C:\Users\edouard.vasseur\Desktop\glossaire</Description>
                    <StartDate>2015-11-05T09:31:15</StartDate>
                    <EndDate>2016-04-12T11:08:36</EndDate>
                </Content>
                <ArchiveUnit id="ID7">
                    <ArchiveUnitRefId>ID6</ArchiveUnitRefId>
                </ArchiveUnit>
                <ArchiveUnit id="ID12">
                    <ArchiveUnitRefId>ID11</ArchiveUnitRefId>
                </ArchiveUnit>
                <ArchiveUnit id="ID17">
                    <ArchiveUnitRefId>ID16</ArchiveUnitRefId>
                </ArchiveUnit>
                <ArchiveUnit id="ID22">
                    <ArchiveUnitRefId>ID21</ArchiveUnitRefId>
                </ArchiveUnit>
                <ArchiveUnit id="ID27">
                    <ArchiveUnitRefId>ID26</ArchiveUnitRefId>
                </ArchiveUnit>
                <ArchiveUnit id="ID32">
                    <ArchiveUnitRefId>ID31</ArchiveUnitRefId>
                </ArchiveUnit>
                <ArchiveUnit id="ID37">
                    <ArchiveUnitRefId>ID36</ArchiveUnitRefId>
                </ArchiveUnit>
                <ArchiveUnit id="ID42">
                    <ArchiveUnitRefId>ID41</ArchiveUnitRefId>
                </ArchiveUnit>
                <ArchiveUnit id="ID47">
                    <ArchiveUnitRefId>ID46</ArchiveUnitRefId>
                </ArchiveUnit>
                <ArchiveUnit id="ID52">
                    <ArchiveUnitRefId>ID51</ArchiveUnitRefId>
                </ArchiveUnit>
                <ArchiveUnit id="ID57">
                    <ArchiveUnitRefId>ID56</ArchiveUnitRefId>
                </ArchiveUnit>
                <ArchiveUnit id="ID62">
                    <ArchiveUnitRefId>ID61</ArchiveUnitRefId>
                </ArchiveUnit>
            </ArchiveUnit>
            <ArchiveUnit id="ID6">
                <Content>
                    <DescriptionLevel>Item</DescriptionLevel>
                    <Title>20150104_glossaire_envoi3.ods</Title>
                    <Description>Pseudo Archive Unit du fichier
                        :C:\Users\edouard.vasseur\Desktop\glossaire\20150104_glossaire_envoi3.ods</Description>
                    <TransactedDate>2016-01-11T19:12:13</TransactedDate>
                </Content>
                <DataObjectReference id="ID8">
                    <DataObjectGroupId>ID5</DataObjectGroupId>
                </DataObjectReference>
            </ArchiveUnit>
            <ArchiveUnit id="ID11">
                <Content>
                    <DescriptionLevel>Item</DescriptionLevel>
                    <Title>20150212_glossaire.ods</Title>
                    <Description>Pseudo Archive Unit du fichier
                        :C:\Users\edouard.vasseur\Desktop\glossaire\20150212_glossaire.ods</Description>
                    <TransactedDate>2016-02-11T09:45:14</TransactedDate>
                </Content>
                <DataObjectReference id="ID13">
                    <DataObjectGroupReferenceId>ID9</DataObjectGroupReferenceId>
                </DataObjectReference>
            </ArchiveUnit>
            <ArchiveUnit id="ID16">
                <Content>
                    <DescriptionLevel>Item</DescriptionLevel>
                    <Title>20151214_glossaire_envoi2.ods</Title>
                    <Description>Pseudo Archive Unit du fichier
                        :C:\Users\edouard.vasseur\Desktop\glossaire\20151214_glossaire_envoi2.ods</Description>
                    <TransactedDate>2016-01-04T17:48:07</TransactedDate>
                </Content>
                <DataObjectReference id="ID18">
                    <DataObjectGroupId>ID15</DataObjectGroupId>
                </DataObjectReference>
            </ArchiveUnit>
            <ArchiveUnit id="ID21">
                <Content>
                    <DescriptionLevel>Item</DescriptionLevel>
                    <Title>20160112_glossaire_envoi4.ods</Title>
                    <Description>Pseudo Archive Unit du fichier
                        :C:\Users\edouard.vasseur\Desktop\glossaire\20160112_glossaire_envoi4.ods</Description>
                    <TransactedDate>2016-01-25T12:08:52</TransactedDate>
                </Content>
                <DataObjectReference id="ID23">
                    <DataObjectGroupReferenceId>ID19</DataObjectGroupReferenceId>
                </DataObjectReference>
            </ArchiveUnit>
            <ArchiveUnit id="ID26">
                <Content>
                    <DescriptionLevel>Item</DescriptionLevel>
                    <Title>20160126_glossaire_envoi5.ods</Title>
                    <Description>Pseudo Archive Unit du fichier
                        :C:\Users\edouard.vasseur\Desktop\glossaire\20160126_glossaire_envoi5.ods</Description>
                    <TransactedDate>2016-01-26T10:27:49</TransactedDate>
                </Content>
                <DataObjectReference id="ID28">
                    <DataObjectGroupId>ID25</DataObjectGroupId>
                </DataObjectReference>
            </ArchiveUnit>
            <ArchiveUnit id="ID31">
                <Content>
                    <DescriptionLevel>Item</DescriptionLevel>
                    <Title>20160211_glossaire_envoi6.ods</Title>
                    <Description>Pseudo Archive Unit du fichier
                        :C:\Users\edouard.vasseur\Desktop\glossaire\20160211_glossaire_envoi6.ods</Description>
                    <TransactedDate>2016-02-29T15:52:12</TransactedDate>
                </Content>
                <DataObjectReference id="ID33">
                    <DataObjectGroupReferenceId>ID29</DataObjectGroupReferenceId>
                </DataObjectReference>
            </ArchiveUnit>
            <ArchiveUnit id="ID36">
                <Content>
                    <DescriptionLevel>Item</DescriptionLevel>
                    <Title>20160314_glossaire_envoi07.ods</Title>
                    <Description>Pseudo Archive Unit du fichier
                        :C:\Users\edouard.vasseur\Desktop\glossaire\20160314_glossaire_envoi07.ods</Description>
                    <TransactedDate>2016-03-14T16:50:48</TransactedDate>
                </Content>
                <DataObjectReference id="ID38">
                    <DataObjectGroupId>ID35</DataObjectGroupId>
                </DataObjectReference>
            </ArchiveUnit>
            <ArchiveUnit id="ID41">
                <Content>
                    <DescriptionLevel>Item</DescriptionLevel>
                    <Title>20160408_glossaire.odt</Title>
                    <Description>Pseudo Archive Unit du fichier
                        :C:\Users\edouard.vasseur\Desktop\glossaire\20160408_glossaire.odt</Description>
                    <TransactedDate>2016-04-08T17:47:05</TransactedDate>
                </Content>
                <DataObjectReference id="ID43">
                    <DataObjectGroupReferenceId>ID39</DataObjectGroupReferenceId>
                </DataObjectReference>
            </ArchiveUnit>
            <ArchiveUnit id="ID46">
                <Content>
                    <DescriptionLevel>Item</DescriptionLevel>
                    <Title>entrees.odt</Title>
                    <Description>Pseudo Archive Unit du fichier
                        :C:\Users\edouard.vasseur\Desktop\glossaire\entrees.odt</Description>
                    <TransactedDate>2015-11-05T09:31:15</TransactedDate>
                </Content>
                <DataObjectReference id="ID48">
                    <DataObjectGroupId>ID45</DataObjectGroupId>
                </DataObjectReference>
            </ArchiveUnit>
            <ArchiveUnit id="ID51">
                <Content>
                    <DescriptionLevel>Item</DescriptionLevel>
                    <Title>glossaire.odt</Title>
                    <Description>Pseudo Archive Unit du fichier
                        :C:\Users\edouard.vasseur\Desktop\glossaire\glossaire.odt</Description>
                    <TransactedDate>2015-12-09T18:32:27</TransactedDate>
                </Content>
            </ArchiveUnit>
            <ArchiveUnit id="ID56">
                <Content>
                    <DescriptionLevel>Item</DescriptionLevel>
                    <Title>glossaire_eva.ods</Title>
                    <Description>Pseudo Archive Unit du fichier
                        :C:\Users\edouard.vasseur\Desktop\glossaire\glossaire_eva.ods</Description>
                    <TransactedDate>2015-11-16T14:19:53</TransactedDate>
                </Content>
            </ArchiveUnit>
            <ArchiveUnit id="ID61">
                <Content>
                    <DescriptionLevel>Item</DescriptionLevel>
                    <Title>glossary_fd_mr.ods</Title>
                    <Description>Pseudo Archive Unit du fichier
                        :C:\Users\edouard.vasseur\Desktop\glossaire\glossary_fd_mr.ods</Description>
                    <TransactedDate>2016-04-12T11:08:36</TransactedDate>
                </Content>
                <DataObjectReference id="ID63">
                    <DataObjectGroupReferenceId>ID59</DataObjectGroupReferenceId>
                </DataObjectReference>
            </ArchiveUnit>
        </DescriptiveMetadata>
        <ManagementMetadata>
		<OriginatingAgencyIdentifier>FRAN_NP_005568</OriginatingAgencyIdentifier>
<SubmissionAgencyIdentifier></SubmissionAgencyIdentifier>
		</ManagementMetadata>
    </DataObjectPackage>
    <ArchivalAgency>
        <Identifier>Identifier4</Identifier>
    </ArchivalAgency>
    <TransferringAgency>
        <Identifier>Identifier52344</Identifier>
    </TransferringAgency>
</ArchiveTransfer>
