<?xml version="1.0" ?>
<ArchiveTransfer xmlns:xsi="http://www.w3.org/2001/XMLSchema-instance"
 xsi:schemaLocation="fr:gouv:culture:archivesdefrance:seda:v2.0 ../Sch%D0%92mas/seda-2.0-main.xsd"
 xmlns="fr:gouv:culture:archivesdefrance:seda:v2.0" xmlns:pr="info:lc/xmlns/premis-v2"
 xmlns:xlink="http://www.w3.org/1999/xlink" xml:id="ID1">
    <Comment>2eme SIP</Comment>
    <Date>2016-10-20T12:51:29</Date>
    <MessageIdentifier>Arborescence Rateau</MessageIdentifier>
    <ArchivalAgreement>ArchivalAgreement0</ArchivalAgreement>
    <CodeListVersions>
        <ReplyCodeListVersion>ReplyCodeListVersion0</ReplyCodeListVersion>
        <MessageDigestAlgorithmCodeListVersion>MessageDigestAlgorithmCodeListVersion0</MessageDigestAlgorithmCodeListVersion>
        <MimeTypeCodeListVersion>MimeTypeCodeListVersion0</MimeTypeCodeListVersion>
        <EncodingCodeListVersion>EncodingCodeListVersion0</EncodingCodeListVersion>
        <FileFormatCodeListVersion>FileFormatCodeListVersion0</FileFormatCodeListVersion>
        <CompressionAlgorithmCodeListVersion>CompressionAlgorithmCodeListVersion0</CompressionAlgorithmCodeListVersion>
        <DataObjectVersionCodeListVersion>DataObjectVersionCodeListVersion0</DataObjectVersionCodeListVersion>
        <StorageRuleCodeListVersion>StorageRuleCodeListVersion0</StorageRuleCodeListVersion>
        <AppraisalRuleCodeListVersion>AppraisalRuleCodeListVersion0</AppraisalRuleCodeListVersion>
        <AccessRuleCodeListVersion>AccessRuleCodeListVersion0</AccessRuleCodeListVersion>
        <DisseminationRuleCodeListVersion>DisseminationRuleCodeListVersion0</DisseminationRuleCodeListVersion>
        <ReuseRuleCodeListVersion>ReuseRuleCodeListVersion0</ReuseRuleCodeListVersion>
        <ClassificationRuleCodeListVersion>ClassificationRuleCodeListVersion0</ClassificationRuleCodeListVersion>
        <AuthorizationReasonCodeListVersion>AuthorizationReasonCodeListVersion0</AuthorizationReasonCodeListVersion>
        <RelationshipCodeListVersion>RelationshipCodeListVersion0</RelationshipCodeListVersion>
    </CodeListVersions>
    <DataObjectPackage xml:id="ID2">
        <BinaryDataObject id="ID7">
            <DataObjectGroupId>ID6</DataObjectGroupId>
            <DataObjectVersion>BinaryMaster</DataObjectVersion>
            <Uri>Content/DttzvaBjmOJlnNHhwjRWBRqvyqWtbx.pdf</Uri>
            <MessageDigest algorithm="SHA-512"
                >942bb63cc16bf5ca3ba7fabf40ce9be19c3185a36cd87ad17c63d6fad1aa29d4312d73f2d6a1ba1266c3a71fc4119dd476d2d776cf2ad2acd7a9a3dfa1f80dc7</MessageDigest>
            <Size>29403</Size>
            <FormatIdentification>
                <FormatLitteral>Acrobat PDF 1.4 - Portable Document Format</FormatLitteral>
                <MimeType>application/pdf</MimeType>
                <FormatId>fmt/18</FormatId>
            </FormatIdentification>
            <FileInfo>
                <Filename>DttzvaBjmOJlnNHhwjRWBRqvyqWtbx.pdf</Filename>
                <LastModified>2016-05-31T18:17:53.000+02:00</LastModified>
            </FileInfo>
        </BinaryDataObject>
        <BinaryDataObject id="ID11">
            <DataObjectGroupId>ID10</DataObjectGroupId>
            <DataObjectVersion>BinaryMaster</DataObjectVersion>
            <Uri>Content/EfxvcfP9MBWlnAJYTArbUbMEdFa2PB.pdf</Uri>
            <MessageDigest algorithm="SHA-512"
                >942bb63cc16bf5ca3ba7fabf40ce9be19c3185a36cd87ad17c63d6fad1aa29d4312d73f2d6a1ba1266c3a71fc4119dd476d2d776cf2ad2acd7a9a3dfa1f80dc7</MessageDigest>
            <Size>29403</Size>
            <FormatIdentification>
                <FormatLitteral>Acrobat PDF 1.4 - Portable Document Format</FormatLitteral>
                <MimeType>application/pdf</MimeType>
                <FormatId>fmt/18</FormatId>
            </FormatIdentification>
            <FileInfo>
                <Filename>EfxvcfP9MBWlnAJYTArbUbMEdFa2PB.pdf</Filename>
                <LastModified>2016-05-31T18:18:20.000+02:00</LastModified>
            </FileInfo>
        </BinaryDataObject>
        <BinaryDataObject id="ID17">
            <DataObjectGroupId>ID16</DataObjectGroupId>
            <DataObjectVersion>BinaryMaster</DataObjectVersion>
            <Uri>Content/eGNLkNvdmK0Iqq0zv3GVHgR7Ag7nlV.pdf</Uri>
            <MessageDigest algorithm="SHA-512"
                >942bb63cc16bf5ca3ba7fabf40ce9be19c3185a36cd87ad17c63d6fad1aa29d4312d73f2d6a1ba1266c3a71fc4119dd476d2d776cf2ad2acd7a9a3dfa1f80dc7</MessageDigest>
            <Size>29403</Size>
            <FormatIdentification>
                <FormatLitteral>Acrobat PDF 1.4 - Portable Document Format</FormatLitteral>
                <MimeType>application/pdf</MimeType>
                <FormatId>fmt/18</FormatId>
            </FormatIdentification>
            <FileInfo>
                <Filename>eGNLkNvdmK0Iqq0zv3GVHgR7Ag7nlV.pdf</Filename>
                <LastModified>2016-05-25T12:05:11.000+02:00</LastModified>
            </FileInfo>
        </BinaryDataObject>
        <BinaryDataObject id="ID21">
            <DataObjectGroupId>ID20</DataObjectGroupId>
            <DataObjectVersion>BinaryMaster</DataObjectVersion>
            <Uri>Content/GBlNSraIrmIpWQNmJlDzPYLOC8CBk0.pdf</Uri>
            <MessageDigest algorithm="SHA-512"
                >942bb63cc16bf5ca3ba7fabf40ce9be19c3185a36cd87ad17c63d6fad1aa29d4312d73f2d6a1ba1266c3a71fc4119dd476d2d776cf2ad2acd7a9a3dfa1f80dc7</MessageDigest>
            <Size>29403</Size>
            <FormatIdentification>
                <FormatLitteral>Acrobat PDF 1.4 - Portable Document Format</FormatLitteral>
                <MimeType>application/pdf</MimeType>
                <FormatId>fmt/18</FormatId>
            </FormatIdentification>
            <FileInfo>
                <Filename>GBlNSraIrmIpWQNmJlDzPYLOC8CBk0.pdf</Filename>
                <LastModified>2016-06-09T17:55:55.000+02:00</LastModified>
            </FileInfo>
        </BinaryDataObject>
        <BinaryDataObject id="ID27">
            <DataObjectGroupId>ID26</DataObjectGroupId>
            <DataObjectVersion>BinaryMaster</DataObjectVersion>
            <Uri>Content/IckGHIhYvJmy2WwNddEBmljXFol4Zd.pdf</Uri>
            <MessageDigest algorithm="SHA-512"
                >942bb63cc16bf5ca3ba7fabf40ce9be19c3185a36cd87ad17c63d6fad1aa29d4312d73f2d6a1ba1266c3a71fc4119dd476d2d776cf2ad2acd7a9a3dfa1f80dc7</MessageDigest>
            <Size>29403</Size>
            <FormatIdentification>
                <FormatLitteral>Acrobat PDF 1.4 - Portable Document Format</FormatLitteral>
                <MimeType>application/pdf</MimeType>
                <FormatId>fmt/18</FormatId>
            </FormatIdentification>
            <FileInfo>
                <Filename>IckGHIhYvJmy2WwNddEBmljXFol4Zd.pdf</Filename>
                <LastModified>2016-08-05T09:28:15.000+02:00</LastModified>
            </FileInfo>
        </BinaryDataObject>
        <BinaryDataObject id="ID33">
            <DataObjectGroupId>ID32</DataObjectGroupId>
            <DataObjectVersion>BinaryMaster</DataObjectVersion>
            <Uri>Content/IfTPz6AWS1VwRfNSlhsq83sMNPidvA.pdf</Uri>
            <MessageDigest algorithm="SHA-512"
                >942bb63cc16bf5ca3ba7fabf40ce9be19c3185a36cd87ad17c63d6fad1aa29d4312d73f2d6a1ba1266c3a71fc4119dd476d2d776cf2ad2acd7a9a3dfa1f80dc7</MessageDigest>
            <Size>29403</Size>
            <FormatIdentification>
                <FormatLitteral>Acrobat PDF 1.4 - Portable Document Format</FormatLitteral>
                <MimeType>application/pdf</MimeType>
                <FormatId>fmt/18</FormatId>
            </FormatIdentification>
            <FileInfo>
                <Filename>IfTPz6AWS1VwRfNSlhsq83sMNPidvA.pdf</Filename>
                <LastModified>2016-06-03T15:28:00.000+02:00</LastModified>
            </FileInfo>
        </BinaryDataObject>
        <BinaryDataObject id="ID37">
            <DataObjectGroupId>ID36</DataObjectGroupId>
            <DataObjectVersion>BinaryMaster</DataObjectVersion>
            <Uri>Content/JpddOUNiM4SgeBHfZy6fGepG9dV7ca.odt</Uri>
            <MessageDigest algorithm="SHA-512"
                >58e37fa092797145f2a0d063ebf8699b9725ab9955ebc2aa503539c3d7c39ab4f867ffb02595782195f2f94ac23017f9a78c1b10c2fc37287227a7673e2b8c28</MessageDigest>
            <Size>68438</Size>
            <FormatIdentification>
                <FormatLitteral>OpenDocument Text</FormatLitteral>
                <MimeType>application/vnd.oasis.opendocument.text</MimeType>
                <FormatId>fmt/291</FormatId>
            </FormatIdentification>
            <FileInfo>
                <Filename>JpddOUNiM4SgeBHfZy6fGepG9dV7ca.odt</Filename>
                <LastModified>2016-09-23T11:21:22.000+02:00</LastModified>
            </FileInfo>
        </BinaryDataObject>
        <BinaryDataObject id="ID43">
            <DataObjectGroupId>ID42</DataObjectGroupId>
            <DataObjectVersion>BinaryMaster</DataObjectVersion>
            <Uri>Content/k2GlqbOmr7AVxwkhOB4cHh3oB1rxdm.pdf</Uri>
            <MessageDigest algorithm="SHA-512"
                >942bb63cc16bf5ca3ba7fabf40ce9be19c3185a36cd87ad17c63d6fad1aa29d4312d73f2d6a1ba1266c3a71fc4119dd476d2d776cf2ad2acd7a9a3dfa1f80dc7</MessageDigest>
            <Size>29403</Size>
            <FormatIdentification>
                <FormatLitteral>Acrobat PDF 1.4 - Portable Document Format</FormatLitteral>
                <MimeType>application/pdf</MimeType>
                <FormatId>fmt/18</FormatId>
            </FormatIdentification>
            <FileInfo>
                <Filename>k2GlqbOmr7AVxwkhOB4cHh3oB1rxdm.pdf</Filename>
                <LastModified>2016-10-19T17:45:18.000+02:00</LastModified>
            </FileInfo>
        </BinaryDataObject>
        <BinaryDataObject id="ID49">
            <DataObjectGroupId>ID48</DataObjectGroupId>
            <DataObjectVersion>BinaryMaster</DataObjectVersion>
            <Uri>Content/KaO8AyZWnnzs6RYEujDXRlpxpYy3rQ.pdf</Uri>
            <MessageDigest algorithm="SHA-512"
                >942bb63cc16bf5ca3ba7fabf40ce9be19c3185a36cd87ad17c63d6fad1aa29d4312d73f2d6a1ba1266c3a71fc4119dd476d2d776cf2ad2acd7a9a3dfa1f80dc7</MessageDigest>
            <Size>29403</Size>
            <FormatIdentification>
                <FormatLitteral>Acrobat PDF 1.4 - Portable Document Format</FormatLitteral>
                <MimeType>application/pdf</MimeType>
                <FormatId>fmt/18</FormatId>
            </FormatIdentification>
            <FileInfo>
                <Filename>KaO8AyZWnnzs6RYEujDXRlpxpYy3rQ</Filename>
                <LastModified>2016-05-30T14:06:51.000+02:00</LastModified>
            </FileInfo>
        </BinaryDataObject>
        <BinaryDataObject id="ID53">
            <DataObjectGroupId>ID52</DataObjectGroupId>
            <DataObjectVersion>BinaryMaster</DataObjectVersion>
            <Uri>Content/KEpK4t9AS8oYpbWkr4rWo10vcfIBXM.odt</Uri>
            <MessageDigest algorithm="SHA-512"
                >58e37fa092797145f2a0d063ebf8699b9725ab9955ebc2aa503539c3d7c39ab4f867ffb02595782195f2f94ac23017f9a78c1b10c2fc37287227a7673e2b8c28</MessageDigest>
            <Size>68438</Size>
            <FormatIdentification>
                <FormatLitteral>OpenDocument Text</FormatLitteral>
                <MimeType>application/vnd.oasis.opendocument.text</MimeType>
                <FormatId>fmt/291</FormatId>
            </FormatIdentification>
            <FileInfo>
                <Filename>KEpK4t9AS8oYpbWkr4rWo10vcfIBXM</Filename>
                <LastModified>2016-06-08T10:16:16.000+02:00</LastModified>
            </FileInfo>
        </BinaryDataObject>
        <DescriptiveMetadata>
            <ArchiveUnit id="ID3">
                <Content>
                    <DescriptionLevel>RecordGrp</DescriptionLevel>
                    <Title>arborescence_rateau</Title>
                    <Description>Integer posuere, lorem vitae suscipit tristique, odio sem sagittis augue, dignissim bibendum mauris neque a lectus. Cras eu diam et urna efficitur elementum varius at orci.</Description>
                    <StartDate>2016-05-25T12:05:11</StartDate>
                    <EndDate>2016-10-19T17:45:18</EndDate>
                </Content>
                <ArchiveUnit id="ID5">
                    <ArchiveUnitRefId>ID4</ArchiveUnitRefId>
                </ArchiveUnit>
                <ArchiveUnit id="ID15">
                    <ArchiveUnitRefId>ID14</ArchiveUnitRefId>
                </ArchiveUnit>
                <ArchiveUnit id="ID25">
                    <ArchiveUnitRefId>ID24</ArchiveUnitRefId>
                </ArchiveUnit>
                <ArchiveUnit id="ID31">
                    <ArchiveUnitRefId>ID30</ArchiveUnitRefId>
                </ArchiveUnit>
                <ArchiveUnit id="ID41">
                    <ArchiveUnitRefId>ID40</ArchiveUnitRefId>
                </ArchiveUnit>
                <ArchiveUnit id="ID47">
                    <ArchiveUnitRefId>ID46</ArchiveUnitRefId>
                </ArchiveUnit>
            </ArchiveUnit>
            <ArchiveUnit id="ID4">
                <Content>
                    <DescriptionLevel>RecordGrp</DescriptionLevel>
                    <Title>dossier_2</Title>
                    <Description>Aliquam maximus ullamcorper mauris sit amet lacinia. Pellentesque porta, urna sed elementum lacinia, mi diam tempus urna, eu pretium lorem nulla non metus</Description>
                    <StartDate>2016-05-31T18:17:53</StartDate>
                    <EndDate>2016-05-31T18:18:20</EndDate>
                </Content>
                <ArchiveUnit id="ID9">
                    <ArchiveUnitRefId>ID8</ArchiveUnitRefId>
                </ArchiveUnit>
                <ArchiveUnit id="ID13">
                    <ArchiveUnitRefId>ID12</ArchiveUnitRefId>
                </ArchiveUnit>
            </ArchiveUnit>
            <ArchiveUnit id="ID8">
                <Content>
                    <DescriptionLevel>Item</DescriptionLevel>
                    <Title>eget venenatis nulla vehicula ac</Title>
                    <Description> Mauris ultrices vitae enim ultrices hendrerit. Morbi non semper arcu, a sagittis erat. Nunc dui nibh, facilisis quis tincidunt ac, blandit quis felis</Description>
                    <TransactedDate>2016-05-31T18:17:53</TransactedDate>
                </Content>
                <DataObjectReference>
                    <DataObjectGroupReferenceId>ID6</DataObjectGroupReferenceId>
                </DataObjectReference>
            </ArchiveUnit>
            <ArchiveUnit id="ID12">
                <Content>
                    <DescriptionLevel>Item</DescriptionLevel>
                    <Title>Nam a interdum massa</Title>
                    <Description>Nullam bibendum eros quis dolor sollicitudin tempor non et libero.</Description>
                    <TransactedDate>2016-05-31T18:18:20</TransactedDate>
                </Content>
                <DataObjectReference>
                    <DataObjectGroupReferenceId>ID10</DataObjectGroupReferenceId>
                </DataObjectReference>
            </ArchiveUnit>
            <ArchiveUnit id="ID14">
                <Content>
                    <DescriptionLevel>RecordGrp</DescriptionLevel>
                    <Title>dossier_4</Title>
                    <Description>Curabitur sem lacus, imperdiet sed purus sit amet, imperdiet porta mi. Pellentesque ligula magna, facilisis nec mi in, volutpat accumsan eros</Description>
                    <StartDate>2016-05-25T12:05:11</StartDate>
                    <EndDate>2016-06-09T17:55:55</EndDate>
                </Content>
                <ArchiveUnit id="ID19">
                    <ArchiveUnitRefId>ID18</ArchiveUnitRefId>
                </ArchiveUnit>
                <ArchiveUnit id="ID23">
                    <ArchiveUnitRefId>ID22</ArchiveUnitRefId>
                </ArchiveUnit>
            </ArchiveUnit>
            <ArchiveUnit id="ID18">
                <Content>
                    <DescriptionLevel>Item</DescriptionLevel>
                    <Title>id vulputate augue nulla</Title>
                    <Description> Quisque nec diam aliquet, aliquet purus non, dictum turpis. </Description>
                    <TransactedDate>2016-05-25T12:05:11</TransactedDate>
                </Content>
                <DataObjectReference>
                    <DataObjectGroupReferenceId>ID16</DataObjectGroupReferenceId>
                </DataObjectReference>
            </ArchiveUnit>
            <ArchiveUnit id="ID22">
                <Content>
                    <DescriptionLevel>Item</DescriptionLevel>
                    <Title>Class aptent taciti</Title>
                    <Description>Curabitur sem lacus, imperdiet sed purus sit amet, imperdiet porta mi. Pellentesque ligula magna, facilisis nec mi in, volutpat accumsan eros. </Description>
                    <TransactedDate>2016-06-09T17:55:55</TransactedDate>
                </Content>
                <DataObjectReference>
                    <DataObjectGroupReferenceId>ID20</DataObjectGroupReferenceId>
                </DataObjectReference>
            </ArchiveUnit>
            <ArchiveUnit id="ID24">
                <Content>
                    <DescriptionLevel>RecordGrp</DescriptionLevel>
                    <Title>dossier_1</Title>
                    <Description>/tmp/arborescence_rateau/dossier_1</Description>
                    <StartDate>2016-08-05T09:28:15</StartDate>
                    <EndDate>2016-08-05T09:28:15</EndDate>
                </Content>
                <ArchiveUnit id="ID29">
                    <ArchiveUnitRefId>ID28</ArchiveUnitRefId>
                </ArchiveUnit>
            </ArchiveUnit>
            <ArchiveUnit id="ID28">
                <Content>
                    <DescriptionLevel>Item</DescriptionLevel>
                    <Title>Curabitur sem lacus</Title>
                    <Description>Nam ipsum enim, mattis vitae mauris eu, convallis semper enim. Phasellus eu congue elit, scelerisque placerat magna. </Description>
                    <TransactedDate>2016-08-05T09:28:15</TransactedDate>
                </Content>
                <DataObjectReference>
                    <DataObjectGroupReferenceId>ID26</DataObjectGroupReferenceId>
                </DataObjectReference>
            </ArchiveUnit>
            <ArchiveUnit id="ID30">
                <Content>
                    <DescriptionLevel>RecordGrp</DescriptionLevel>
                    <Title>dossier_5</Title>
                    <Description>Interdum et malesuada fames ac ante ipsum primis in faucibus. In sagittis pretium posuere. Nulla cursus vulputate velit</Description>
                    <StartDate>2016-06-03T15:28:00</StartDate>
                    <EndDate>2016-09-23T11:21:22</EndDate>
                </Content>
                <ArchiveUnit id="ID35">
                    <ArchiveUnitRefId>ID34</ArchiveUnitRefId>
                </ArchiveUnit>
                <ArchiveUnit id="ID39">
                    <ArchiveUnitRefId>ID38</ArchiveUnitRefId>
                </ArchiveUnit>
            </ArchiveUnit>
            <ArchiveUnit id="ID34">
                <Content>
                    <DescriptionLevel>Item</DescriptionLevel>
                    <Title>Duis ac turpis sit amet erat iaculis gravida et eu erat</Title>
                    <Description>Proin dignissim molestie gravida. Mauris consequat efficitur nisi. Aliquam posuere velit sit amet tortor tristique luctus. Nulla commodo, justo quis facilisis lacinia, leo lectus euis</Description>
                    <TransactedDate>2016-06-03T15:28:00</TransactedDate>
                </Content>
                <DataObjectReference>
                    <DataObjectGroupReferenceId>ID32</DataObjectGroupReferenceId>
                </DataObjectReference>
            </ArchiveUnit>
            <ArchiveUnit id="ID38">
                <Content>
                    <DescriptionLevel>Item</DescriptionLevel>
                    <Title>Phasellus et finibus tortor</Title>
                    <Description>Nam ipsum enim, mattis vitae mauris eu, convallis semper enim. Phasellus eu congue elit, scelerisque placerat magna. </Description>
                    <TransactedDate>2016-09-23T11:21:22</TransactedDate>
                </Content>
                <DataObjectReference>
                    <DataObjectGroupReferenceId>ID36</DataObjectGroupReferenceId>
                </DataObjectReference>
            </ArchiveUnit>
            <ArchiveUnit id="ID40">
                <Content>
                    <DescriptionLevel>RecordGrp</DescriptionLevel>
                    <Title>dossier_6</Title>
                    <Description>Class aptent taciti sociosqu ad litora torquent per conubia nostra, per inceptos himenaeos. Curabitur varius gravida tellus, vel pulvinar sem sodales congue</Description>
                    <StartDate>2016-10-19T17:45:18</StartDate>
                    <EndDate>2016-10-19T17:45:18</EndDate>
                </Content>
                <ArchiveUnit id="ID45">
                    <ArchiveUnitRefId>ID44</ArchiveUnitRefId>
                </ArchiveUnit>
            </ArchiveUnit>
            <ArchiveUnit id="ID44">
                <Content>
                    <DescriptionLevel>Item</DescriptionLevel>
                    <Title>Mauris vulputate varius porta</Title>
                    <Description>uam maximus ullamcorper mauris sit amet lacinia. Pellentesque porta, urna sed elementum lacinia, mi diam tempus urna, eu pretium lor</Description>
                    <TransactedDate>2016-10-19T17:45:18</TransactedDate>
                </Content>
                <DataObjectReference>
                    <DataObjectGroupReferenceId>ID42</DataObjectGroupReferenceId>
                </DataObjectReference>
            </ArchiveUnit>
            <ArchiveUnit id="ID46">
                <Content>
                    <DescriptionLevel>RecordGrp</DescriptionLevel>
                    <Title>dossier_3</Title>
                    <Description>at ultrices. Curabitur justo est, molestie ut dictum ac, eleifend nec tellus. Nullam bibendum eros quis dolor sollicitudin tempor non et libero. Morbi dapibus nibh ex, eget iaculis mauris ultrices vitae. Etiam in justo mauris. Pellentesque habitant morbi tristique senectus et netus et</Description>
                    <StartDate>2016-05-30T14:06:51</StartDate>
                    <EndDate>2016-06-08T10:16:16</EndDate>
                </Content>
                <ArchiveUnit id="ID51">
                    <ArchiveUnitRefId>ID50</ArchiveUnitRefId>
                </ArchiveUnit>
                <ArchiveUnit id="ID55">
                    <ArchiveUnitRefId>ID54</ArchiveUnitRefId>
                </ArchiveUnit>
            </ArchiveUnit>
            <ArchiveUnit id="ID50">
                <Content>
                    <DescriptionLevel>Item</DescriptionLevel>
                    <Title>Donec ipsum erat, tempus congue ultricies sit amet</Title>
                    <Description>ada fames ac turpis egestas. Mauris ultrices vitae enim ultrices hendrerit. Morbi non semper arcu, a sagittis erat. Nunc dui nibh, facilisis quis tincidunt ac, blandit quis felis. Nulla dignissim, nisl vitae facilisis dictum, lectus erat vehicula diam, ac sagittis turpis leo et metu</Description>
                    <TransactedDate>2016-05-30T14:06:51</TransactedDate>
                </Content>
                <DataObjectReference>
                    <DataObjectGroupReferenceId>ID48</DataObjectGroupReferenceId>
                </DataObjectReference>
            </ArchiveUnit>
            <ArchiveUnit id="ID54">
                <Content>
                    <DescriptionLevel>Item</DescriptionLevel>
                    <Title>Morbi dapibus nibh ex</Title>
                    <Description>Curabitur et velit ornare, consectetur mi sed, volutpat augue. Duis semper, mauris eget luctus facilisis, tortor purus euismod mi, id vulputate augue nulla sit amet sapien. Sed posuere porta tortor vel tempus. Donec in vestibulum tellus.</Description>
                    <TransactedDate>2016-06-08T10:16:16</TransactedDate>
                </Content>
                <DataObjectReference>
                    <DataObjectGroupReferenceId>ID52</DataObjectGroupReferenceId>
                </DataObjectReference>
            </ArchiveUnit>
        </DescriptiveMetadata>
        <ManagementMetadata>
            <OriginatingAgencyIdentifier>FRAN_NP_050770</OriginatingAgencyIdentifier>
            <SubmissionAgencyIdentifier>FRAN_NP_050770</SubmissionAgencyIdentifier>
        </ManagementMetadata>
    </DataObjectPackage>
    <ArchivalAgency>
        <Identifier>Identifier4</Identifier>
    </ArchivalAgency>
    <TransferringAgency>
        <Identifier>Identifier5</Identifier>
    </TransferringAgency>
</ArchiveTransfer>
