<?xml version="1.0" ?><ArchiveTransfer xmlns:xlink="http://www.w3.org/1999/xlink" xmlns:pr="info:lc/xmlns/premis-v2" xmlns="fr:gouv:culture:archivesdefrance:seda:v2.0" xmlns:xsi="http://www.w3.org/2001/XMLSchema-instance" xsi:schemaLocation="fr:gouv:culture:archivesdefrance:seda:v2.0 seda-2.0-main.xsd" xml:id="ID1"><Comment>Jeu de test avec formats all non reconnu par PRONOM</Comment><Date>2016-11-21T18:27:11</Date><MessageIdentifier>SIP contenant un fichier dont le format n'est pas connu</MessageIdentifier><ArchivalAgreement>ArchivalAgreement0</ArchivalAgreement><CodeListVersions><ReplyCodeListVersion>ReplyCodeListVersion0</ReplyCodeListVersion><MessageDigestAlgorithmCodeListVersion>MessageDigestAlgorithmCodeListVersion0</MessageDigestAlgorithmCodeListVersion><MimeTypeCodeListVersion>MimeTypeCodeListVersion0</MimeTypeCodeListVersion><EncodingCodeListVersion>EncodingCodeListVersion0</EncodingCodeListVersion><FileFormatCodeListVersion>FileFormatCodeListVersion0</FileFormatCodeListVersion><CompressionAlgorithmCodeListVersion>CompressionAlgorithmCodeListVersion0</CompressionAlgorithmCodeListVersion><DataObjectVersionCodeListVersion>DataObjectVersionCodeListVersion0</DataObjectVersionCodeListVersion><StorageRuleCodeListVersion>StorageRuleCodeListVersion0</StorageRuleCodeListVersion><AppraisalRuleCodeListVersion>AppraisalRuleCodeListVersion0</AppraisalRuleCodeListVersion><AccessRuleCodeListVersion>AccessRuleCodeListVersion0</AccessRuleCodeListVersion><DisseminationRuleCodeListVersion>DisseminationRuleCodeListVersion0</DisseminationRuleCodeListVersion><ReuseRuleCodeListVersion>ReuseRuleCodeListVersion0</ReuseRuleCodeListVersion><ClassificationRuleCodeListVersion>ClassificationRuleCodeListVersion0</ClassificationRuleCodeListVersion><AuthorizationReasonCodeListVersion>AuthorizationReasonCodeListVersion0</AuthorizationReasonCodeListVersion><RelationshipCodeListVersion>RelationshipCodeListVersion0</RelationshipCodeListVersion></CodeListVersions><DataObjectPackage xml:id="ID2"><BinaryDataObject id="ID5"><DataObjectGroupId>ID4</DataObjectGroupId><DataObjectVersion>BinaryMaster</DataObjectVersion><Uri>Content/ID5.all</Uri><MessageDigest algorithm="SHA-512">96bd06d99c4b2e7c61871e83ac963e4d42f4f31d22227cc7b7ee0fab144dedbd39c3615b03798a55233bee67996d1e09af95aa45d2d625d4d321a65bbeef0cfb</MessageDigest><Size>23369256</Size><FormatIdentification><FormatId>UNKNOWN</FormatId></FormatIdentification><FileInfo><Filename>0002_20131010_010749_Laperouse.all</Filename><LastModified>2013-10-10T04:09:06.000+02:00</LastModified></FileInfo></BinaryDataObject><BinaryDataObject id="ID9"><DataObjectGroupId>ID8</DataObjectGroupId><DataObjectVersion>BinaryMaster</DataObjectVersion><Uri>Content/ID9.all</Uri><MessageDigest algorithm="SHA-512">7cd2ab52c97d33380e398ff0c7a55c7c2e6a83f7d982f9ee416e8b49db1cbf7b8f80cd49fd08109e9f6eae50b646d9de73417c4ce5b1aa09f6a8961d5c9bd7ae</MessageDigest><Size>8330570</Size><FormatIdentification><FormatId>UNKNOWN</FormatId></FormatIdentification><FileInfo><Filename>0003_20131010_012803_Laperouse.all</Filename><LastModified>2013-10-10T04:28:32.000+02:00</LastModified></FileInfo></BinaryDataObject><BinaryDataObject id="ID13"><DataObjectGroupId>ID12</DataObjectGroupId><DataObjectVersion>BinaryMaster</DataObjectVersion><Uri>Content/ID13.all</Uri><MessageDigest algorithm="SHA-512">2c9b41735e966999f0a24fe6628719aa05183205dacf2848a833fc990ae38e0bef77c07e414c2be58ddc08935862efa482a9b180cbf53187bb18434d17c5c3d2</MessageDigest><Size>7397888</Size><FormatIdentification><FormatId>UNKNOWN</FormatId></FormatIdentification><FileInfo><Filename>0004_20131010_015218_Laperouse.all</Filename><LastModified>2013-10-10T04:52:44.000+02:00</LastModified></FileInfo></BinaryDataObject><BinaryDataObject id="ID17"><DataObjectGroupId>ID16</DataObjectGroupId><DataObjectVersion>BinaryMaster</DataObjectVersion><Uri>Content/ID17.all</Uri><MessageDigest algorithm="SHA-512">d7c58c39c72c34c5eb8ff94027a6fbf35d6818fa6787cbf0b66c0983bc055cef43f83905afe78993d342a36b49378ef75f45a9219626b33b556de4912c5d94c7</MessageDigest><Size>10268342</Size><FormatIdentification><FormatId>UNKNOWN</FormatId></FormatIdentification><FileInfo><Filename>0005_20131010_020156_Laperouse.all</Filename><LastModified>2013-10-10T05:02:32.000+02:00</LastModified></FileInfo></BinaryDataObject><BinaryDataObject id="ID21"><DataObjectGroupId>ID20</DataObjectGroupId><DataObjectVersion>BinaryMaster</DataObjectVersion><Uri>Content/ID21.pdf</Uri><MessageDigest algorithm="SHA-512">8ceedc4041ed81ab2dab34cc238201067ffa3983cf6db2ef1ada2854cf7193195fe6b68898f95e9b5d22b06ca377bdf071860e4c4e1e03af03e361b66d84a601</MessageDigest><Size>1602486</Size><FormatIdentification><FormatLitteral>Acrobat PDF 1.4 - Portable Document Format</FormatLitteral><MimeType>application/pdf</MimeType><FormatId>fmt/18</FormatId></FormatIdentification><FileInfo><Filename>160692an_em_datagram_formats.pdf</Filename><LastModified>2011-05-10T16:19:48.000+02:00</LastModified></FileInfo></BinaryDataObject><BinaryDataObject id="ID25"><DataObjectGroupId>ID24</DataObjectGroupId><DataObjectVersion>BinaryMaster</DataObjectVersion><Uri>Content/ID25.pdf</Uri><MessageDigest algorithm="SHA-512">2789a8c8699c91687dc5c37f5ec26af4def728208c8a4889275e19397135351cfde7155795d4bf441dc0d22e9ade9097fda0836cb32abec42a5e049715db6227</MessageDigest><Size>150924</Size><FormatIdentification><FormatLitteral>Acrobat PDF 1.4 - Portable Document Format</FormatLitteral><MimeType>application/pdf</MimeType><FormatId>fmt/18</FormatId></FormatIdentification><FileInfo><Filename>164939ae_em710_product_specification.pdf</Filename><LastModified>2011-05-10T16:19:56.000+02:00</LastModified></FileInfo></BinaryDataObject><DescriptiveMetadata><ArchiveUnit id="ID3"><Content><DescriptionLevel>RecordGrp</DescriptionLevel><Title>Duis nulla mi</Title><Description>Praesent eleifend urna arcu. Praesent at ornare elit, vitae eleifend odio. Aliquam quis risus vehicula, interdum quam sed, interdum metus.</Description><StartDate>2011-05-10T16:19:48</StartDate><EndDate>2013-10-10T05:02:32</EndDate></Content><ArchiveUnit id="ID7"><ArchiveUnitRefId>ID6</ArchiveUnitRefId></ArchiveUnit><ArchiveUnit id="ID11"><ArchiveUnitRefId>ID10</ArchiveUnitRefId></ArchiveUnit><ArchiveUnit id="ID15"><ArchiveUnitRefId>ID14</ArchiveUnitRefId></ArchiveUnit><ArchiveUnit id="ID19"><ArchiveUnitRefId>ID18</ArchiveUnitRefId></ArchiveUnit><ArchiveUnit id="ID23"><ArchiveUnitRefId>ID22</ArchiveUnitRefId></ArchiveUnit><ArchiveUnit id="ID27"><ArchiveUnitRefId>ID26</ArchiveUnitRefId></ArchiveUnit></ArchiveUnit><ArchiveUnit id="ID6"><Content><DescriptionLevel>Item</DescriptionLevel><Title>interdum nec venenatis vitae</Title><Description>Ut iaculis tellus nec commodo rutrum</Description><TransactedDate>2013-10-10T04:09:06</TransactedDate></Content><DataObjectReference><DataObjectGroupReferenceId>ID4</DataObjectGroupReferenceId></DataObjectReference></ArchiveUnit><ArchiveUnit id="ID10"><Content><DescriptionLevel>Item</DescriptionLevel><Title> Ut dolor dui, commodo non nulla dapibus</Title><Description>Nulla facilisi. In at vulputate enim, quis feugiat nunc.</Description><TransactedDate>2013-10-10T04:28:32</TransactedDate></Content><DataObjectReference><DataObjectGroupReferenceId>ID8</DataObjectGroupReferenceId></DataObjectReference></ArchiveUnit><ArchiveUnit id="ID14"><Content><DescriptionLevel>Item</DescriptionLevel><Title>Praesent eleifend urna arcu.</Title><Description>Aenean dapibus nibh eleifend convallis varius.</Description><TransactedDate>2013-10-10T04:52:44</TransactedDate></Content><DataObjectReference><DataObjectGroupReferenceId>ID12</DataObjectGroupReferenceId></DataObjectReference></ArchiveUnit><ArchiveUnit id="ID18"><Content><DescriptionLevel>Item</DescriptionLevel><Title> Phasellus in nisi blandit</Title><Description>Maecenas et quam a nisl convallis ultricies ac eget est. Donec rhoncus blandit sem, tincidunt sagittis lorem fermentum sed.</Description><TransactedDate>2013-10-10T05:02:32</TransactedDate></Content><DataObjectReference><DataObjectGroupReferenceId>ID16</DataObjectGroupReferenceId></DataObjectReference></ArchiveUnit><ArchiveUnit id="ID22"><Content><DescriptionLevel>Item</DescriptionLevel><Title> Nulla facilisi. In at vulputate enim</Title><Description>In bibendum, turpis eu condimentum iaculis, sem justo bibendum leo, ut consequat mi turpis a ipsum. Lorem ipsum dolor sit amet, consectetur adipiscing elit.</Description><TransactedDate>2011-05-10T16:19:48</TransactedDate></Content><DataObjectReference><DataObjectGroupReferenceId>ID20</DataObjectGroupReferenceId></DataObjectReference></ArchiveUnit><ArchiveUnit id="ID26"><Content><DescriptionLevel>Item</DescriptionLevel><Title>ommodo non nulla dapibus, ornare viverra ipsum. Nam eget metus a urna mollis convallis ac sit amet ante. Mauris accumsan facilisis lobortis. Praesent eleife</Title><Description>Suspendisse maximus nibh id imperdiet volutpat. Ut euismod sem vel felis efficitur, in sodales orci auctor. Aenean vulputate molestie semper.</Description><TransactedDate>2011-05-10T16:19:56</TransactedDate></Content><DataObjectReference><DataObjectGroupReferenceId>ID24</DataObjectGroupReferenceId></DataObjectReference></ArchiveUnit></DescriptiveMetadata><ManagementMetadata><OriginatingAgencyIdentifier>Vitam</OriginatingAgencyIdentifier><SubmissionAgencyIdentifier>Vitam</SubmissionAgencyIdentifier></ManagementMetadata></DataObjectPackage><ArchivalAgency><Identifier>Identifier4</Identifier></ArchivalAgency><TransferringAgency><Identifier>Identifier5</Identifier></TransferringAgency></ArchiveTransfer>
