<?xml version="1.0" ?>
<ArchiveTransfer xmlns:xsi="http://www.w3.org/2001/XMLSchema-instance"
 xsi:schemaLocation="fr:gouv:culture:archivesdefrance:seda:v2.0 file:/Z:/espacePOBA/SEDA/Version_definitive_publiee/seda-2.0-main.xsd"
 xmlns="fr:gouv:culture:archivesdefrance:seda:v2.0" xmlns:xlink="http://www.w3.org/1999/xlink"
 xmlns:pr="info:lc/xmlns/premis-v2" xml:id="ID1">
    <Comment>SIP pour test story 878 - incohérence des PUID</Comment>
    <Date>2016-10-17T12:27:19</Date>
    <MessageIdentifier>20161012002</MessageIdentifier>
    <ArchivalAgreement>ArchivalAgreement0</ArchivalAgreement>
    <CodeListVersions>
        <ReplyCodeListVersion>ReplyCodeListVersion0</ReplyCodeListVersion>
        <MessageDigestAlgorithmCodeListVersion>MessageDigestAlgorithmCodeListVersion0</MessageDigestAlgorithmCodeListVersion>
        <MimeTypeCodeListVersion>MimeTypeCodeListVersion0</MimeTypeCodeListVersion>
        <EncodingCodeListVersion>EncodingCodeListVersion0</EncodingCodeListVersion>
        <FileFormatCodeListVersion>FileFormatCodeListVersion0</FileFormatCodeListVersion>
        <CompressionAlgorithmCodeListVersion>CompressionAlgorithmCodeListVersion0</CompressionAlgorithmCodeListVersion>
        <DataObjectVersionCodeListVersion>DataObjectVersionCodeListVersion0</DataObjectVersionCodeListVersion>
        <StorageRuleCodeListVersion>StorageRuleCodeListVersion0</StorageRuleCodeListVersion>
        <AppraisalRuleCodeListVersion>AppraisalRuleCodeListVersion0</AppraisalRuleCodeListVersion>
        <AccessRuleCodeListVersion>AccessRuleCodeListVersion0</AccessRuleCodeListVersion>
        <DisseminationRuleCodeListVersion>DisseminationRuleCodeListVersion0</DisseminationRuleCodeListVersion>
        <ReuseRuleCodeListVersion>ReuseRuleCodeListVersion0</ReuseRuleCodeListVersion>
        <ClassificationRuleCodeListVersion>ClassificationRuleCodeListVersion0</ClassificationRuleCodeListVersion>
        <AuthorizationReasonCodeListVersion>AuthorizationReasonCodeListVersion0</AuthorizationReasonCodeListVersion>
        <RelationshipCodeListVersion>RelationshipCodeListVersion0</RelationshipCodeListVersion>
    </CodeListVersions>
    <DataObjectPackage xml:id="ID2">
        <DescriptiveMetadata>
            <ArchiveUnit id="ID3">
				<Content>
                    <DescriptionLevel>RecordGrp</DescriptionLevel>
                    <Title>SIP arborescent</Title>
                    <Description>C:\Users\edouard.vasseur\Desktop\SIP arborescent</Description>
                    <StartDate>2016-10-12T17:24:00</StartDate>
                    <EndDate>2016-10-12T17:24:00</EndDate>
                </Content>
                <ArchiveUnit id="ID5">
                    <ArchiveUnitRefId>ID4</ArchiveUnitRefId>
                </ArchiveUnit>
            </ArchiveUnit>
            <ArchiveUnit id="ID4">
                <Content>
                    <DescriptionLevel>RecordGrp</DescriptionLevel>
                    <Title>Europe</Title>
                    <Description>C:\Users\edouard.vasseur\Desktop\SIP
                        arborescent\Europe</Description>
                    <StartDate>2016-10-12T17:24:00</StartDate>
                    <EndDate>2016-10-12T17:24:00</EndDate>
                </Content>
                <ArchiveUnit id="ID7">
                    <ArchiveUnitRefId>ID6</ArchiveUnitRefId>
                </ArchiveUnit>
            </ArchiveUnit>
            <ArchiveUnit id="ID6">
                <Content>
                    <DescriptionLevel>RecordGrp</DescriptionLevel>
                    <Title>Europe occidentale</Title>
                    <Description>C:\Users\edouard.vasseur\Desktop\SIP arborescent\Europe\Europe
                        occidentale</Description>
                    <StartDate>2016-10-12T17:24:00</StartDate>
                    <EndDate>2016-10-12T17:24:00</EndDate>
                </Content>
                <ArchiveUnit id="ID9">
                    <ArchiveUnitRefId>ID8</ArchiveUnitRefId>
                </ArchiveUnit>
            </ArchiveUnit>
            <ArchiveUnit id="ID8">
                <Content>
                    <DescriptionLevel>RecordGrp</DescriptionLevel>
                    <Title>Espagne</Title>
                    <Description>C:\Users\edouard.vasseur\Desktop\SIP arborescent\Europe\Europe
                        occidentale\Espagne</Description>
                    <StartDate>2016-10-12T17:24:00</StartDate>
                    <EndDate>2016-10-12T17:24:00</EndDate>
                </Content>
                <ArchiveUnit id="ID11">
                    <ArchiveUnitRefId>ID10</ArchiveUnitRefId>
                </ArchiveUnit>
            </ArchiveUnit>
            <ArchiveUnit id="ID10">
                <Content>
                    <DescriptionLevel>RecordGrp</DescriptionLevel>
                    <Title>Affaires politiques</Title>
                    <Description>C:\Users\edouard.vasseur\Desktop\SIP arborescent\Europe\Europe
                        occidentale\Espagne\Affaires politiques</Description>
                    <StartDate>2016-10-12T17:24:00</StartDate>
                    <EndDate>2016-10-12T17:24:00</EndDate>
                </Content>
                <ArchiveUnit id="ID13">
                    <ArchiveUnitRefId>ID12</ArchiveUnitRefId>
                </ArchiveUnit>
            </ArchiveUnit>
            <ArchiveUnit id="ID12">
                <Content>
                    <DescriptionLevel>RecordGrp</DescriptionLevel>
                    <Title>Elections</Title>
                    <Description>C:\Users\edouard.vasseur\Desktop\SIP arborescent\Europe\Europe
                        occidentale\Espagne\Affaires politiques\Elections</Description>
                    <StartDate>2016-10-12T17:24:00</StartDate>
                    <EndDate>2016-10-12T17:24:00</EndDate>
                </Content>
                <ArchiveUnit id="ID15">
                    <ArchiveUnitRefId>ID14</ArchiveUnitRefId>
                </ArchiveUnit>
            </ArchiveUnit>
            <ArchiveUnit id="ID14">
                <Content>
                    <DescriptionLevel>RecordGrp</DescriptionLevel>
                    <Title>Cortes</Title>
                    <Description>C:\Users\edouard.vasseur\Desktop\SIP arborescent\Europe\Europe
                        occidentale\Espagne\Affaires politiques\Elections\Cortes</Description>
                    <StartDate>2016-10-12T17:24:00</StartDate>
                    <EndDate>2016-10-12T17:24:00</EndDate>
                </Content>
                <ArchiveUnit id="ID17">
                    <ArchiveUnitRefId>ID16</ArchiveUnitRefId>
                </ArchiveUnit>
            </ArchiveUnit>
            <ArchiveUnit id="ID16">
                <Content>
                    <DescriptionLevel>RecordGrp</DescriptionLevel>
                    <Title>2016</Title>
                    <Description>C:\Users\edouard.vasseur\Desktop\SIP arborescent\Europe\Europe
                        occidentale\Espagne\Affaires politiques\Elections\Cortes\2016</Description>
                    <StartDate>2016-10-12T17:24:00</StartDate>
                    <EndDate>2016-10-12T17:24:00</EndDate>
                </Content>
                <ArchiveUnit id="ID19">
                    <ArchiveUnitRefId>ID18</ArchiveUnitRefId>
                </ArchiveUnit>
            </ArchiveUnit>
            <ArchiveUnit id="ID18">
                <Content>
                    <DescriptionLevel>RecordGrp</DescriptionLevel>
                    <Title>juin</Title>
                    <Description>C:\Users\edouard.vasseur\Desktop\SIP arborescent\Europe\Europe
                        occidentale\Espagne\Affaires
                        politiques\Elections\Cortes\2016\juin</Description>
                    <StartDate>2016-10-12T17:24:00</StartDate>
                    <EndDate>2016-10-12T17:24:00</EndDate>
                </Content>
                <ArchiveUnit id="ID21">
                    <ArchiveUnitRefId>ID20</ArchiveUnitRefId>
                </ArchiveUnit>
            </ArchiveUnit>
            <ArchiveUnit id="ID20">
                <Content>
                    <DescriptionLevel>RecordGrp</DescriptionLevel>
                    <Title>PP</Title>
                    <Description>C:\Users\edouard.vasseur\Desktop\SIP arborescent\Europe\Europe
                        occidentale\Espagne\Affaires
                        politiques\Elections\Cortes\2016\juin\PP</Description>
                    <StartDate>2016-10-12T17:24:00</StartDate>
                    <EndDate>2016-10-12T17:24:00</EndDate>
                </Content>
                <ArchiveUnit id="ID23">
                    <ArchiveUnitRefId>ID22</ArchiveUnitRefId>
                </ArchiveUnit>
            </ArchiveUnit>
            <ArchiveUnit id="ID22">
                <Content>
                    <DescriptionLevel>RecordGrp</DescriptionLevel>
                    <Title>liste des candidats</Title>
                    <Description>C:\Users\edouard.vasseur\Desktop\SIP arborescent\Europe\Europe
                        occidentale\Espagne\Affaires politiques\Elections\Cortes\2016\juin\PP\liste
                        des candidats</Description>
                    <StartDate>2016-10-12T17:24:00</StartDate>
                    <EndDate>2016-10-12T17:24:00</EndDate>
                </Content>
                <ArchiveUnit id="ID25">
                    <ArchiveUnitRefId>ID24</ArchiveUnitRefId>
                </ArchiveUnit>
            </ArchiveUnit>
            <ArchiveUnit id="ID24">
                <Content>
                    <DescriptionLevel>RecordGrp</DescriptionLevel>
                    <Title>Catalogne</Title>
                    <Description>C:\Users\edouard.vasseur\Desktop\SIP arborescent\Europe\Europe
                        occidentale\Espagne\Affaires politiques\Elections\Cortes\2016\juin\PP\liste
                        des candidats\Catalogne</Description>
                    <StartDate>2016-10-12T17:24:00</StartDate>
                    <EndDate>2016-10-12T17:24:00</EndDate>
                </Content>
                <ArchiveUnit id="ID29">
                    <ArchiveUnitRefId>ID28</ArchiveUnitRefId>
                </ArchiveUnit>
            </ArchiveUnit>
            <ArchiveUnit id="ID28">
                <Content>
                    <DescriptionLevel>Item</DescriptionLevel>
                    <Title>20161012_test_SIP.ods</Title>
                    <Description>Pseudo Archive Unit du fichier
                        :C:\Users\edouard.vasseur\Desktop\SIP arborescent\Europe\Europe
                        occidentale\Espagne\Affaires politiques\Elections\Cortes\2016\juin\PP\liste
                        des candidats\Catalogne\20161012_test_SIP.ods</Description>
                    <TransactedDate>2016-10-12T17:24:00</TransactedDate>
                </Content>
				<DataObjectGroup>
					<DataObjectGroupExistingReferenceId>aedqaaaaacgcoq2uaauoeak5oupmi6aaaabq</DataObjectGroupExistingReferenceId>
				</DataObjectGroup>
            </ArchiveUnit>
        </DescriptiveMetadata>
        <ManagementMetadata>
            <OriginatingAgencyIdentifier>FRAN_NP_050239</OriginatingAgencyIdentifier>
            <SubmissionAgencyIdentifier>FRAN_NP_050239</SubmissionAgencyIdentifier>
        </ManagementMetadata>
    </DataObjectPackage>
    <ArchivalAgency>
        <Identifier>Identifier4</Identifier>
    </ArchivalAgency>
    <TransferringAgency>
        <Identifier>Identifier5</Identifier>
    </TransferringAgency>
</ArchiveTransfer>
