<?xml version="1.0" ?>
<ArchiveTransfer xmlns:xsi="http://www.w3.org/2001/XMLSchema-instance"
 xsi:schemaLocation="fr:gouv:culture:archivesdefrance:seda:v2.0 file:/Z:/espacePOBA/SEDA/Version_definitive_publiee/seda-2.0-main.xsd"
 xmlns="fr:gouv:culture:archivesdefrance:seda:v2.0" xmlns:xlink="http://www.w3.org/1999/xlink"
 xmlns:pr="info:lc/xmlns/premis-v2" xml:id="ID1">
    <Comment>2eme SIP</Comment>
    <Date>2016-10-20T12:51:29</Date>
    <MessageIdentifier>MessageIdentifier0</MessageIdentifier>
    <ArchivalAgreement>ArchivalAgreement0</ArchivalAgreement>
    <CodeListVersions>
        <ReplyCodeListVersion>ReplyCodeListVersion0</ReplyCodeListVersion>
        <MessageDigestAlgorithmCodeListVersion>MessageDigestAlgorithmCodeListVersion0</MessageDigestAlgorithmCodeListVersion>
        <MimeTypeCodeListVersion>MimeTypeCodeListVersion0</MimeTypeCodeListVersion>
        <EncodingCodeListVersion>EncodingCodeListVersion0</EncodingCodeListVersion>
        <FileFormatCodeListVersion>FileFormatCodeListVersion0</FileFormatCodeListVersion>
        <CompressionAlgorithmCodeListVersion>CompressionAlgorithmCodeListVersion0</CompressionAlgorithmCodeListVersion>
        <DataObjectVersionCodeListVersion>DataObjectVersionCodeListVersion0</DataObjectVersionCodeListVersion>
        <StorageRuleCodeListVersion>StorageRuleCodeListVersion0</StorageRuleCodeListVersion>
        <AppraisalRuleCodeListVersion>AppraisalRuleCodeListVersion0</AppraisalRuleCodeListVersion>
        <AccessRuleCodeListVersion>AccessRuleCodeListVersion0</AccessRuleCodeListVersion>
        <DisseminationRuleCodeListVersion>DisseminationRuleCodeListVersion0</DisseminationRuleCodeListVersion>
        <ReuseRuleCodeListVersion>ReuseRuleCodeListVersion0</ReuseRuleCodeListVersion>
        <ClassificationRuleCodeListVersion>ClassificationRuleCodeListVersion0</ClassificationRuleCodeListVersion>
        <AuthorizationReasonCodeListVersion>AuthorizationReasonCodeListVersion0</AuthorizationReasonCodeListVersion>
        <RelationshipCodeListVersion>RelationshipCodeListVersion0</RelationshipCodeListVersion>
    </CodeListVersions>
    <DataObjectPackage xml:id="ID2">
        <BinaryDataObject id="ID7">
            <DataObjectGroupId>ID6</DataObjectGroupId>
            <DataObjectVersion>BinaryMaster</DataObjectVersion>
            <Uri>Content/ID7.odt</Uri>
            <MessageDigest algorithm="SHA-512"
                >0a72b70c18d2063ee346863092ca13aa32043548e8571e42f55e44632e7159701d74aec8d19a10a5c0e0b9274f48118ad89bf446427a302ab08cbdb9b7448612</MessageDigest>
            <Size>52195</Size>
            <FormatIdentification>
                <FormatLitteral>OpenDocument Text</FormatLitteral>
                <MimeType>application/vnd.oasis.opendocument.text</MimeType>
                <FormatId>fmt/291</FormatId>
            </FormatIdentification>
            <FileInfo>
                <Filename>AMOA_archivage_numerique_PM_SOLON_20140207_v2.odt</Filename>
                <LastModified>2016-05-31T18:17:53.000+02:00</LastModified>
            </FileInfo>
        </BinaryDataObject>
        <BinaryDataObject id="ID11">
            <DataObjectGroupId>ID10</DataObjectGroupId>
            <DataObjectVersion>BinaryMaster</DataObjectVersion>
            <Uri>Content/ID11.odt</Uri>
            <MessageDigest algorithm="SHA-512"
                >4460039ff8ba43f86abb21ac11a6b3f581859405e26fe12742c6e6f4bc74e3f1c5f8d73a6d30131b491a82fd27f2e42ee3cb07318a6db216cb5c75bf889c0ff6</MessageDigest>
            <Size>81777</Size>
            <FormatIdentification>
                <FormatLitteral>OpenDocument Text</FormatLitteral>
                <MimeType>application/vnd.oasis.opendocument.text</MimeType>
                <FormatId>fmt/291</FormatId>
            </FormatIdentification>
            <FileInfo>
                <Filename>20160531_journal des entrées.odt</Filename>
                <LastModified>2016-05-31T18:18:20.000+02:00</LastModified>
            </FileInfo>
        </BinaryDataObject>
        <BinaryDataObject id="ID17">
            <DataObjectGroupId>ID16</DataObjectGroupId>
            <DataObjectVersion>BinaryMaster</DataObjectVersion>
            <Uri>Content/ID17.odt</Uri>
            <MessageDigest algorithm="SHA-512"
                >f6f0f9cbfba790aeb04d1b4994063db6d48a7308bd2ecb9263eb12aafdb8149cc160752e8914bba5e2a115ee68e6a3f8a8804a976be38fd67ccd0edba8cc9c3b</MessageDigest>
            <Size>68191</Size>
            <FormatIdentification>
                <FormatLitteral>OpenDocument Text</FormatLitteral>
                <MimeType>application/vnd.oasis.opendocument.text</MimeType>
                <FormatId>fmt/291</FormatId>
            </FormatIdentification>
            <FileInfo>
                <Filename>20160524_Tech-design.odt</Filename>
                <LastModified>2016-05-25T12:05:11.000+02:00</LastModified>
            </FileInfo>
        </BinaryDataObject>
        <BinaryDataObject id="ID21">
            <DataObjectGroupId>ID20</DataObjectGroupId>
            <DataObjectVersion>BinaryMaster</DataObjectVersion>
            <Uri>Content/ID21.txt</Uri>
            <MessageDigest algorithm="SHA-512"
                >8a56889ea5c2be6bd1209d50aba7405bbefefef0b6f1eb290c4caeec57e589be735393ff5175f27fa7c9f4b38352dad58bb7757ecd0515612a17399da76ed367</MessageDigest>
            <Size>1536</Size>
            <FormatIdentification>
                <FormatLitteral>Plain Text File</FormatLitteral>
                <MimeType>text/plain</MimeType>
                <FormatId>x-fmt/111</FormatId>
            </FormatIdentification>
            <FileInfo>
                <Filename>20160609_Tech-design.txt</Filename>
                <LastModified>2016-06-09T17:55:55.000+02:00</LastModified>
            </FileInfo>
        </BinaryDataObject>
        <BinaryDataObject id="ID27">
            <DataObjectGroupId>ID26</DataObjectGroupId>
            <DataObjectVersion>BinaryMaster</DataObjectVersion>
            <Uri>Content/ID27.pdf</Uri>
            <MessageDigest algorithm="SHA-512"
                >57312495aa8212cc7615dc4982986fa082be75e665a335e90b7188d82f8d7d72448a19b221a544644fbcd9766b5465c4ef45095a05d13f0e8ee6948779da0dff</MessageDigest>
            <Size>45752</Size>
            <FormatIdentification>
                <FormatLitteral>Acrobat PDF 1.4 - Portable Document Format</FormatLitteral>
                <MimeType>application/pdf</MimeType>
                <FormatId>fmt/18</FormatId>
            </FormatIdentification>
            <FileInfo>
                <Filename>Suivi des opérations d'entrées vs. recherche via registre des
                    fonds.pdf</Filename>
                <LastModified>2016-08-05T09:28:15.000+02:00</LastModified>
            </FileInfo>
        </BinaryDataObject>
        <BinaryDataObject id="ID33">
            <DataObjectGroupId>ID32</DataObjectGroupId>
            <DataObjectVersion>BinaryMaster</DataObjectVersion>
            <Uri>Content/ID33.odt</Uri>
            <MessageDigest algorithm="SHA-512"
                >b4ce0cc7826e1e7bb9a51f3e6cea19911a6e25897a2787b013424ece6a8ff9d63a31d9ca674a5ce0074ed3925c5f05a2f5dd908e5188dc973f3c19f33b1a70a1</MessageDigest>
            <Size>251686</Size>
            <FormatIdentification>
                <FormatLitteral>OpenDocument Text</FormatLitteral>
                <MimeType>application/vnd.oasis.opendocument.text</MimeType>
                <FormatId>fmt/291</FormatId>
            </FormatIdentification>
            <FileInfo>
                <Filename>manuel_utilisateur_IHM.odt</Filename>
                <LastModified>2016-06-03T15:28:00.000+02:00</LastModified>
            </FileInfo>
        </BinaryDataObject>
        <BinaryDataObject id="ID37">
            <DataObjectGroupId>ID36</DataObjectGroupId>
            <DataObjectVersion>BinaryMaster</DataObjectVersion>
            <Uri>Content/ID37.odp</Uri>
            <MessageDigest algorithm="MD5">56fadbd574157cf1299f615b6d90e5a8</MessageDigest>
            <Size>655180</Size>
            <FormatIdentification>
                <FormatLitteral>OpenDocument Presentation</FormatLitteral>
                <MimeType>application/vnd.oasis.opendocument.presentation</MimeType>
                <FormatId>fmt/293</FormatId>
            </FormatIdentification>
            <FileInfo>
                <Filename>NP_Vitam_beta-IT08-demostakeholders_20160922.odp</Filename>
                <LastModified>2016-09-23T11:21:22.000+02:00</LastModified>
            </FileInfo>
        </BinaryDataObject>
        <BinaryDataObject id="ID43">
            <DataObjectGroupId>ID42</DataObjectGroupId>
            <DataObjectVersion>BinaryMaster</DataObjectVersion>
            <Uri>Content/ID43.ods</Uri>
            <MessageDigest algorithm="SHA-512"
                >6e90c9d6810564df0f76f4f88d6f31182655e882cf76d4770b3986f1c309011e04c17cd8cf859ba944fc7dc382ca8f1921f8c58fa3b473fa237d454b8b2cc9ea</MessageDigest>
            <Size>18568</Size>
            <FormatIdentification>
                <FormatLitteral>OpenDocument Spreadsheet</FormatLitteral>
                <MimeType>application/vnd.oasis.opendocument.spreadsheet</MimeType>
                <FormatId>fmt/295</FormatId>
            </FormatIdentification>
            <FileInfo>
                <Filename>testnommage.ods</Filename>
                <LastModified>2016-10-19T17:45:18.000+02:00</LastModified>
            </FileInfo>
        </BinaryDataObject>
        <BinaryDataObject id="ID49">
            <DataObjectGroupId>ID48</DataObjectGroupId>
            <DataObjectVersion>BinaryMaster</DataObjectVersion>
            <Uri>Content/ID49.odt</Uri>
            <MessageDigest algorithm="SHA-512"
                >0f1de441a7d44a277e265eb741e748ea18c96a59c8c0385f938b9768a42e375716dfa3b20cc1259056365aa0d3541f6128389ad60c8effbdc63b94df9a2e02bb</MessageDigest>
            <Size>50873</Size>
            <FormatIdentification>
                <FormatLitteral>OpenDocument Text</FormatLitteral>
                <MimeType>application/vnd.oasis.opendocument.text</MimeType>
                <FormatId>fmt/291</FormatId>
            </FormatIdentification>
            <FileInfo>
                <Filename>20160525_sprintplanning.odt</Filename>
                <LastModified>2016-05-30T14:06:51.000+02:00</LastModified>
            </FileInfo>
        </BinaryDataObject>
        <BinaryDataObject id="ID53">
            <DataObjectGroupId>ID52</DataObjectGroupId>
            <DataObjectVersion>BinaryMaster</DataObjectVersion>
            <Uri>Content/ID53.odt</Uri>
            <MessageDigest algorithm="SHA-512"
                >a3077c531007f1ec5f8bc34bf4a7cf9c2c51ef83cb647cd5903d400bc1768b0fa0ca714e93be4bb9c5a245b668914a3364ee0def01ef8719eed5488e0e21020e</MessageDigest>
            <Size>42196</Size>
            <FormatIdentification>
                <FormatLitteral>OpenDocument Text</FormatLitteral>
                <MimeType>application/vnd.oasis.opendocument.text</MimeType>
                <FormatId>fmt/291</FormatId>
            </FormatIdentification>
            <FileInfo>
                <Filename>20160606_user_stories.odt</Filename>
                <LastModified>2016-06-08T10:16:16.000+02:00</LastModified>
            </FileInfo>
        </BinaryDataObject>
        <DescriptiveMetadata>
            <ArchiveUnit id="ID3">
                <Content>
                    <DescriptionLevel>RecordGrp</DescriptionLevel>
                    <Title>arborescence_rateau</Title>
                    <Description>/tmp/arborescence_rateau</Description>
                    <StartDate>2016-05-25T12:05:11</StartDate>
                    <EndDate>2016-10-19T17:45:18</EndDate>
                </Content>
                <ArchiveUnit id="ID5">
                    <ArchiveUnitRefId>ID4</ArchiveUnitRefId>
                </ArchiveUnit>
                <ArchiveUnit id="ID15">
                    <ArchiveUnitRefId>ID14</ArchiveUnitRefId>
                </ArchiveUnit>
                <ArchiveUnit id="ID25">
                    <ArchiveUnitRefId>ID24</ArchiveUnitRefId>
                </ArchiveUnit>
                <ArchiveUnit id="ID31">
                    <ArchiveUnitRefId>ID30</ArchiveUnitRefId>
                </ArchiveUnit>
                <ArchiveUnit id="ID41">
                    <ArchiveUnitRefId>ID40</ArchiveUnitRefId>
                </ArchiveUnit>
                <ArchiveUnit id="ID47">
                    <ArchiveUnitRefId>ID46</ArchiveUnitRefId>
                </ArchiveUnit>
            </ArchiveUnit>
            <ArchiveUnit id="ID4">
                <Content>
                    <DescriptionLevel>RecordGrp</DescriptionLevel>
                    <Title>dossier_2</Title>
                    <Description>/tmp/arborescence_rateau/dossier_2</Description>
                    <StartDate>2016-05-31T18:17:53</StartDate>
                    <EndDate>2016-05-31T18:18:20</EndDate>
                </Content>
                <ArchiveUnit id="ID9">
                    <ArchiveUnitRefId>ID8</ArchiveUnitRefId>
                </ArchiveUnit>
                <ArchiveUnit id="ID13">
                    <ArchiveUnitRefId>ID12</ArchiveUnitRefId>
                </ArchiveUnit>
            </ArchiveUnit>
            <ArchiveUnit id="ID8">
                <Content>
                    <DescriptionLevel>Item</DescriptionLevel>
                    <Title>AMOA_archivage_numerique_PM_SOLON_20140207_v2.odt</Title>
                    <Description>Pseudo Archive Unit du fichier
                        :/tmp/arborescence_rateau/dossier_2/AMOA_archivage_numerique_PM_SOLON_20140207_v2.odt</Description>
                    <TransactedDate>2016-05-31T18:17:53</TransactedDate>
                </Content>
                <DataObjectReference>
                    <DataObjectGroupReferenceId>ID6</DataObjectGroupReferenceId>
                </DataObjectReference>
            </ArchiveUnit>
            <ArchiveUnit id="ID12">
                <Content>
                    <DescriptionLevel>Item</DescriptionLevel>
                    <Title>20160531_journal des entrées.odt</Title>
                    <Description>Pseudo Archive Unit du fichier
                        :/tmp/arborescence_rateau/dossier_2/20160531_journal des
                        entrées.odt</Description>
                    <TransactedDate>2016-05-31T18:18:20</TransactedDate>
                </Content>
                <DataObjectReference>
                    <DataObjectGroupReferenceId>ID10</DataObjectGroupReferenceId>
                </DataObjectReference>
            </ArchiveUnit>
            <ArchiveUnit id="ID14">
                <Content>
                    <DescriptionLevel>RecordGrp</DescriptionLevel>
                    <Title>dossier_4</Title>
                    <Description>/tmp/arborescence_rateau/dossier_4</Description>
                    <StartDate>2016-05-25T12:05:11</StartDate>
                    <EndDate>2016-06-09T17:55:55</EndDate>
                </Content>
                <ArchiveUnit id="ID19">
                    <ArchiveUnitRefId>ID18</ArchiveUnitRefId>
                </ArchiveUnit>
                <ArchiveUnit id="ID23">
                    <ArchiveUnitRefId>ID22</ArchiveUnitRefId>
                </ArchiveUnit>
            </ArchiveUnit>
            <ArchiveUnit id="ID18">
                <Content>
                    <DescriptionLevel>Item</DescriptionLevel>
                    <Title>20160524_Tech-design.odt</Title>
                    <Description>Pseudo Archive Unit du fichier
                        :/tmp/arborescence_rateau/dossier_4/20160524_Tech-design.odt</Description>
                    <TransactedDate>2016-05-25T12:05:11</TransactedDate>
                </Content>
                <DataObjectReference>
                    <DataObjectGroupReferenceId>ID16</DataObjectGroupReferenceId>
                </DataObjectReference>
            </ArchiveUnit>
            <ArchiveUnit id="ID22">
                <Content>
                    <DescriptionLevel>Item</DescriptionLevel>
                    <Title>20160609_Tech-design.txt</Title>
                    <Description>Pseudo Archive Unit du fichier
                        :/tmp/arborescence_rateau/dossier_4/20160609_Tech-design.txt</Description>
                    <TransactedDate>2016-06-09T17:55:55</TransactedDate>
                </Content>
                <DataObjectReference>
                    <DataObjectGroupReferenceId>ID20</DataObjectGroupReferenceId>
                </DataObjectReference>
            </ArchiveUnit>
            <ArchiveUnit id="ID24">
                <Content>
                    <DescriptionLevel>RecordGrp</DescriptionLevel>
                    <Title>dossier_1</Title>
                    <Description>/tmp/arborescence_rateau/dossier_1</Description>
                    <StartDate>2016-08-05T09:28:15</StartDate>
                    <EndDate>2016-08-05T09:28:15</EndDate>
                </Content>
                <ArchiveUnit id="ID29">
                    <ArchiveUnitRefId>ID28</ArchiveUnitRefId>
                </ArchiveUnit>
            </ArchiveUnit>
            <ArchiveUnit id="ID28">
                <Content>
                    <DescriptionLevel>Item</DescriptionLevel>
                    <Title>Suivi des opérations d'entrées vs. recherche via registre des
                        fonds.pdf</Title>
                    <Description>Pseudo Archive Unit du fichier
                        :/tmp/arborescence_rateau/dossier_1/Suivi des opérations d'entrées vs.
                        recherche via registre des fonds.pdf</Description>
                    <TransactedDate>2016-08-05T09:28:15</TransactedDate>
                </Content>
                <DataObjectReference>
                    <DataObjectGroupReferenceId>ID26</DataObjectGroupReferenceId>
                </DataObjectReference>
            </ArchiveUnit>
            <ArchiveUnit id="ID30">
                <Content>
                    <DescriptionLevel>RecordGrp</DescriptionLevel>
                    <Title>dossier_5</Title>
                    <Description>/tmp/arborescence_rateau/dossier_5</Description>
                    <StartDate>2016-06-03T15:28:00</StartDate>
                    <EndDate>2016-09-23T11:21:22</EndDate>
                </Content>
                <ArchiveUnit id="ID35">
                    <ArchiveUnitRefId>ID34</ArchiveUnitRefId>
                </ArchiveUnit>
                <ArchiveUnit id="ID39">
                    <ArchiveUnitRefId>ID38</ArchiveUnitRefId>
                </ArchiveUnit>
            </ArchiveUnit>
            <ArchiveUnit id="ID34">
                <Content>
                    <DescriptionLevel>Item</DescriptionLevel>
                    <Title>manuel_utilisateur_IHM.odt</Title>
                    <Description>Pseudo Archive Unit du fichier
                        :/tmp/arborescence_rateau/dossier_5/manuel_utilisateur_IHM.odt</Description>
                    <TransactedDate>2016-06-03T15:28:00</TransactedDate>
                </Content>
                <DataObjectReference>
                    <DataObjectGroupReferenceId>ID32</DataObjectGroupReferenceId>
                </DataObjectReference>
            </ArchiveUnit>
            <ArchiveUnit id="ID38">
                <Content>
                    <DescriptionLevel>Item</DescriptionLevel>
                    <Title>NP_Vitam_beta-IT08-demostakeholders_20160922.odp</Title>
                    <Description>Pseudo Archive Unit du fichier
                        :/tmp/arborescence_rateau/dossier_5/NP_Vitam_beta-IT08-demostakeholders_20160922.odp</Description>
                    <TransactedDate>2016-09-23T11:21:22</TransactedDate>
                </Content>
                <DataObjectReference>
                    <DataObjectGroupReferenceId>ID36</DataObjectGroupReferenceId>
                </DataObjectReference>
            </ArchiveUnit>
            <ArchiveUnit id="ID40">
                <Content>
                    <DescriptionLevel>RecordGrp</DescriptionLevel>
                    <Title>dossier_6</Title>
                    <Description>/tmp/arborescence_rateau/dossier_6</Description>
                    <StartDate>2016-10-19T17:45:18</StartDate>
                    <EndDate>2016-10-19T17:45:18</EndDate>
                </Content>
                <ArchiveUnit id="ID45">
                    <ArchiveUnitRefId>ID44</ArchiveUnitRefId>
                </ArchiveUnit>
            </ArchiveUnit>
            <ArchiveUnit id="ID44">
                <Content>
                    <DescriptionLevel>Item</DescriptionLevel>
                    <Title>testnommage.ods</Title>
                    <Description>Pseudo Archive Unit du fichier
                        :/tmp/arborescence_rateau/dossier_6/testnommage.ods</Description>
                    <TransactedDate>2016-10-19T17:45:18</TransactedDate>
                </Content>
                <DataObjectReference>
                    <DataObjectGroupReferenceId>ID42</DataObjectGroupReferenceId>
                </DataObjectReference>
            </ArchiveUnit>
            <ArchiveUnit id="ID46">
                <Content>
                    <DescriptionLevel>RecordGrp</DescriptionLevel>
                    <Title>dossier_3</Title>
                    <Description>/tmp/arborescence_rateau/dossier_3</Description>
                    <StartDate>2016-05-30T14:06:51</StartDate>
                    <EndDate>2016-06-08T10:16:16</EndDate>
                </Content>
                <ArchiveUnit id="ID51">
                    <ArchiveUnitRefId>ID50</ArchiveUnitRefId>
                </ArchiveUnit>
                <ArchiveUnit id="ID55">
                    <ArchiveUnitRefId>ID54</ArchiveUnitRefId>
                </ArchiveUnit>
            </ArchiveUnit>
            <ArchiveUnit id="ID50">
                <Content>
                    <DescriptionLevel>Item</DescriptionLevel>
                    <Title>20160525_sprintplanning.odt</Title>
                    <Description>Pseudo Archive Unit du fichier
                        :/tmp/arborescence_rateau/dossier_3/20160525_sprintplanning.odt</Description>
                    <TransactedDate>2016-05-30T14:06:51</TransactedDate>
                </Content>
                <DataObjectReference>
                    <DataObjectGroupReferenceId>ID48</DataObjectGroupReferenceId>
                </DataObjectReference>
            </ArchiveUnit>
            <ArchiveUnit id="ID54">
                <Content>
                    <DescriptionLevel>Item</DescriptionLevel>
                    <Title>20160606_user_stories.odt</Title>
                    <Description>Pseudo Archive Unit du fichier
                        :/tmp/arborescence_rateau/dossier_3/20160606_user_stories.odt</Description>
                    <TransactedDate>2016-06-08T10:16:16</TransactedDate>
                </Content>
                <DataObjectReference>
                    <DataObjectGroupReferenceId>ID52</DataObjectGroupReferenceId>
                </DataObjectReference>
            </ArchiveUnit>
        </DescriptiveMetadata>
        <ManagementMetadata>
            <OriginatingAgencyIdentifier>FRAN_NP_050392</OriginatingAgencyIdentifier>
            <SubmissionAgencyIdentifier>FRAN_NP_050392</SubmissionAgencyIdentifier>
        </ManagementMetadata>
    </DataObjectPackage>
    <ArchivalAgency>
        <Identifier>Identifier4</Identifier>
    </ArchivalAgency>
    <TransferringAgency>
        <Identifier>Identifier5</Identifier>
    </TransferringAgency>
</ArchiveTransfer>
