<?xml version='1.0' encoding='UTF-8'?><ArchiveTransfer xmlns:xlink="http://www.w3.org/1999/xlink" xmlns:pr="info:lc/xmlns/premis-v2" xmlns="fr:gouv:culture:archivesdefrance:seda:v2.1" xmlns:xsi="http://www.w3.org/2001/XMLSchema-instance" xsi:schemaLocation="fr:gouv:culture:archivesdefrance:seda:v2.1 seda-2.1-main.xsd" xml:id="ID1"><Comment>2eme SIP</Comment><Date>2017-11-03T12:21:31</Date><MessageIdentifier>MessageIdentifier0</MessageIdentifier><ArchivalAgreement>ArchivalAgreement0</ArchivalAgreement><CodeListVersions><ReplyCodeListVersion>ReplyCodeListVersion0</ReplyCodeListVersion><MessageDigestAlgorithmCodeListVersion>MessageDigestAlgorithmCodeListVersion0</MessageDigestAlgorithmCodeListVersion><MimeTypeCodeListVersion>MimeTypeCodeListVersion0</MimeTypeCodeListVersion><EncodingCodeListVersion>EncodingCodeListVersion0</EncodingCodeListVersion><FileFormatCodeListVersion>FileFormatCodeListVersion0</FileFormatCodeListVersion><CompressionAlgorithmCodeListVersion>CompressionAlgorithmCodeListVersion0</CompressionAlgorithmCodeListVersion><DataObjectVersionCodeListVersion>DataObjectVersionCodeListVersion0</DataObjectVersionCodeListVersion><StorageRuleCodeListVersion>StorageRuleCodeListVersion0</StorageRuleCodeListVersion><AppraisalRuleCodeListVersion>AppraisalRuleCodeListVersion0</AppraisalRuleCodeListVersion><AccessRuleCodeListVersion>AccessRuleCodeListVersion0</AccessRuleCodeListVersion><DisseminationRuleCodeListVersion>DisseminationRuleCodeListVersion0</DisseminationRuleCodeListVersion><ReuseRuleCodeListVersion>ReuseRuleCodeListVersion0</ReuseRuleCodeListVersion><ClassificationRuleCodeListVersion>ClassificationRuleCodeListVersion0</ClassificationRuleCodeListVersion><AuthorizationReasonCodeListVersion>AuthorizationReasonCodeListVersion0</AuthorizationReasonCodeListVersion><RelationshipCodeListVersion>RelationshipCodeListVersion0</RelationshipCodeListVersion></CodeListVersions><DataObjectPackage xml:id="ID2"><DescriptiveMetadata><ArchiveUnit id="ID3"><Content><DescriptionLevel>RecordGrp</DescriptionLevel><Title>OK_SIP_recherches_differentes_langues</Title><Description>/tmp/OK_SIP_recherches_differentes_langues</Description><StartDate>2017-11-03T12:21:31</StartDate><EndDate>2017-11-03T12:21:31</EndDate></Content><ArchiveUnit id="ID5"><ArchiveUnitRefId>ID4</ArchiveUnitRefId></ArchiveUnit><ArchiveUnit id="ID7"><ArchiveUnitRefId>ID6</ArchiveUnitRefId></ArchiveUnit><ArchiveUnit id="ID9"><ArchiveUnitRefId>ID8</ArchiveUnitRefId></ArchiveUnit><ArchiveUnit id="ID11"><ArchiveUnitRefId>ID10</ArchiveUnitRefId></ArchiveUnit><ArchiveUnit id="ID13"><ArchiveUnitRefId>ID12</ArchiveUnitRefId></ArchiveUnit></ArchiveUnit><ArchiveUnit id="ID4"><Content><DescriptionLevel>RecordGrp</DescriptionLevel><Title>סירה</Title><Description>/tmp/OK_SIP_recherches_differentes_langues/סירה</Description><StartDate>2017-11-03T12:21:31</StartDate><EndDate>2017-11-03T12:21:31</EndDate></Content></ArchiveUnit><ArchiveUnit id="ID6"><Content><DescriptionLevel>RecordGrp</DescriptionLevel><Title>チェリー</Title><Description>/tmp/OK_SIP_recherches_differentes_langues/チェリー</Description><StartDate>2017-11-03T12:21:31</StartDate><EndDate>2017-11-03T12:21:31</EndDate></Content></ArchiveUnit><ArchiveUnit id="ID8"><Content><DescriptionLevel>RecordGrp</DescriptionLevel><Title>شجرة</Title><Description>/tmp/OK_SIP_recherches_differentes_langues/شجرة</Description><StartDate>2017-11-03T12:21:31</StartDate><EndDate>2017-11-03T12:21:31</EndDate></Content></ArchiveUnit><ArchiveUnit id="ID10"><Content><DescriptionLevel>RecordGrp</DescriptionLevel><Title>Boğaziçi</Title><Description>/tmp/OK_SIP_recherches_differentes_langues/Boğaziçi</Description><StartDate>2017-11-03T12:21:31</StartDate><EndDate>2017-11-03T12:21:31</EndDate></Content></ArchiveUnit><ArchiveUnit id="ID12"><Content><DescriptionLevel>RecordGrp</DescriptionLevel><Title>автомобиль</Title><Description>/tmp/OK_SIP_recherches_differentes_langues/автомобиль</Description><StartDate>2017-11-03T12:21:31</StartDate><EndDate>2017-11-03T12:21:31</EndDate></Content></ArchiveUnit></DescriptiveMetadata><ManagementMetadata><OriginatingAgencyIdentifier>Service_producteur</OriginatingAgencyIdentifier><SubmissionAgencyIdentifier>Service_versant</SubmissionAgencyIdentifier></ManagementMetadata></DataObjectPackage><ArchivalAgency><Identifier>Identifier4</Identifier></ArchivalAgency><TransferringAgency><Identifier>Identifier5</Identifier></TransferringAgency></ArchiveTransfer>