<?xml version="1.0" encoding="UTF-8"?>
<ArchiveTransfer xmlns="fr:gouv:culture:archivesdefrance:seda:v2.1" xmlns:pr="info:lc/xmlns/premis-v2" xmlns:xlink="http://www.w3.org/1999/xlink" xmlns:xsi="http://www.w3.org/2001/XMLSchema-instance" xsi:schemaLocation="fr:gouv:culture:archivesdefrance:seda:v2.1 seda-2.1-main.xsd" xml:id="ID1">
   <Comment>2eme SIP</Comment>
   <Date>2017-10-12T15:11:52</Date>
   <MessageIdentifier>MessageIdentifier0</MessageIdentifier>
   <ArchivalAgreement>ArchivalAgreement0</ArchivalAgreement>
   <CodeListVersions>
      <ReplyCodeListVersion>ReplyCodeListVersion0</ReplyCodeListVersion>
      <MessageDigestAlgorithmCodeListVersion>MessageDigestAlgorithmCodeListVersion0</MessageDigestAlgorithmCodeListVersion>
      <MimeTypeCodeListVersion>MimeTypeCodeListVersion0</MimeTypeCodeListVersion>
      <EncodingCodeListVersion>EncodingCodeListVersion0</EncodingCodeListVersion>
      <FileFormatCodeListVersion>FileFormatCodeListVersion0</FileFormatCodeListVersion>
      <CompressionAlgorithmCodeListVersion>CompressionAlgorithmCodeListVersion0</CompressionAlgorithmCodeListVersion>
      <DataObjectVersionCodeListVersion>DataObjectVersionCodeListVersion0</DataObjectVersionCodeListVersion>
      <StorageRuleCodeListVersion>StorageRuleCodeListVersion0</StorageRuleCodeListVersion>
      <AppraisalRuleCodeListVersion>AppraisalRuleCodeListVersion0</AppraisalRuleCodeListVersion>
      <AccessRuleCodeListVersion>AccessRuleCodeListVersion0</AccessRuleCodeListVersion>
      <DisseminationRuleCodeListVersion>DisseminationRuleCodeListVersion0</DisseminationRuleCodeListVersion>
      <ReuseRuleCodeListVersion>ReuseRuleCodeListVersion0</ReuseRuleCodeListVersion>
      <ClassificationRuleCodeListVersion>ClassificationRuleCodeListVersion0</ClassificationRuleCodeListVersion>
      <AuthorizationReasonCodeListVersion>AuthorizationReasonCodeListVersion0</AuthorizationReasonCodeListVersion>
      <RelationshipCodeListVersion>RelationshipCodeListVersion0</RelationshipCodeListVersion>
   </CodeListVersions>
   <DataObjectPackage xml:id="ID2">
      <DescriptiveMetadata>
         <ArchiveUnit id="ID3">
		    <ArchiveUnitProfile>AUP_CUSTOM_SCHEMA</ArchiveUnitProfile>
            <Content>
               <DescriptionLevel>RecordGrp</DescriptionLevel>
               <Title>doc</Title>
               <Description>/home/pipav/Bureau/doc</Description>
               <StartDate>2017-10-12T15:11:53</StartDate>
               <EndDate>2017-10-12T15:11:53</EndDate>
            </Content>
         </ArchiveUnit>
      </DescriptiveMetadata>
      <ManagementMetadata>
         <OriginatingAgencyIdentifier>Service_producteur</OriginatingAgencyIdentifier>
         <SubmissionAgencyIdentifier>Service_versant</SubmissionAgencyIdentifier>
      </ManagementMetadata>
   </DataObjectPackage>
   <ArchivalAgency>
      <Identifier>Identifier4</Identifier>
   </ArchivalAgency>
   <TransferringAgency>
      <Identifier>Identifier5</Identifier>
   </TransferringAgency>
</ArchiveTransfer>
