<?xml version='1.0' encoding='UTF-8'?>
<ArchiveTransfer xmlns:xlink="http://www.w3.org/1999/xlink"
                 xmlns:pr="info:lc/xmlns/premis-v2"
                 xmlns="fr:gouv:culture:archivesdefrance:seda:v2.1"
                 xmlns:xsi="http://www.w3.org/2001/XMLSchema-instance"
                 xsi:schemaLocation="fr:gouv:culture:archivesdefrance:seda:v2.1 seda-2.1-main.xsd" xml:id="ID1">
    <Comment>Jeu de test permettant de tester tous les comportements des règles de gestion</Comment>
    <Date>2017-12-19T10:36:49</Date>
    <MessageIdentifier>Jeu de test complet pour tester les modifications de titre en masse</MessageIdentifier>
    <ArchivalAgreement>ArchivalAgreement0</ArchivalAgreement>
    <CodeListVersions>
        <ReplyCodeListVersion>ReplyCodeListVersion0</ReplyCodeListVersion>
        <MessageDigestAlgorithmCodeListVersion>MessageDigestAlgorithmCodeListVersion0
        </MessageDigestAlgorithmCodeListVersion>
        <MimeTypeCodeListVersion>MimeTypeCodeListVersion0</MimeTypeCodeListVersion>
        <EncodingCodeListVersion>EncodingCodeListVersion0</EncodingCodeListVersion>
        <FileFormatCodeListVersion>FileFormatCodeListVersion0</FileFormatCodeListVersion>
        <CompressionAlgorithmCodeListVersion>CompressionAlgorithmCodeListVersion0</CompressionAlgorithmCodeListVersion>
        <DataObjectVersionCodeListVersion>DataObjectVersionCodeListVersion0</DataObjectVersionCodeListVersion>
        <StorageRuleCodeListVersion>StorageRuleCodeListVersion0</StorageRuleCodeListVersion>
        <AppraisalRuleCodeListVersion>AppraisalRuleCodeListVersion0</AppraisalRuleCodeListVersion>
        <AccessRuleCodeListVersion>AccessRuleCodeListVersion0</AccessRuleCodeListVersion>
        <DisseminationRuleCodeListVersion>DisseminationRuleCodeListVersion0</DisseminationRuleCodeListVersion>
        <ReuseRuleCodeListVersion>ReuseRuleCodeListVersion0</ReuseRuleCodeListVersion>
        <ClassificationRuleCodeListVersion>ClassificationRuleCodeListVersion0</ClassificationRuleCodeListVersion>
        <AuthorizationReasonCodeListVersion>AuthorizationReasonCodeListVersion0</AuthorizationReasonCodeListVersion>
        <RelationshipCodeListVersion>RelationshipCodeListVersion0</RelationshipCodeListVersion>
    </CodeListVersions>
    <DataObjectPackage>
        <BinaryDataObject id="ID17">
            <DataObjectGroupId>ID99</DataObjectGroupId>
            <DataObjectVersion>BinaryMaster</DataObjectVersion>
            <Uri>Content/ID13.txt</Uri>
            <MessageDigest algorithm="SHA-512">c60ecefd909a166c070775556b2fe50a6379d10e7c141e59aee55522b2a1fe9cf017a9f203d02bfe53101b2a7e57a91d8c15106e370917c38326995d1cbead8c</MessageDigest>
            <Size>11</Size>
            <FormatIdentification>
                <FormatLitteral>Plain Text File</FormatLitteral>
                <MimeType>text/plain</MimeType>
                <FormatId>x-fmt/111</FormatId>
            </FormatIdentification>
            <FileInfo>
                <Filename>File.txt</Filename>
                <LastModified>2017-04-04T08:07:06.487+02:00</LastModified>
            </FileInfo>
        </BinaryDataObject>
        <DescriptiveMetadata>
            <ArchiveUnit id="ID4">
                <Content>
                    <DescriptionLevel>RecordGrp</DescriptionLevel>
                    <Title>Fracture</Title>
                    <Description xml:lang="fr">Description français</Description>
                    <StartDate>2017-04-04T08:07:00</StartDate>
                    <EndDate>2017-04-04T08:07:00</EndDate>
                </Content>
                <DataObjectReference>
                    <DataObjectGroupReferenceId>ID99</DataObjectGroupReferenceId>
                </DataObjectReference>
            </ArchiveUnit>
            <ArchiveUnit id="ID16">
                <Content>
                    <DescriptionLevel>RecordGrp</DescriptionLevel>
                    <Title>Fracture</Title>
                    <Description xml:lang="fr">Description français</Description>
                    <StartDate>2017-04-05T08:11:00</StartDate>
                    <EndDate>2017-04-05T08:11:00</EndDate>
                </Content>
            </ArchiveUnit>
            <ArchiveUnit id="ID24">
                <Content>
                    <DescriptionLevel>RecordGrp</DescriptionLevel>
                    <Title>Fracture</Title>
                    <Description xml:lang="fr">Description français</Description>
                    <StartDate>2017-04-04T08:07:00</StartDate>
                    <EndDate>2017-04-04T08:07:00</EndDate>
                </Content>
            </ArchiveUnit>
            <ArchiveUnit id="ID38">
                <Content>
                    <DescriptionLevel>RecordGrp</DescriptionLevel>
                    <Title>Fracture</Title>
                    <Description xml:lang="fr">Description français</Description>
                    <StartDate>2017-04-05T08:11:00</StartDate>
                    <EndDate>2017-04-05T08:11:00</EndDate>
                </Content>
            </ArchiveUnit>
            <ArchiveUnit id="ID48">
                <Content>
                    <DescriptionLevel>RecordGrp</DescriptionLevel>
                    <Title>Fracture</Title>
                    <Description xml:lang="fr">Description français</Description>
                    <StartDate>2017-04-04T08:07:00</StartDate>
                    <EndDate>2017-04-04T08:07:00</EndDate>
                </Content>
            </ArchiveUnit>
            <ArchiveUnit id="ID58">
                <Content>
                    <DescriptionLevel>RecordGrp</DescriptionLevel>
                    <Title>Fracture</Title>
                    <Description xml:lang="fr">Description français</Description>
                </Content>
            </ArchiveUnit>
            <ArchiveUnit id="ID70">
                <Content>
                    <DescriptionLevel>RecordGrp</DescriptionLevel>
                    <Title>Fracture</Title>
                    <Description xml:lang="fr">Description français</Description>
                </Content>
            </ArchiveUnit>
        </DescriptiveMetadata>
        <ManagementMetadata>
            <OriginatingAgencyIdentifier>RATP</OriginatingAgencyIdentifier>
            <SubmissionAgencyIdentifier>Service_versant</SubmissionAgencyIdentifier>
            <AccessRule>
                <Rule>ACC-00002</Rule>
                <StartDate>2000-01-01</StartDate>
            </AccessRule>
        </ManagementMetadata>
    </DataObjectPackage>
    <ArchivalAgency>
        <Identifier>Identifier4</Identifier>
    </ArchivalAgency>
    <TransferringAgency>
        <Identifier>Identifier5</Identifier>
    </TransferringAgency>
</ArchiveTransfer>
