<?xml version='1.0' encoding='UTF-8'?>
<ArchiveTransfer xmlns="fr:gouv:culture:archivesdefrance:seda:v2.2">
    <Comment>Catherine JABLASY : mails</Comment>
    <Date>2018-02-02T17:25:44</Date>
    <MessageIdentifier>MessageIdentifier0</MessageIdentifier>
    <ArchivalAgreement>IC-000001</ArchivalAgreement>
    <CodeListVersions>
        <ReplyCodeListVersion>ReplyCodeListVersion0</ReplyCodeListVersion>
        <MessageDigestAlgorithmCodeListVersion>MessageDigestAlgorithmCodeListVersion0</MessageDigestAlgorithmCodeListVersion>
        <MimeTypeCodeListVersion>MimeTypeCodeListVersion0</MimeTypeCodeListVersion>
        <EncodingCodeListVersion>EncodingCodeListVersion0</EncodingCodeListVersion>
        <FileFormatCodeListVersion>FileFormatCodeListVersion0</FileFormatCodeListVersion>
        <CompressionAlgorithmCodeListVersion>CompressionAlgorithmCodeListVersion0</CompressionAlgorithmCodeListVersion>
        <DataObjectVersionCodeListVersion>DataObjectVersionCodeListVersion0</DataObjectVersionCodeListVersion>
        <StorageRuleCodeListVersion>StorageRuleCodeListVersion0</StorageRuleCodeListVersion>
        <AppraisalRuleCodeListVersion>AppraisalRuleCodeListVersion0</AppraisalRuleCodeListVersion>
        <AccessRuleCodeListVersion>AccessRuleCodeListVersion0</AccessRuleCodeListVersion>
        <DisseminationRuleCodeListVersion>DisseminationRuleCodeListVersion0</DisseminationRuleCodeListVersion>
        <ReuseRuleCodeListVersion>ReuseRuleCodeListVersion0</ReuseRuleCodeListVersion>
        <ClassificationRuleCodeListVersion>ClassificationRuleCodeListVersion0</ClassificationRuleCodeListVersion>
        <HoldRuleCodeListVersion>HoldRuleCodeListVersion0</HoldRuleCodeListVersion>
        <AuthorizationReasonCodeListVersion>AuthorizationReasonCodeListVersion0</AuthorizationReasonCodeListVersion>
        <RelationshipCodeListVersion>RelationshipCodeListVersion0</RelationshipCodeListVersion>
    </CodeListVersions>

    <DataObjectPackage xml:id="ID2">
        <DescriptiveMetadata>
            <ArchiveUnit id="ID4">
                <Content>
                    <DescriptionLevel>RecordGrp</DescriptionLevel>
                    <Title>Catherine JABLASY : mails</Title>
                </Content>
                <ArchiveUnit id="ID5">
                    <ArchiveUnitRefId>ID3</ArchiveUnitRefId>
                </ArchiveUnit>
                <ArchiveUnit id="ID6">
                    <ArchiveUnitRefId>ID8</ArchiveUnitRefId>
                </ArchiveUnit>
                <ArchiveUnit id="ID7">
                    <ArchiveUnitRefId>ID9</ArchiveUnitRefId>
                </ArchiveUnit>
            </ArchiveUnit>
            <ArchiveUnit id="ID3">
                
                <Management>
                    <AppraisalRule>
                        <Rule>APP-00001</Rule>
                        <StartDate>2018-02-02</StartDate>
                        <FinalAction>Keep</FinalAction>
                    </AppraisalRule>
                    <AccessRule>
                        <Rule>ACC-00001</Rule>
                        <StartDate>2018-02-02</StartDate>
                    </AccessRule>
                    <!-- Ajout SEDA 2.2 : HoldRule -->
                    <HoldRule>
                        <Rule>HOL-00002</Rule>
                        <StartDate>2000-01-01</StartDate>
                        <HoldEndDate>2010-01-01</HoldEndDate>
                        <HoldOwner>Owner</HoldOwner>
                        <HoldReassessingDate>2005-01-01</HoldReassessingDate>
                        <HoldReason>Reason</HoldReason>
                        <PreventRearrangement>false</PreventRearrangement>
                    </HoldRule>
                </Management>


                <Content>
                    <DescriptionLevel>Item</DescriptionLevel>
                    <Title>Reportage sur Arte</Title>
                    <OriginatingSystemId>&lt;566E7D90.5020504@culture.gouv.fr&gt;</OriginatingSystemId>
                    <Description>Début du texte [Bonjour à tous,
                    
                    J&apos;ai vu un documentaire ce week end résumant bien la problématique de
                    l&apos;archivage numérique (par moment on aurait dit une pub pour Vitam...]
                    Fin du texte [ine.jablasy@culture.gouv.fr&gt;
                    Suivez-nous sur Twitter @ProgVitam &lt;https://twitter.com/progvitam&gt;
                    /Le programme est hébergé par les moyens informatiques du MCC/]</Description>
                    <!-- Ajout SEDA 2.2 : Agent -->
                    <Agent>
                        <FirstName>&quot;catherine</FirstName>
                        <BirthName>JABLASY-Telem@c&quot;</BirthName>
                        <Identifier>catherine.jablasy@culture.gouv.fr</Identifier>
                        <Function>Standardiste</Function>
                        <Role>Standardiste</Role>
                    </Agent>
                    <Writer>
                        <FirstName>&quot;catherine</FirstName>
                        <BirthName>JABLASY-Telem@c&quot;</BirthName>
                        <Identifier>catherine.jablasy@culture.gouv.fr</Identifier>
                    </Writer>
                    <Addressee>
                        <FirstName>liliane</FirstName>
                        <BirthName>quinte@culture.gouv.fr</BirthName>
                        <Identifier>liliane.quinte@culture.gouv.fr</Identifier>
                    </Addressee>
                    <Addressee>
                        <FirstName>thibaut</FirstName>
                        <BirthName>UNCOLLEGUE</BirthName>
                        <Identifier>thibaut.uncollegue@culture.gouv.fr</Identifier>
                    </Addressee>
                    <Addressee>
                        <FirstName>patricia</FirstName>
                        <BirthName>QUINTE</BirthName>
                        <Identifier>patricia.quinte@culture.gouv.fr</Identifier>
                    </Addressee>
                    <Addressee>
                        <FirstName>line</FirstName>
                        <BirthName>JABLASY</BirthName>
                        <Identifier>line.jablasy@culture.gouv.fr</Identifier>
                    </Addressee>
                    <SentDate>2015-12-14T08:28:00.0Z</SentDate>
                    <ReceivedDate>2015-12-14T08:28:00.0Z</ReceivedDate>
                    <!-- Ajout SEDA 2.2 : DateLitteral -->
                    <DateLitteral>XXème siècle</DateLitteral>
                    <!-- Ajout SEDA 2.2 : LinkingAgentIdentifier -->
                    <Event>
                        <EventDateTime>2015-12-14T08:28:00.0Z</EventDateTime>
                        <EventDetail>Envoi du mail</EventDetail>
                        <LinkingAgentIdentifier>
                            <LinkingAgentIdentifierType>Agent</LinkingAgentIdentifierType>
                            <LinkingAgentIdentifierValue>Catherine Jablasy</LinkingAgentIdentifierValue>
                            <LinkingAgentRole>Standardiste</LinkingAgentRole>
                        </LinkingAgentIdentifier>
                    </Event>
                    <!-- Ajout SEDA 2.2 : OriginatingSystemIdReplyTo -->
                    <OriginatingSystemIdReplyTo>catherine.jablasy@culture.gouv.fr</OriginatingSystemIdReplyTo>
                    <!-- Ajout SEDA 2.2 : TextContent -->
                    <TextContent>Début du texte [Bonjour à tous,
                        
                        J&apos;ai vu un documentaire ce week end résumant bien la problématique de
                        l&apos;archivage numérique (par moment on aurait dit une pub pour Vitam...]
                        Fin du texte [ine.jablasy@culture.gouv.fr&gt;
                        Suivez-nous sur Twitter @ProgVitam &lt;https://twitter.com/progvitam&gt;
                        /Le programme est hébergé par les moyens informatiques du MCC/]</TextContent>
                </Content>
            </ArchiveUnit>
            <ArchiveUnit id="ID8">
                
                <Management>
                    <AppraisalRule>
                        <Rule>APP-00001</Rule>
                        <StartDate>2018-02-02</StartDate>
                        <FinalAction>Keep</FinalAction>
                    </AppraisalRule>
                    <AccessRule>
                        <Rule>ACC-00001</Rule>
                        <StartDate>2018-02-02</StartDate>
                    </AccessRule>
                </Management>
                
                
                <Content>
                    <DescriptionLevel>Item</DescriptionLevel>
                    <Title>Reportage sur France TV Info</Title>
                    <OriginatingSystemId>&lt;566E7D90.5020504@culture.gouv.fr&gt;</OriginatingSystemId>
                    <Description>Début du texte [Bonjour à tous,
                        
                        J&apos;ai vu un documentaire ce week end résumant bien la problématique de
                        l&apos;archivage numérique (par moment on aurait dit une pub pour Vitam...]
                        Fin du texte [ine.jablasy@culture.gouv.fr&gt;
                        Suivez-nous sur Twitter @ProgVitam &lt;https://twitter.com/progvitam&gt;
                        /Le programme est hébergé par les moyens informatiques du MCC/]</Description>
                    <Agent>
                        <FirstName>&quot;catherine</FirstName>
                        <BirthName>JABLASY-Telem@c&quot;</BirthName>
                        <Identifier>catherine.jablasy@culture.gouv.fr</Identifier>
                        <Function>Standardiste</Function>
                        <Role>Standardiste</Role>
                    </Agent>
                    <Writer>
                        <FirstName>&quot;catherine</FirstName>
                        <BirthName>JABLASY-Telem@c&quot;</BirthName>
                        <Identifier>catherine.jablasy@culture.gouv.fr</Identifier>
                    </Writer>
                    <Addressee>
                        <FirstName>liliane</FirstName>
                        <BirthName>quinte@culture.gouv.fr</BirthName>
                        <Identifier>liliane.quinte@culture.gouv.fr</Identifier>
                    </Addressee>
                    <Addressee>
                        <FirstName>thibaut</FirstName>
                        <BirthName>UNCOLLEGUE</BirthName>
                        <Identifier>thibaut.uncollegue@culture.gouv.fr</Identifier>
                    </Addressee>
                    <Addressee>
                        <FirstName>patricia</FirstName>
                        <BirthName>QUINTE</BirthName>
                        <Identifier>patricia.quinte@culture.gouv.fr</Identifier>
                    </Addressee>
                    <Addressee>
                        <FirstName>line</FirstName>
                        <BirthName>JABLASY</BirthName>
                        <Identifier>line.jablasy@culture.gouv.fr</Identifier>
                    </Addressee>
                    <SentDate>2015-12-14T08:28:00.0Z</SentDate>
                    <ReceivedDate>2015-12-14T08:28:00.0Z</ReceivedDate>
                </Content>
            </ArchiveUnit>
            <ArchiveUnit id="ID9">
                
                <Management>
                    <AppraisalRule>
                        <Rule>APP-00001</Rule>
                        <StartDate>2018-02-02</StartDate>
                        <FinalAction>Keep</FinalAction>
                    </AppraisalRule>
                    <AccessRule>
                        <Rule>ACC-00001</Rule>
                        <StartDate>2018-02-02</StartDate>
                    </AccessRule>
                </Management>
                
                
                <Content>
                    <DescriptionLevel>Item</DescriptionLevel>
                    <Title>Reportage sur People TV</Title>
                    <OriginatingSystemId>&lt;566E7D90.5020504@culture.gouv.fr&gt;</OriginatingSystemId>
                    <Description>Début du texte [Bonjour à tous,
                        
                        J&apos;ai vu un documentaire ce week end résumant bien la problématique de
                        l&apos;archivage numérique (par moment on aurait dit une pub pour Vitam...]
                        Fin du texte [ine.jablasy@culture.gouv.fr&gt;
                        Suivez-nous sur Twitter @ProgVitam &lt;https://twitter.com/progvitam&gt;
                        /Le programme est hébergé par les moyens informatiques du MCC/]</Description>
                    <Agent>
                        <FirstName>&quot;catherine</FirstName>
                        <BirthName>JABLASY-Telem@c&quot;</BirthName>
                        <Identifier>catherine.jablasy@culture.gouv.fr</Identifier>
                        <Function>Standardiste</Function>
                        <Role>Standardiste</Role>
                    </Agent>
                    <Writer>
                        <FirstName>&quot;catherine</FirstName>
                        <BirthName>JABLASY-Telem@c&quot;</BirthName>
                        <Identifier>catherine.jablasy@culture.gouv.fr</Identifier>
                    </Writer>
                    <Addressee>
                        <FirstName>liliane</FirstName>
                        <BirthName>quinte@culture.gouv.fr</BirthName>
                        <Identifier>liliane.quinte@culture.gouv.fr</Identifier>
                    </Addressee>
                    <Addressee>
                        <FirstName>thibaut</FirstName>
                        <BirthName>UNCOLLEGUE</BirthName>
                        <Identifier>thibaut.uncollegue@culture.gouv.fr</Identifier>
                    </Addressee>
                    <Addressee>
                        <FirstName>patricia</FirstName>
                        <BirthName>QUINTE</BirthName>
                        <Identifier>patricia.quinte@culture.gouv.fr</Identifier>
                    </Addressee>
                    <Addressee>
                        <FirstName>line</FirstName>
                        <BirthName>JABLASY</BirthName>
                        <Identifier>line.jablasy@culture.gouv.fr</Identifier>
                    </Addressee>
                    <SentDate>2015-12-14T08:28:00.0Z</SentDate>
                    <ReceivedDate>2015-12-14T08:28:00.0Z</ReceivedDate>
                </Content>
            </ArchiveUnit>
            
        </DescriptiveMetadata>
        <ManagementMetadata>
            <ArchivalProfile>PROFIL_TNR_RNG_TEST</ArchivalProfile>
            <OriginatingAgencyIdentifier>Service_producteur</OriginatingAgencyIdentifier>
            <SubmissionAgencyIdentifier>Service_versant</SubmissionAgencyIdentifier>
        </ManagementMetadata>
    </DataObjectPackage>
    <ArchivalAgency>
        <Identifier>Identifier4</Identifier>
    </ArchivalAgency>
    <TransferringAgency>
        <Identifier>Identifier5</Identifier>
    </TransferringAgency>
</ArchiveTransfer>
