<?xml version='1.0' encoding='UTF-8'?>
<ArchiveTransfer xml:id="ID1" xmlns="fr:gouv:culture:archivesdefrance:seda:v2.0" xmlns:pr="info:lc/xmlns/premis-v2" xmlns:xlink="http://www.w3.org/1999/xlink" xmlns:xsi="http://www.w3.org/2001/XMLSchema-instance" xsi:schemaLocation="fr:gouv:culture:archivesdefrance:seda:v2.0 seda-2.0-main.xsd">
	<Comment>2eme SIP</Comment>
	<Date>2017-06-06T13:51:31</Date>
	<MessageIdentifier>MessageIdentifier0</MessageIdentifier>
	<ArchivalAgreement>ArchivalAgreement0</ArchivalAgreement>
	<CodeListVersions>
		<ReplyCodeListVersion>ReplyCodeListVersion0</ReplyCodeListVersion>
		<MessageDigestAlgorithmCodeListVersion>MessageDigestAlgorithmCodeListVersion0</MessageDigestAlgorithmCodeListVersion>
		<MimeTypeCodeListVersion>MimeTypeCodeListVersion0</MimeTypeCodeListVersion>
		<EncodingCodeListVersion>EncodingCodeListVersion0</EncodingCodeListVersion>
		<FileFormatCodeListVersion>FileFormatCodeListVersion0</FileFormatCodeListVersion>
		<CompressionAlgorithmCodeListVersion>CompressionAlgorithmCodeListVersion0</CompressionAlgorithmCodeListVersion>
		<DataObjectVersionCodeListVersion>DataObjectVersionCodeListVersion0</DataObjectVersionCodeListVersion>
		<StorageRuleCodeListVersion>StorageRuleCodeListVersion0</StorageRuleCodeListVersion>
		<AppraisalRuleCodeListVersion>AppraisalRuleCodeListVersion0</AppraisalRuleCodeListVersion>
		<AccessRuleCodeListVersion>AccessRuleCodeListVersion0</AccessRuleCodeListVersion>
		<DisseminationRuleCodeListVersion>DisseminationRuleCodeListVersion0</DisseminationRuleCodeListVersion>
		<ReuseRuleCodeListVersion>ReuseRuleCodeListVersion0</ReuseRuleCodeListVersion>
		<ClassificationRuleCodeListVersion>ClassificationRuleCodeListVersion0</ClassificationRuleCodeListVersion>
		<AuthorizationReasonCodeListVersion>AuthorizationReasonCodeListVersion0</AuthorizationReasonCodeListVersion>
		<RelationshipCodeListVersion>RelationshipCodeListVersion0</RelationshipCodeListVersion>
	</CodeListVersions>
	<DataObjectPackage xml:id="ID2">
		<DescriptiveMetadata>
			<ArchiveUnit id="ID4">
				<Management>
					<UpdateOperation>
						<SystemId>_REPLACE_ME_</SystemId>
					</UpdateOperation>
				</Management>
				<Content>
					<DescriptionLevel>RecordGrp</DescriptionLevel>
					<Title>Sénat</Title>
				</Content>
				<ArchiveUnit id="ID13">
					<ArchiveUnitRefId>ID3</ArchiveUnitRefId>
				</ArchiveUnit>
			</ArchiveUnit>
			<ArchiveUnit id="ID3">
				<Content>
					<DescriptionLevel>RecordGrp</DescriptionLevel>
					<Title>Arbre_IT19</Title>
					<Description>/home/pipav/Bureau/Arbre_IT19</Description>
					<StartDate>2017-06-06T13:51:31</StartDate>
					<EndDate>2017-06-06T13:51:31</EndDate>
				</Content>
				<ArchiveUnit id="ID6">
					<ArchiveUnitRefId>ID5</ArchiveUnitRefId>
				</ArchiveUnit>
				<ArchiveUnit id="ID8">
					<ArchiveUnitRefId>ID7</ArchiveUnitRefId>
				</ArchiveUnit>
			</ArchiveUnit>
			<ArchiveUnit id="ID5">
				<Content>
					<DescriptionLevel>RecordGrp</DescriptionLevel>
					<Title>arbre_test_finling</Title>
					<Description>/home/pipav/Bureau/Arbre_IT19/Arbre_2_IT19</Description>
					<StartDate>2017-06-06T13:51:31</StartDate>
					<EndDate>2017-06-06T13:51:31</EndDate>
				</Content>
			</ArchiveUnit>
			<ArchiveUnit id="ID7">
				<Content>
					<DescriptionLevel>RecordGrp</DescriptionLevel>
					<Title>Arbre_3_IT19</Title>
					<Description>/home/pipav/Bureau/Arbre_IT19/Arbre_3_IT19</Description>
					<StartDate>2017-06-06T13:51:31</StartDate>
					<EndDate>2017-06-06T13:51:31</EndDate>
				</Content>
				<ArchiveUnit id="ID10">
					<ArchiveUnitRefId>ID9</ArchiveUnitRefId>
				</ArchiveUnit>
				<ArchiveUnit id="ID12">
					<ArchiveUnitRefId>ID11</ArchiveUnitRefId>
				</ArchiveUnit>
			</ArchiveUnit>
			<ArchiveUnit id="ID9">
				<Content>
					<DescriptionLevel>RecordGrp</DescriptionLevel>
					<Title>Arbre_5_IT19</Title>
					<Description>/home/pipav/Bureau/Arbre_IT19/Arbre_3_IT19/Arbre_5_IT19</Description>
					<StartDate>2017-06-06T13:51:31</StartDate>
					<EndDate>2017-06-06T13:51:31</EndDate>
				</Content>
			</ArchiveUnit>
			<ArchiveUnit id="ID11">
				<Content>
					<DescriptionLevel>RecordGrp</DescriptionLevel>
					<Title>Arbre_4_IT19</Title>
					<Description>/home/pipav/Bureau/Arbre_IT19/Arbre_3_IT19/Arbre_4_IT19</Description>
					<StartDate>2017-06-06T13:51:31</StartDate>
					<EndDate>2017-06-06T13:51:31</EndDate>
				</Content>
			</ArchiveUnit>
		</DescriptiveMetadata>
		<ManagementMetadata>
			<OriginatingAgencyIdentifier>Service_producteur</OriginatingAgencyIdentifier>
			<SubmissionAgencyIdentifier>Service_versant</SubmissionAgencyIdentifier>
		</ManagementMetadata>
	</DataObjectPackage>
	<ArchivalAgency>
		<Identifier>Identifier4</Identifier>
	</ArchivalAgency>
	<TransferringAgency>
		<Identifier>Identifier5</Identifier>
	</TransferringAgency>
</ArchiveTransfer>
