<?xml version="1.0" ?>
<ArchiveTransfer xmlns:xsi="http://www.w3.org/2001/XMLSchema-instance"
 xsi:schemaLocation="fr:gouv:culture:archivesdefrance:seda:v2.1 ../Sch%D0%92mas/seda-2.1-main.xsd"
 xmlns="fr:gouv:culture:archivesdefrance:seda:v2.1" xmlns:pr="info:lc/xmlns/premis-v2"
 xmlns:xlink="http://www.w3.org/1999/xlink" xml:id="ID1">
    <Comment>Arborescence Rateau avec métadonnées complètes pour tests DSL</Comment>
    <Date>2016-10-20T12:51:29</Date>
    <MessageIdentifier>Arborescence Rateau avec métadonnées complètes</MessageIdentifier>
    <ArchivalAgreement>ArchivalAgreement0</ArchivalAgreement>
    <CodeListVersions>
        <ReplyCodeListVersion>ReplyCodeListVersion0</ReplyCodeListVersion>
        <MessageDigestAlgorithmCodeListVersion>MessageDigestAlgorithmCodeListVersion0</MessageDigestAlgorithmCodeListVersion>
        <MimeTypeCodeListVersion>MimeTypeCodeListVersion0</MimeTypeCodeListVersion>
        <EncodingCodeListVersion>EncodingCodeListVersion0</EncodingCodeListVersion>
        <FileFormatCodeListVersion>FileFormatCodeListVersion0</FileFormatCodeListVersion>
        <CompressionAlgorithmCodeListVersion>CompressionAlgorithmCodeListVersion0</CompressionAlgorithmCodeListVersion>
        <DataObjectVersionCodeListVersion>DataObjectVersionCodeListVersion0</DataObjectVersionCodeListVersion>
        <StorageRuleCodeListVersion>StorageRuleCodeListVersion0</StorageRuleCodeListVersion>
        <AppraisalRuleCodeListVersion>AppraisalRuleCodeListVersion0</AppraisalRuleCodeListVersion>
        <AccessRuleCodeListVersion>AccessRuleCodeListVersion0</AccessRuleCodeListVersion>
        <DisseminationRuleCodeListVersion>DisseminationRuleCodeListVersion0</DisseminationRuleCodeListVersion>
        <ReuseRuleCodeListVersion>ReuseRuleCodeListVersion0</ReuseRuleCodeListVersion>
        <ClassificationRuleCodeListVersion>ClassificationRuleCodeListVersion0</ClassificationRuleCodeListVersion>
        <AuthorizationReasonCodeListVersion>AuthorizationReasonCodeListVersion0</AuthorizationReasonCodeListVersion>
        <RelationshipCodeListVersion>RelationshipCodeListVersion0</RelationshipCodeListVersion>
    </CodeListVersions>
    <DataObjectPackage xml:id="ID2">
        <BinaryDataObject id="ID7">
            <DataObjectGroupId>ID6</DataObjectGroupId>
            <DataObjectVersion>BinaryMaster</DataObjectVersion>
            <Uri>Content/DttzvaBjmOJlnNHhwjRWBRqvyqWtbx.pdf</Uri>
            <MessageDigest algorithm="SHA-512"
                >942bb63cc16bf5ca3ba7fabf40ce9be19c3185a36cd87ad17c63d6fad1aa29d4312d73f2d6a1ba1266c3a71fc4119dd476d2d776cf2ad2acd7a9a3dfa1f80dc7</MessageDigest>
            <Size>29403</Size>
            <FormatIdentification>
                <FormatLitteral>Acrobat PDF 1.4 - Portable Document Format</FormatLitteral>
                <MimeType>application/pdf</MimeType>
                <FormatId>fmt/18</FormatId>
            </FormatIdentification>
            <FileInfo>
                <Filename>DttzvaBjmOJlnNHhwjRWBRqvyqWtbx.pdf</Filename>
                <LastModified>2016-05-31T18:17:53.000+02:00</LastModified>
            </FileInfo>
        </BinaryDataObject>
        <BinaryDataObject id="ID11">
            <DataObjectGroupId>ID10</DataObjectGroupId>
            <DataObjectVersion>BinaryMaster</DataObjectVersion>
            <Uri>Content/EfxvcfP9MBWlnAJYTArbUbMEdFa2PB.pdf</Uri>
            <MessageDigest algorithm="SHA-512"
                >942bb63cc16bf5ca3ba7fabf40ce9be19c3185a36cd87ad17c63d6fad1aa29d4312d73f2d6a1ba1266c3a71fc4119dd476d2d776cf2ad2acd7a9a3dfa1f80dc7</MessageDigest>
            <Size>29403</Size>
            <FormatIdentification>
                <FormatLitteral>Acrobat PDF 1.4 - Portable Document Format</FormatLitteral>
                <MimeType>application/pdf</MimeType>
                <FormatId>fmt/18</FormatId>
            </FormatIdentification>
            <FileInfo>
                <Filename>EfxvcfP9MBWlnAJYTArbUbMEdFa2PB.pdf</Filename>
                <LastModified>2016-05-31T18:18:20.000+02:00</LastModified>
            </FileInfo>
        </BinaryDataObject>
        <BinaryDataObject id="ID17">
            <DataObjectGroupId>ID16</DataObjectGroupId>
            <DataObjectVersion>BinaryMaster</DataObjectVersion>
            <Uri>Content/eGNLkNvdmK0Iqq0zv3GVHgR7Ag7nlV.pdf</Uri>
            <MessageDigest algorithm="SHA-512"
                >942bb63cc16bf5ca3ba7fabf40ce9be19c3185a36cd87ad17c63d6fad1aa29d4312d73f2d6a1ba1266c3a71fc4119dd476d2d776cf2ad2acd7a9a3dfa1f80dc7</MessageDigest>
            <Size>29403</Size>
            <FormatIdentification>
                <FormatLitteral>Acrobat PDF 1.4 - Portable Document Format</FormatLitteral>
                <MimeType>application/pdf</MimeType>
                <FormatId>fmt/18</FormatId>
            </FormatIdentification>
            <FileInfo>
                <Filename>eGNLkNvdmK0Iqq0zv3GVHgR7Ag7nlV.pdf</Filename>
                <LastModified>2016-05-25T12:05:11.000+02:00</LastModified>
            </FileInfo>
        </BinaryDataObject>
        <BinaryDataObject id="ID21">
            <DataObjectGroupId>ID20</DataObjectGroupId>
            <DataObjectVersion>BinaryMaster</DataObjectVersion>
            <Uri>Content/GBlNSraIrmIpWQNmJlDzPYLOC8CBk0.pdf</Uri>
            <MessageDigest algorithm="SHA-512"
                >942bb63cc16bf5ca3ba7fabf40ce9be19c3185a36cd87ad17c63d6fad1aa29d4312d73f2d6a1ba1266c3a71fc4119dd476d2d776cf2ad2acd7a9a3dfa1f80dc7</MessageDigest>
            <Size>29403</Size>
            <FormatIdentification>
                <FormatLitteral>Acrobat PDF 1.4 - Portable Document Format</FormatLitteral>
                <MimeType>application/pdf</MimeType>
                <FormatId>fmt/18</FormatId>
            </FormatIdentification>
            <FileInfo>
                <Filename>GBlNSraIrmIpWQNmJlDzPYLOC8CBk0.pdf</Filename>
                <LastModified>2016-06-09T17:55:55.000+02:00</LastModified>
            </FileInfo>
        </BinaryDataObject>
        <BinaryDataObject id="ID27">
            <DataObjectGroupId>ID26</DataObjectGroupId>
            <DataObjectVersion>BinaryMaster</DataObjectVersion>
            <Uri>Content/IckGHIhYvJmy2WwNddEBmljXFol4Zd.pdf</Uri>
            <MessageDigest algorithm="SHA-512"
                >942bb63cc16bf5ca3ba7fabf40ce9be19c3185a36cd87ad17c63d6fad1aa29d4312d73f2d6a1ba1266c3a71fc4119dd476d2d776cf2ad2acd7a9a3dfa1f80dc7</MessageDigest>
            <Size>29403</Size>
            <FormatIdentification>
                <FormatLitteral>Acrobat PDF 1.4 - Portable Document Format</FormatLitteral>
                <MimeType>application/pdf</MimeType>
                <FormatId>fmt/18</FormatId>
            </FormatIdentification>
            <FileInfo>
                <Filename>IckGHIhYvJmy2WwNddEBmljXFol4Zd.pdf</Filename>
                <LastModified>2016-08-05T09:28:15.000+02:00</LastModified>
            </FileInfo>
        </BinaryDataObject>
        <BinaryDataObject id="ID33">
            <DataObjectGroupId>ID32</DataObjectGroupId>
            <DataObjectVersion>BinaryMaster</DataObjectVersion>
            <Uri>Content/IfTPz6AWS1VwRfNSlhsq83sMNPidvA.pdf</Uri>
            <MessageDigest algorithm="SHA-512"
                >942bb63cc16bf5ca3ba7fabf40ce9be19c3185a36cd87ad17c63d6fad1aa29d4312d73f2d6a1ba1266c3a71fc4119dd476d2d776cf2ad2acd7a9a3dfa1f80dc7</MessageDigest>
            <Size>29403</Size>
            <FormatIdentification>
                <FormatLitteral>Acrobat PDF 1.4 - Portable Document Format</FormatLitteral>
                <MimeType>application/pdf</MimeType>
                <FormatId>fmt/18</FormatId>
            </FormatIdentification>
            <FileInfo>
                <Filename>IfTPz6AWS1VwRfNSlhsq83sMNPidvA.pdf</Filename>
                <LastModified>2016-06-03T15:28:00.000+02:00</LastModified>
            </FileInfo>
        </BinaryDataObject>
        <BinaryDataObject id="ID37">
            <DataObjectGroupId>ID36</DataObjectGroupId>
            <DataObjectVersion>BinaryMaster</DataObjectVersion>
            <Uri>Content/JpddOUNiM4SgeBHfZy6fGepG9dV7ca.odt</Uri>
            <MessageDigest algorithm="SHA-512"
                >58e37fa092797145f2a0d063ebf8699b9725ab9955ebc2aa503539c3d7c39ab4f867ffb02595782195f2f94ac23017f9a78c1b10c2fc37287227a7673e2b8c28</MessageDigest>
            <Size>68438</Size>
            <FormatIdentification>
                <FormatLitteral>OpenDocument Text</FormatLitteral>
                <MimeType>application/vnd.oasis.opendocument.text</MimeType>
                <FormatId>fmt/291</FormatId>
            </FormatIdentification>
            <FileInfo>
                <Filename>JpddOUNiM4SgeBHfZy6fGepG9dV7ca.odt</Filename>
                <LastModified>2016-09-23T11:21:22.000+02:00</LastModified>
            </FileInfo>
        </BinaryDataObject>
        <BinaryDataObject id="ID43">
            <DataObjectGroupId>ID42</DataObjectGroupId>
            <DataObjectVersion>BinaryMaster</DataObjectVersion>
            <Uri>Content/k2GlqbOmr7AVxwkhOB4cHh3oB1rxdm.pdf</Uri>
            <MessageDigest algorithm="SHA-512"
                >942bb63cc16bf5ca3ba7fabf40ce9be19c3185a36cd87ad17c63d6fad1aa29d4312d73f2d6a1ba1266c3a71fc4119dd476d2d776cf2ad2acd7a9a3dfa1f80dc7</MessageDigest>
            <Size>29403</Size>
            <FormatIdentification>
                <FormatLitteral>Acrobat PDF 1.4 - Portable Document Format</FormatLitteral>
                <MimeType>application/pdf</MimeType>
                <FormatId>fmt/18</FormatId>
            </FormatIdentification>
            <FileInfo>
                <Filename>k2GlqbOmr7AVxwkhOB4cHh3oB1rxdm.pdf</Filename>
                <LastModified>2016-10-19T17:45:18.000+02:00</LastModified>
            </FileInfo>
        </BinaryDataObject>
        <BinaryDataObject id="ID49">
            <DataObjectGroupId>ID48</DataObjectGroupId>
            <DataObjectVersion>BinaryMaster</DataObjectVersion>
            <Uri>Content/KaO8AyZWnnzs6RYEujDXRlpxpYy3rQ.pdf</Uri>
            <MessageDigest algorithm="SHA-512"
                >942bb63cc16bf5ca3ba7fabf40ce9be19c3185a36cd87ad17c63d6fad1aa29d4312d73f2d6a1ba1266c3a71fc4119dd476d2d776cf2ad2acd7a9a3dfa1f80dc7</MessageDigest>
            <Size>29403</Size>
            <FormatIdentification>
                <FormatLitteral>Acrobat PDF 1.4 - Portable Document Format</FormatLitteral>
                <MimeType>application/pdf</MimeType>
                <FormatId>fmt/18</FormatId>
            </FormatIdentification>
            <FileInfo>
                <Filename>KaO8AyZWnnzs6RYEujDXRlpxpYy3rQ</Filename>
                <LastModified>2016-05-30T14:06:51.000+02:00</LastModified>
            </FileInfo>
        </BinaryDataObject>
        <BinaryDataObject id="ID53">
            <DataObjectGroupId>ID52</DataObjectGroupId>
            <DataObjectVersion>BinaryMaster</DataObjectVersion>
            <Uri>Content/KEpK4t9AS8oYpbWkr4rWo10vcfIBXM.odt</Uri>
            <MessageDigest algorithm="SHA-512"
                >58e37fa092797145f2a0d063ebf8699b9725ab9955ebc2aa503539c3d7c39ab4f867ffb02595782195f2f94ac23017f9a78c1b10c2fc37287227a7673e2b8c28</MessageDigest>
            <Size>68438</Size>
            <FormatIdentification>
                <FormatLitteral>OpenDocument Text</FormatLitteral>
                <MimeType>application/vnd.oasis.opendocument.text</MimeType>
                <FormatId>fmt/291</FormatId>
            </FormatIdentification>
            <FileInfo>
                <Filename>KEpK4t9AS8oYpbWkr4rWo10vcfIBXM</Filename>
                <LastModified>2016-06-08T10:16:16.000+02:00</LastModified>
            </FileInfo>
        </BinaryDataObject>
        <DescriptiveMetadata>
            <ArchiveUnit id="ID3">
                <Content>
                    <DescriptionLevel>RecordGrp</DescriptionLevel>
                    <Title>Archive unit racine</Title>
                    <Description>Integer posuere, lorem vitae suscipit tristique, odio sem sagittis augue, dignissim bibendum mauris neque a lectus. Cras eu diam et urna efficitur elementum varius at orci.</Description>
                    <StartDate>2016-05-25T12:05:11</StartDate>
                    <EndDate>2016-10-19T17:45:18</EndDate>
                </Content>
                <ArchiveUnit id="ID5">
                    <ArchiveUnitRefId>ID4</ArchiveUnitRefId>
                </ArchiveUnit>
                <ArchiveUnit id="ID15">
                    <ArchiveUnitRefId>ID14</ArchiveUnitRefId>
                </ArchiveUnit>
                <ArchiveUnit id="ID25">
                    <ArchiveUnitRefId>ID24</ArchiveUnitRefId>
                </ArchiveUnit>
                <ArchiveUnit id="ID31">
                    <ArchiveUnitRefId>ID30</ArchiveUnitRefId>
                </ArchiveUnit>
                <ArchiveUnit id="ID41">
                    <ArchiveUnitRefId>ID40</ArchiveUnitRefId>
                </ArchiveUnit>
                <ArchiveUnit id="ID47">
                    <ArchiveUnitRefId>ID46</ArchiveUnitRefId>
                </ArchiveUnit>
            </ArchiveUnit>
            <ArchiveUnit id="ID4">
                <Content>
                    <DescriptionLevel>RecordGrp</DescriptionLevel>
                    <Title>Archive unit string</Title>
                    <Description>Aliquam maximus ullamcorper mauris sit amet lacinia. Pellentesque porta, urna sed elementum lacinia, mi diam tempus urna, eu pretium lorem nulla non metus</Description>
                    <StartDate>2016-05-31T18:17:53</StartDate>
                    <EndDate>2016-05-31T18:18:20</EndDate>
					<DataString1>Mon texte data1 1</DataString1>
					<DataString2>Mon texte data2 1</DataString2>
					<DataString2>Mon texte data2 2</DataString2>
					<DataString2>Mon texte data2 3</DataString2>
					<DataString3>
						<DataString31>Mon texte data31</DataString31>
						<DataString32>Mon texte data32 1</DataString32>
						<DataString32>Mon texte data32 2</DataString32>
						<DataString33>
							<DataString331>Mon texte data331 1</DataString331>
							<DataString332>Mon texte data332 1</DataString332>
							<DataString332>Mon texte data332 2</DataString332>
						</DataString33>
					</DataString3>
		<DataInTest>in1</DataInTest>
		<DataInTest>in2</DataInTest>
                </Content>
                <ArchiveUnit id="ID9">
                    <ArchiveUnitRefId>ID8</ArchiveUnitRefId>
                </ArchiveUnit>
                <ArchiveUnit id="ID13">
                    <ArchiveUnitRefId>ID12</ArchiveUnitRefId>
                </ArchiveUnit>
            </ArchiveUnit>
            <ArchiveUnit id="ID8">
                <Content>
                    <DescriptionLevel>Item</DescriptionLevel>
                    <Title>Archive unit date</Title>
                    <Description> Mauris ultrices vitae enim ultrices hendrerit. Morbi non semper arcu, a sagittis erat. Nunc dui nibh, facilisis quis tincidunt ac, blandit quis felis</Description>
                    <TransactedDate>2016-05-31T18:17:53</TransactedDate>
					<DataDate1>2016-05-31T18:17:53</DataDate1>
					<DataDate2>2016-05-31T18:18:53</DataDate2>
					<DataDate2>2016-06-30T18:17:53</DataDate2>
					<DataDate2>2016-05-31T18:17:53</DataDate2>
					<DataDate3>
						<DataDate31>2016-05-30T18:17:53</DataDate31>
						<DataDate32>2016-05-31T18:17:53</DataDate32>
						<DataDate32>2016-05-31T19:17:53</DataDate32>
						<DataDate33>
							<DataDate331>2016-05-31T19:17:53</DataDate331>
							<DataDate332>2016-05-31T19:17:53</DataDate332>
							<DataDate332>2017-05-31T19:17:53</DataDate332>
						</DataDate33>
					</DataDate3>
		<DataInTest>in1</DataInTest>
                </Content>
                <DataObjectReference>
                    <DataObjectGroupReferenceId>ID6</DataObjectGroupReferenceId>
                </DataObjectReference>
            </ArchiveUnit>
            <ArchiveUnit id="ID12">
                <Content>
                    <DescriptionLevel>Item</DescriptionLevel>
                    <Title>Archive unit number</Title>
                    <Description>Nullam bibendum eros quis dolor sollicitudin tempor non et libero.</Description>
                    <TransactedDate>2016-05-31T18:18:20</TransactedDate>
					<DataNumber1>2016</DataNumber1>
					<DataNumber2>001</DataNumber2>
					<DataNumber2>-2016</DataNumber2>
					<DataNumber2>0</DataNumber2>
					<DataNumber3>
						<DataNumber31>2015</DataNumber31>
						<DataNumber32>2016</DataNumber32>
						<DataNumber32>2016</DataNumber32>
						<DataDate33>
							<DataNumber331>2016</DataNumber331>
							<DataNumber332>2017</DataNumber332>
							<DataNumber332>2018</DataNumber332>
						</DataDate33>
					</DataNumber3>
                </Content>
                <DataObjectReference>
                    <DataObjectGroupReferenceId>ID10</DataObjectGroupReferenceId>
                </DataObjectReference>
            </ArchiveUnit>
            <ArchiveUnit id="ID14">
                <Content>
                    <DescriptionLevel>RecordGrp</DescriptionLevel>
                    <Title>Archive unit decimal</Title>
                    <Description>Curabitur sem lacus, imperdiet sed purus sit amet, imperdiet porta mi. Pellentesque ligula magna, facilisis nec mi in, volutpat accumsan eros</Description>
                    <StartDate>2016-05-25T12:05:11</StartDate>
                    <EndDate>2016-06-09T17:55:55</EndDate>
					<DataDecimal1>1234.567890</DataDecimal1>
					<DataDecimal2>1234.567890</DataDecimal2>
					<DataDecimal2>-1234.567890</DataDecimal2>
					<DataDecimal2>1234.567890</DataDecimal2>
					<DataDecimal3>
						<DataDecimal31>1244,567890</DataDecimal31>
						<DataDecimal32>1234.567890</DataDecimal32>
						<DataDecimal32>1235.567890</DataDecimal32>
						<DataDecimal33>
							<DataNumber331>1234</DataNumber331>
							<DataNumber332>1234</DataNumber332>
							<DataNumber332>1234.5678</DataNumber332>
						</DataDecimal33>
					</DataDecimal3>
		<DataInTest>in1</DataInTest>
		<DataInTest>in2</DataInTest>
                </Content>
                <ArchiveUnit id="ID19">
                    <ArchiveUnitRefId>ID18</ArchiveUnitRefId>
                </ArchiveUnit>
                <ArchiveUnit id="ID23">
                    <ArchiveUnitRefId>ID22</ArchiveUnitRefId>
                </ArchiveUnit>
            </ArchiveUnit>
            <ArchiveUnit id="ID18">
                <Content>
                    <DescriptionLevel>Item</DescriptionLevel>
                    <Title>id vulputate augue nulla</Title>
                    <Description> Quisque nec diam aliquet, aliquet purus non, dictum turpis. </Description>
                    <TransactedDate>2016-05-25T12:05:11</TransactedDate>
					<DataBoolean1>true</DataBoolean1>
					<DataBoolean2>true</DataBoolean2>
					<DataBoolean2>false</DataBoolean2>
					<DataBoolean2>true</DataBoolean2>
					<DataBoolean3>
						<DataBoolean31>true</DataBoolean31>
						<DataBoolean32>true</DataBoolean32>
						<DataBoolean32>true</DataBoolean32>
						<DataBoolean33>
							<DataBoolean331>true</DataBoolean331>
							<DataBoolean332>false</DataBoolean332>
							<DataBoolean332>true</DataBoolean332>
						</DataBoolean33>
					</DataBoolean3>
		<DataInTest>in1</DataInTest>
		<DataInTest>in2</DataInTest>
                </Content>
                <DataObjectReference>
                    <DataObjectGroupReferenceId>ID16</DataObjectGroupReferenceId>
                </DataObjectReference>
            </ArchiveUnit>
            <ArchiveUnit id="ID22">
                <Content>
                    <DescriptionLevel>Item</DescriptionLevel>
                    <Title>Class aptent taciti</Title>
                    <Description>Curabitur sem lacus, imperdiet sed purus sit amet, imperdiet porta mi. Pellentesque ligula magna, facilisis nec mi in, volutpat accumsan eros. </Description>
                    <TransactedDate>2016-06-09T17:55:55</TransactedDate>
		<DataInTest>in1</DataInTest>
		<DataInTest>in2</DataInTest>
                </Content>
                <DataObjectReference>
                    <DataObjectGroupReferenceId>ID20</DataObjectGroupReferenceId>
                </DataObjectReference>
            </ArchiveUnit>
            <ArchiveUnit id="ID24">
                <Content>
                    <DescriptionLevel>RecordGrp</DescriptionLevel>
                    <Title>dossier_1</Title>
                    <Description>/tmp/arborescence_rateau/dossier_1</Description>
                    <StartDate>2016-08-05T09:28:15</StartDate>
                    <EndDate>2016-08-05T09:28:15</EndDate>
		<DataInTest>in1</DataInTest>
		<DataInTestNum>1</DataInTestNum>
		<DataInTestNum>20</DataInTestNum>
		<DataInTestNum>300</DataInTestNum>
		<DataInTestNum>4000</DataInTestNum>
		<DataInTestNum>50000</DataInTestNum>
		<DataInTestNum>600000</DataInTestNum>
		<DataInTestTab0>
			<DataInTestTab1>
				<DataInTestTab2>
					<DataInTestTab3>a</DataInTestTab3>
					<DataInTestTab3>b</DataInTestTab3>
					<DataInTestTab3>c</DataInTestTab3>
					<DataInTestTab3>d</DataInTestTab3>
					<DataInTestTab3>e</DataInTestTab3>
				</DataInTestTab2>
			</DataInTestTab1>
		</DataInTestTab0>
                </Content>
                <ArchiveUnit id="ID29">
                    <ArchiveUnitRefId>ID28</ArchiveUnitRefId>
                </ArchiveUnit>
            </ArchiveUnit>
            <ArchiveUnit id="ID28">
                <Content>
                    <DescriptionLevel>Item</DescriptionLevel>
                    <Title>Curabitur sem lacus</Title>
                    <Description>Nam ipsum enim, mattis vitae mauris eu, convallis semper enim. Phasellus eu congue elit, scelerisque placerat magna. </Description>
                    <TransactedDate>2016-08-05T09:28:15</TransactedDate>
		<DataInTest>in1</DataInTest>
		<DataInTestNum>1</DataInTestNum>
		<DataInTestNum>20</DataInTestNum>
		<DataInTestTab0>
			<DataInTestTab1>
				<DataInTestTab2>
					<DataInTestTab3>f</DataInTestTab3>
					<DataInTestTab3>g</DataInTestTab3>
					<DataInTestTab3>h</DataInTestTab3>
					<DataInTestTab3>i</DataInTestTab3>
					<DataInTestTab3>j</DataInTestTab3>
				</DataInTestTab2>
			</DataInTestTab1>
		</DataInTestTab0>
                </Content>
                <DataObjectReference>
                    <DataObjectGroupReferenceId>ID26</DataObjectGroupReferenceId>
                </DataObjectReference>
            </ArchiveUnit>
            <ArchiveUnit id="ID30">
                <Content>
                    <DescriptionLevel>RecordGrp</DescriptionLevel>
                    <Title>Flans de courgettes simples</Title>
                    <Description>Faire cuire les courgettes sans enlever la peau. Battre les six oeufs en omelette.</Description>
                    <StartDate>2016-06-03T15:28:00</StartDate>
                    <EndDate>2016-09-23T11:21:22</EndDate>
		<DataInTest>in1</DataInTest>
		<DataInTest>in2</DataInTest>
		<DataInTestNum>1</DataInTestNum>
		<DataInTestNum>20</DataInTestNum>
		<DataInTestNum>300</DataInTestNum>
		<DataInTestDec>0.5000</DataInTestDec>
		<DataInTestTab0>
			<DataInTestTab1>
				<DataInTestTab2>
					<DataInTestTab3>k</DataInTestTab3>
					<DataInTestTab3>l</DataInTestTab3>
					<DataInTestTab3>m</DataInTestTab3>
					<DataInTestTab3>n</DataInTestTab3>
					<DataInTestTab3>o</DataInTestTab3>
				</DataInTestTab2>
			</DataInTestTab1>
		</DataInTestTab0>
                </Content>
                <ArchiveUnit id="ID35">
                    <ArchiveUnitRefId>ID34</ArchiveUnitRefId>
                </ArchiveUnit>
                <ArchiveUnit id="ID39">
                    <ArchiveUnitRefId>ID38</ArchiveUnitRefId>
                </ArchiveUnit>
            </ArchiveUnit>
            <ArchiveUnit id="ID34">
                <Content>
                    <DescriptionLevel>Item</DescriptionLevel>
                    <Title>Flans de courgettes simples</Title>
                    <Description>Faire cuire les courgettes sans enlever la peau.</Description>
                    <TransactedDate>2016-06-03T15:28:00</TransactedDate>
		<DataInTest>in1</DataInTest>
		<DataInTestNum>7</DataInTestNum>
		<DataInTestNum>80</DataInTestNum>
		<DataInTestNum>900</DataInTestNum>
		<DataInTestDec>0.5000</DataInTestDec>
		<DataInTestTab0>
			<DataInTestTab1>
				<DataInTestTab2>
					<DataInTestTab3>a</DataInTestTab3>
				</DataInTestTab2>
			</DataInTestTab1>
		</DataInTestTab0>
                </Content>
                <DataObjectReference>
                    <DataObjectGroupReferenceId>ID32</DataObjectGroupReferenceId>
                </DataObjectReference>
            </ArchiveUnit>
            <ArchiveUnit id="ID38">
                <Content>
                    <DescriptionLevel>Item</DescriptionLevel>
                    <Title>Phasellus et finibus tortor</Title>
                    <Description>Nam ipsum enim, mattis vitae mauris eu, convallis semper enim. Phasellus eu congue elit, scelerisque placerat magna. </Description>
                    <TransactedDate>2016-09-23T11:21:22</TransactedDate>
		<DataInTestNum>8</DataInTestNum>
		<DataInTestNum>90</DataInTestNum>
		<DataInTestNum>100</DataInTestNum>
		<DataInTestTab0>
			<DataInTestTab1>
				<DataInTestTab2>
					<DataInTestTab3>b</DataInTestTab3>
					<DataInTestTab3>o</DataInTestTab3>
				</DataInTestTab2>
			</DataInTestTab1>
		</DataInTestTab0>
                </Content>
                <DataObjectReference>
                    <DataObjectGroupReferenceId>ID36</DataObjectGroupReferenceId>
                </DataObjectReference>
            </ArchiveUnit>
            <ArchiveUnit id="ID40">
                <Content>
                    <DescriptionLevel>RecordGrp</DescriptionLevel>
                    <Title>dossier_6</Title>
                    <Description>Class aptent taciti sociosqu ad litora torquent per conubia nostra, per inceptos himenaeos. Curabitur varius gravida tellus, vel pulvinar sem sodales congue</Description>
                    <StartDate>2016-10-19T17:45:18</StartDate>
                    <EndDate>2016-10-19T17:45:18</EndDate>
		<DataInTest>in1</DataInTest>
		<DataInTestDec>0.1</DataInTestDec>
		<DataInTestDec>0.20</DataInTestDec>
		<DataInTestDec>0.300</DataInTestDec>
		<DataInTestDec>0.4000</DataInTestDec>
		<DataInTestDec>0.50000</DataInTestDec>
		<DataInTestNum>900</DataInTestNum>
		<DataInTestTab0>
			<DataInTestTab1>
				<DataInTestTab2>
					<DataInTestTab3>e</DataInTestTab3>
				</DataInTestTab2>
			</DataInTestTab1>
		</DataInTestTab0>
                </Content>
                <ArchiveUnit id="ID45">
                    <ArchiveUnitRefId>ID44</ArchiveUnitRefId>
                </ArchiveUnit>
            </ArchiveUnit>
            <ArchiveUnit id="ID44">
                <Content>
                    <DescriptionLevel>Item</DescriptionLevel>
                    <Title>Mauris vulputate varius porta</Title>
                    <Description>uam maximus ullamcorper mauris sit amet lacinia. Pellentesque porta, urna sed elementum lacinia, mi diam tempus urna, eu pretium lor</Description>
                    <TransactedDate>2016-10-19T17:45:18</TransactedDate>
		<DataInTest>in1</DataInTest>
		<DataInTestDec>0.2</DataInTestDec>
		<DataInTestDec>0.30</DataInTestDec>
		<DataInTestDec>0.400</DataInTestDec>
		<DataInTestDec>0.5000</DataInTestDec>
		<DataInTestDec>0.60000</DataInTestDec>
		<DataInTestTab0>
			<DataInTestTab1>
				<DataInTestTab2>
					<DataInTestTab3>j</DataInTestTab3>
					<DataInTestTab3>c</DataInTestTab3>
				</DataInTestTab2>
			</DataInTestTab1>
		</DataInTestTab0>
                </Content>
                <DataObjectReference>
                    <DataObjectGroupReferenceId>ID42</DataObjectGroupReferenceId>
                </DataObjectReference>
            </ArchiveUnit>
            <ArchiveUnit id="ID46">
                <Content>
                    <DescriptionLevel>RecordGrp</DescriptionLevel>
                    <Title>dossier_3</Title>
                    <Description>at ultrices. Curabitur justo est, molestie ut dictum ac, eleifend nec tellus. Nullam bibendum eros quis dolor sollicitudin tempor non et libero. Morbi dapibus nibh ex, eget iaculis mauris ultrices vitae. Etiam in justo mauris. Pellentesque habitant morbi tristique senectus et netus et</Description>
                    <StartDate>2016-05-30T14:06:51</StartDate>
                    <EndDate>2016-06-08T10:16:16</EndDate>
		<DataInTestDec>0.2</DataInTestDec>
		<DataInTestDec>0.3</DataInTestDec>
		<DataInTestDec>0.4</DataInTestDec>
		<DataInTestNum>900</DataInTestNum>
		<DataInTestTab0>
			<DataInTestTab1>
				<DataInTestTab2>
					<DataInTestTab3>h</DataInTestTab3>
				</DataInTestTab2>
			</DataInTestTab1>
		</DataInTestTab0>
                </Content>
                <ArchiveUnit id="ID51">
                    <ArchiveUnitRefId>ID50</ArchiveUnitRefId>
                </ArchiveUnit>
                <ArchiveUnit id="ID55">
                    <ArchiveUnitRefId>ID54</ArchiveUnitRefId>
                </ArchiveUnit>
            </ArchiveUnit>
            <ArchiveUnit id="ID50">
                <Content>
                    <DescriptionLevel>Item</DescriptionLevel>
                    <Title>Donec ipsum erat, tempus congue ultricies sit amet</Title>
                    <Description>ada fames ac turpis egestas. Mauris ultrices vitae enim ultrices hendrerit. Morbi non semper arcu, a sagittis erat. Nunc dui nibh, facilisis quis tincidunt ac, blandit quis felis. Nulla dignissim, nisl vitae facilisis dictum, lectus erat vehicula diam, ac sagittis turpis leo et metu</Description>
                    <TransactedDate>2016-05-30T14:06:51</TransactedDate>
		<DataInTest>in1</DataInTest>
		<DataInTest>in2</DataInTest>
		<DataInTestDec>0.5</DataInTestDec>
		<DataInTestDec>0.60</DataInTestDec>
		<DataInTestDec>0.700</DataInTestDec>
		<DataInTestDec>0.8000</DataInTestDec>
		<DataInTestDec>0.90000</DataInTestDec>
		<DataInTestNum>900</DataInTestNum>
		<DataInTestTab0>
			<DataInTestTab1>
				<DataInTestTab2>
					<DataInTestTab3>g</DataInTestTab3>
					<DataInTestTab3>i</DataInTestTab3>
				</DataInTestTab2>
			</DataInTestTab1>
		</DataInTestTab0>
                </Content>
                <DataObjectReference>
                    <DataObjectGroupReferenceId>ID48</DataObjectGroupReferenceId>
                </DataObjectReference>
            </ArchiveUnit>
            <ArchiveUnit id="ID54">
                <Content>
                    <DescriptionLevel>Item</DescriptionLevel>
                    <Title>Archive unit limit values</Title>
                    <Description>Curabitur et velit ornare, consectetur mi sed, volutpat augue. Duis semper, mauris eget luctus facilisis, tortor purus euismod mi, id vulputate augue nulla sit amet sapien. Sed posuere porta tortor vel tempus. Donec in vestibulum tellus.</Description>
                    <TransactedDate>2016-06-08T10:16:16</TransactedDate>
					<DataNumberMax>9223372036854775808</DataNumberMax>
					<DataNumberMin>−9223372036854775809</DataNumberMin>
					<DataDecimalFormat1>12345.789</DataDecimalFormat1>
					<DataDecimalFormat2>12345,789</DataDecimalFormat2>
					<DataDecimalFormat3>12,345.789</DataDecimalFormat3>
					<DataDecimalFormat4>12.345,789</DataDecimalFormat4>
					<DataBooleanFormat1>off</DataBooleanFormat1>
					<DataBooleanFormat2>FALSE</DataBooleanFormat2>
					<DataBooleanFormat3>0</DataBooleanFormat3>
					<DataBooleanFormat4>on</DataBooleanFormat4>
					<DataBooleanFormat5>TRUE</DataBooleanFormat5>
					<DataBooleanFormat6>1</DataBooleanFormat6>
		<DataInTestNum>900</DataInTestNum>
		<DataInTestDec>0.5000</DataInTestDec>
                </Content>
                <DataObjectReference>
                    <DataObjectGroupReferenceId>ID52</DataObjectGroupReferenceId>
                </DataObjectReference>
            </ArchiveUnit>
        </DescriptiveMetadata>
        <ManagementMetadata>
            <OriginatingAgencyIdentifier>FRAN_NP_050770</OriginatingAgencyIdentifier>
            <SubmissionAgencyIdentifier>FRAN_NP_050770</SubmissionAgencyIdentifier>
        </ManagementMetadata>
    </DataObjectPackage>
    <ArchivalAgency>
        <Identifier>Identifier4</Identifier>
    </ArchivalAgency>
    <TransferringAgency>
        <Identifier>Identifier5</Identifier>
    </TransferringAgency>
</ArchiveTransfer>
