<?xml version='1.0' encoding='UTF-8'?>
<ArchiveTransfer xmlns:xlink="http://www.w3.org/1999/xlink" xmlns:pr="info:lc/xmlns/premis-v2"
    xmlns="fr:gouv:culture:archivesdefrance:seda:v2.1"
    xmlns:xsi="http://www.w3.org/2001/XMLSchema-instance"
    xsi:schemaLocation="fr:gouv:culture:archivesdefrance:seda:v2.1 seda-2.1-main.xsd" xml:id="ID1">
    <Comment>2eme SIP</Comment>
    <Date>2018-10-04T17:05:04</Date>
    <MessageIdentifier>MessageIdentifier0</MessageIdentifier>
    <ArchivalAgreement>ArchivalAgreement0</ArchivalAgreement>
    <CodeListVersions>
        <ReplyCodeListVersion>ReplyCodeListVersion0</ReplyCodeListVersion>
        <MessageDigestAlgorithmCodeListVersion>MessageDigestAlgorithmCodeListVersion0</MessageDigestAlgorithmCodeListVersion>
        <MimeTypeCodeListVersion>MimeTypeCodeListVersion0</MimeTypeCodeListVersion>
        <EncodingCodeListVersion>EncodingCodeListVersion0</EncodingCodeListVersion>
        <FileFormatCodeListVersion>FileFormatCodeListVersion0</FileFormatCodeListVersion>
        <CompressionAlgorithmCodeListVersion>CompressionAlgorithmCodeListVersion0</CompressionAlgorithmCodeListVersion>
        <DataObjectVersionCodeListVersion>DataObjectVersionCodeListVersion0</DataObjectVersionCodeListVersion>
        <StorageRuleCodeListVersion>StorageRuleCodeListVersion0</StorageRuleCodeListVersion>
        <AppraisalRuleCodeListVersion>AppraisalRuleCodeListVersion0</AppraisalRuleCodeListVersion>
        <AccessRuleCodeListVersion>AccessRuleCodeListVersion0</AccessRuleCodeListVersion>
        <DisseminationRuleCodeListVersion>DisseminationRuleCodeListVersion0</DisseminationRuleCodeListVersion>
        <ReuseRuleCodeListVersion>ReuseRuleCodeListVersion0</ReuseRuleCodeListVersion>
        <ClassificationRuleCodeListVersion>ClassificationRuleCodeListVersion0</ClassificationRuleCodeListVersion>
        <AuthorizationReasonCodeListVersion>AuthorizationReasonCodeListVersion0</AuthorizationReasonCodeListVersion>
        <RelationshipCodeListVersion>RelationshipCodeListVersion0</RelationshipCodeListVersion>
    </CodeListVersions>
    <DataObjectPackage xml:id="ID2">
        <DataObjectGroup id="ID8">
            <BinaryDataObject id="ID9">
                <DataObjectVersion>BinaryMaster</DataObjectVersion>
                <Uri>Content/ID9.odt</Uri>
                <MessageDigest algorithm="SHA-512"
                    >59cca81fb1b51e80f27b644f959e7e0c2a9cabca6c5e437ada8b6f6517d845da99059c4fabb8e59ac6dd791c7bd2c251149708b141f9a734cd144c5dfa0f4f70</MessageDigest>
                <Size>7405</Size>
                <FormatIdentification>
                    <FormatLitteral>OpenDocument Text</FormatLitteral>
                    <MimeType>application/vnd.oasis.opendocument.text</MimeType>
                    <FormatId>fmt/291</FormatId>
                </FormatIdentification>
                <FileInfo>
                    <Filename>Campagne_2018.odt</Filename>
                    <LastModified>2018-10-04T16:45:18.430+02:00</LastModified>
                </FileInfo>
            </BinaryDataObject>
        </DataObjectGroup>
        <DescriptiveMetadata>
            <ArchiveUnit id="ID100">
               <Management>
                   <UpdateOperation>
                       <SystemId>_REPLACE_ME_</SystemId>
                   </UpdateOperation>
               </Management> 
               <Content>
                    <DescriptionLevel>RecordGrp</DescriptionLevel>
                    <Title>Service_politique</Title>
                    <Description>C:\Users\mehdi.afnai\Desktop\Test Keep implicite\Test Keep
                        implicite\Ambassade_de_France_en_Ruritanie\Service_politique</Description>
                    <StartDate>2018-10-04T16:39:43</StartDate>
                    <EndDate>2018-10-04T16:39:43</EndDate>
                </Content>
                <ArchiveUnit id="ID103">
                    <ArchiveUnitRefId>ID4</ArchiveUnitRefId>
                </ArchiveUnit>
            </ArchiveUnit>
            <ArchiveUnit id="ID3">
                <Content>
                    <DescriptionLevel>RecordGrp</DescriptionLevel>
                    <Title>Direction_des_français_à_l'étranger</Title>
                    <Description>C:\Users\mehdi.afnai\Desktop\Test Keep implicite\Test Keep
                        implicite\Direction_des_français_à_l'étranger</Description>
                    <StartDate>2018-10-04T16:45:18</StartDate>
                    <EndDate>2018-10-04T16:45:18</EndDate>
                </Content>
                <ArchiveUnit id="ID5">
                    <ArchiveUnitRefId>ID4</ArchiveUnitRefId>
                </ArchiveUnit>
            </ArchiveUnit>
            <ArchiveUnit id="ID4">
                <Content>
                    <DescriptionLevel>RecordGrp</DescriptionLevel>
                    <Title>Service consulaire</Title>
                    <Description>C:\Users\mehdi.afnai\Desktop\Test Keep implicite\Test Keep
                        implicite\Direction_des_français_à_l'étranger\Service
                        consulaire</Description>
                    <StartDate>2018-10-04T16:45:18</StartDate>
                    <EndDate>2018-10-04T16:45:18</EndDate>
                </Content>
                <ArchiveUnit id="ID7">
                    <ArchiveUnitRefId>ID6</ArchiveUnitRefId>
                </ArchiveUnit>
            </ArchiveUnit>
            <ArchiveUnit id="ID6">
                <Content>
                    <DescriptionLevel>RecordGrp</DescriptionLevel>
                    <Title>Attribution des bourses scolaires</Title>
                    <Description>C:\Users\mehdi.afnai\Desktop\Test Keep implicite\Test Keep
                        implicite\Direction_des_français_à_l'étranger\Service consulaire\Attribution
                        des bourses scolaires</Description>
                    <StartDate>2018-10-04T16:45:18</StartDate>
                    <EndDate>2018-10-04T16:45:18</EndDate>
                </Content>
                <ArchiveUnit id="ID11">
                    <ArchiveUnitRefId>ID10</ArchiveUnitRefId>
                </ArchiveUnit>
            </ArchiveUnit>
            <ArchiveUnit id="ID10">
                <Content>
                    <DescriptionLevel>Item</DescriptionLevel>
                    <Title>Campagne_2018.odt</Title>
                    <Description>Pseudo Archive Unit du fichier :C:\Users\mehdi.afnai\Desktop\Test
                        Keep implicite\Test Keep
                        implicite\Direction_des_français_à_l'étranger\Service consulaire\Attribution
                        des bourses scolaires\Campagne_2018.odt</Description>
                    <TransactedDate>2018-10-04T16:45:18</TransactedDate>
                </Content>
                <DataObjectReference>
                    <DataObjectGroupReferenceId>ID8</DataObjectGroupReferenceId>
                </DataObjectReference>
            </ArchiveUnit>
        </DescriptiveMetadata>
        <ManagementMetadata>
            <AcquisitionInformation>Acquisition Information</AcquisitionInformation>
            <LegalStatus>Public Archive</LegalStatus>
            <OriginatingAgencyIdentifier>RATP</OriginatingAgencyIdentifier>
            <SubmissionAgencyIdentifier>Service_versant</SubmissionAgencyIdentifier>
        </ManagementMetadata>
    </DataObjectPackage>
    <ArchivalAgency>
        <Identifier>RATP</Identifier>
    </ArchivalAgency>
    <TransferringAgency>
        <Identifier>Identifier5</Identifier>
    </TransferringAgency>
</ArchiveTransfer>
