<?xml version="1.0" ?>
<ArchiveTransfer xmlns:xlink="http://www.w3.org/1999/xlink" xmlns:pr="info:lc/xmlns/premis-v2" xmlns="fr:gouv:culture:archivesdefrance:seda:v2.0" xmlns:xsi="http://www.w3.org/2001/XMLSchema-instance" xsi:schemaLocation="fr:gouv:culture:archivesdefrance:seda:v2.0 seda-2.0-main.xsd" xml:id="ID1">
	<Comment>Jeu de test avec champs multivalués</Comment>
	<Date>2016-11-21T10:55:14</Date>
	<MessageIdentifier>Jeu de test avec champs multivalués</MessageIdentifier>
	<ArchivalAgreement>ArchivalAgreement0</ArchivalAgreement>
	<CodeListVersions>
		<ReplyCodeListVersion>ReplyCodeListVersion0</ReplyCodeListVersion>
		<MessageDigestAlgorithmCodeListVersion>MessageDigestAlgorithmCodeListVersion0</MessageDigestAlgorithmCodeListVersion>
		<MimeTypeCodeListVersion>MimeTypeCodeListVersion0</MimeTypeCodeListVersion>
		<EncodingCodeListVersion>EncodingCodeListVersion0</EncodingCodeListVersion>
		<FileFormatCodeListVersion>FileFormatCodeListVersion0</FileFormatCodeListVersion>
		<CompressionAlgorithmCodeListVersion>CompressionAlgorithmCodeListVersion0</CompressionAlgorithmCodeListVersion>
		<DataObjectVersionCodeListVersion>DataObjectVersionCodeListVersion0</DataObjectVersionCodeListVersion>
		<StorageRuleCodeListVersion>StorageRuleCodeListVersion0</StorageRuleCodeListVersion>
		<AppraisalRuleCodeListVersion>AppraisalRuleCodeListVersion0</AppraisalRuleCodeListVersion>
		<AccessRuleCodeListVersion>AccessRuleCodeListVersion0</AccessRuleCodeListVersion>
		<DisseminationRuleCodeListVersion>DisseminationRuleCodeListVersion0</DisseminationRuleCodeListVersion>
		<ReuseRuleCodeListVersion>ReuseRuleCodeListVersion0</ReuseRuleCodeListVersion>
		<ClassificationRuleCodeListVersion>ClassificationRuleCodeListVersion0</ClassificationRuleCodeListVersion>
		<AuthorizationReasonCodeListVersion>AuthorizationReasonCodeListVersion0</AuthorizationReasonCodeListVersion>
		<RelationshipCodeListVersion>RelationshipCodeListVersion0</RelationshipCodeListVersion>
	</CodeListVersions>
	<DataObjectPackage xml:id="ID2">
		<BinaryDataObject id="ID5">
			<DataObjectGroupId>ID4</DataObjectGroupId>
			<DataObjectVersion>BinaryMaster</DataObjectVersion>
			<Uri>Content/ID5.pdf</Uri>
			<MessageDigest algorithm="SHA-512">2ce7b9f45ca41404fc69a5053d5b8a4bcddb1a2197558b5609f0566668a858d01deb67c31cfb0248201b9d8b96bdb38b37b244d1b53b264471d857b302998d61</MessageDigest>
			<Size>1588715</Size>
			<FormatIdentification>
				<FormatLitteral>Acrobat PDF 1.4 - Portable Document Format</FormatLitteral>
				<MimeType>application/pdf</MimeType>
				<FormatId>fmt/18</FormatId>
			</FormatIdentification>
			<FileInfo>
				<Filename>METSPrimerRevised.pdf</Filename>
				<LastModified>2012-09-16T10:22:02.000+02:00</LastModified>
			</FileInfo>
		</BinaryDataObject>
		<DescriptiveMetadata>
			<ArchiveUnit id="ID3">
				<Content>
					<DescriptionLevel>RecordGrp</DescriptionLevel>
					<Title>METS 2012 de la LoC</Title>
					<StartDate>2012-09-16T10:22:02</StartDate>
					<EndDate>2012-09-16T10:22:02</EndDate>
				</Content>
				<ArchiveUnit id="ID7">
					<ArchiveUnitRefId>ID6</ArchiveUnitRefId>
				</ArchiveUnit>
			</ArchiveUnit>
			<ArchiveUnit id="ID6">
				<Content>
					<DescriptionLevel>Item</DescriptionLevel>
					<Title>METADATA ENCODING AND TRANSMISSION STANDARD: PRIMER AND REFERENCE MANUAL de la LoC</Title>
					<Title>Manuel METS revu et corrigé par la LoC</Title>
					<Description>METSPrimerRevised.pdf</Description>
					<Tag>METS</Tag>
					<Tag>norme internationale</Tag>
					<TransactedDate>2012-09-16T10:22:02</TransactedDate>
					<Event>
					<EventType>Création</EventType>
						<EventDateTime>2010-01-01T10:22:02</EventDateTime>
					</Event>
					<Event>
					<EventType>Validation</EventType>
						<EventDateTime>2010-02-01T10:22:02</EventDateTime>
					</Event>
					</Content>
				<DataObjectReference>
					<DataObjectGroupReferenceId>ID4</DataObjectGroupReferenceId>
				</DataObjectReference>
			</ArchiveUnit>
		</DescriptiveMetadata>
		<ManagementMetadata>
			<OriginatingAgencyIdentifier>Vitam</OriginatingAgencyIdentifier>
			<SubmissionAgencyIdentifier>Vitam</SubmissionAgencyIdentifier>
		</ManagementMetadata>
	</DataObjectPackage>
	<ArchivalAgency>
		<Identifier>Identifier4</Identifier>
	</ArchivalAgency>
	<TransferringAgency>
		<Identifier>Identifier5</Identifier>
	</TransferringAgency>
</ArchiveTransfer>
