<?xml version="1.0" ?>
<ArchiveTransfer xmlns:xlink="http://www.w3.org/1999/xlink" xmlns:pr="info:lc/xmlns/premis-v2" xmlns="fr:gouv:culture:archivesdefrance:seda:v2.0" xmlns:xsi="http://www.w3.org/2001/XMLSchema-instance" xsi:schemaLocation="fr:gouv:culture:archivesdefrance:seda:v2.0 seda-2.0-main.xsd" xml:id="ID1">
	<Comment>Jeu de test avec unu URI KO</Comment>
	<Date>2016-12-15T17:42:01</Date>
	<MessageIdentifier>SIP faisant avec URI KO</MessageIdentifier>
	<ArchivalAgreement>ArchivalAgreement0</ArchivalAgreement>
	<CodeListVersions>
		<ReplyCodeListVersion>ReplyCodeListVersion0</ReplyCodeListVersion>
		<MessageDigestAlgorithmCodeListVersion>MessageDigestAlgorithmCodeListVersion0</MessageDigestAlgorithmCodeListVersion>
		<MimeTypeCodeListVersion>MimeTypeCodeListVersion0</MimeTypeCodeListVersion>
		<EncodingCodeListVersion>EncodingCodeListVersion0</EncodingCodeListVersion>
		<FileFormatCodeListVersion>FileFormatCodeListVersion0</FileFormatCodeListVersion>
		<CompressionAlgorithmCodeListVersion>CompressionAlgorithmCodeListVersion0</CompressionAlgorithmCodeListVersion>
		<DataObjectVersionCodeListVersion>DataObjectVersionCodeListVersion0</DataObjectVersionCodeListVersion>
		<StorageRuleCodeListVersion>StorageRuleCodeListVersion0</StorageRuleCodeListVersion>
		<AppraisalRuleCodeListVersion>AppraisalRuleCodeListVersion0</AppraisalRuleCodeListVersion>
		<AccessRuleCodeListVersion>AccessRuleCodeListVersion0</AccessRuleCodeListVersion>
		<DisseminationRuleCodeListVersion>DisseminationRuleCodeListVersion0</DisseminationRuleCodeListVersion>
		<ReuseRuleCodeListVersion>ReuseRuleCodeListVersion0</ReuseRuleCodeListVersion>
		<ClassificationRuleCodeListVersion>ClassificationRuleCodeListVersion0</ClassificationRuleCodeListVersion>
		<AuthorizationReasonCodeListVersion>AuthorizationReasonCodeListVersion0</AuthorizationReasonCodeListVersion>
		<RelationshipCodeListVersion>RelationshipCodeListVersion0</RelationshipCodeListVersion>
	</CodeListVersions>
	<DataObjectPackage xml:id="ID2">
		<BinaryDataObject id="ID5">
			<DataObjectGroupId>ID4</DataObjectGroupId>
			<DataObjectVersion>BinaryMaster</DataObjectVersion>
			<Uri>Toto/ID5.pdf</Uri>
			<MessageDigest algorithm="SHA-512">c479846a904c6058b4730e16824ea4e9fa1f7b16f6468ac732a143564ebbebf7b4beb6e331edc848486c19b6e748da031fa2eb32685ffcdbd04f7f541600eb66</MessageDigest>
			<Size>211176</Size>
			<FormatIdentification>
				<FormatLitteral>Acrobat PDF 1.4 - Portable Document Format</FormatLitteral>
				<MimeType>application/pdf</MimeType>
				<FormatId>fmt/18</FormatId>
			</FormatIdentification>
			<FileInfo>
				<Filename>20160722_newsletter_vitam_n2_.pdf</Filename>
				<LastModified>2016-11-07T08:54:11.600+01:00</LastModified>
			</FileInfo>
		</BinaryDataObject>
		<DescriptiveMetadata>
			<ArchiveUnit id="ID3">
				<Content>
					<DescriptionLevel>RecordGrp</DescriptionLevel>
					<Title>newsletter</Title>
					<Description>Duis nulla mi, interdum nec venenatis vitae, accumsan sed felis. Maecenas pharetra mi tortor, quis aliquet est scelerisque vitae. Aenean eget ante eget enim euismod sollicitudin sit amet eu arcu. Class aptent taciti sociosqu ad litora torquent per conubia nostra, per inceptos hime</Description>
					<StartDate>2016-11-07T08:54:11</StartDate>
					<EndDate>2016-11-07T08:54:11</EndDate>
				</Content>
				<ArchiveUnit id="ID7">
					<ArchiveUnitRefId>ID6</ArchiveUnitRefId>
				</ArchiveUnit>
			</ArchiveUnit>
			<ArchiveUnit id="ID6">
				<Content>
					<DescriptionLevel>Item</DescriptionLevel>
					<Title>newsletter_vitam_n2</Title>
					<Description>Ut iaculis tellus nec commodo rutrum. Nulla facilisi. In at vulputate enim, quis feugiat nunc. Aenean dapibus nibh eleifend convallis varius.</Description>
					<TransactedDate>2016-11-07T08:54:11</TransactedDate>
				</Content>
				<DataObjectReference>
					<DataObjectGroupReferenceId>ID4</DataObjectGroupReferenceId>
				</DataObjectReference>
			</ArchiveUnit>
		</DescriptiveMetadata>
		<ManagementMetadata>
			<OriginatingAgencyIdentifier>AAAAAA</OriginatingAgencyIdentifier>
			<SubmissionAgencyIdentifier>BBBBBB</SubmissionAgencyIdentifier>
		</ManagementMetadata>
	</DataObjectPackage>
	<ArchivalAgency>
		<Identifier>Identifier4</Identifier>
	</ArchivalAgency>
	<TransferringAgency>
		<Identifier>Identifier5</Identifier>
	</TransferringAgency>
</ArchiveTransfer>
