<?xml version="1.0" ?>
<ArchiveTransfer
        xmlns="fr:gouv:culture:archivesdefrance:seda:v2.3"
        xmlns:xsi="http://www.w3.org/2001/XMLSchema-instance"
        xsi:schemaLocation="fr:gouv:culture:archivesdefrance:seda:v2.3 seda-2.3-main.xsd"
        xml:id="ID1">
    <Comment>2 images de lac</Comment>
    <Date>2016-10-18T14:52:27</Date>
    <MessageIdentifier>SIP passant contenant des exemples d'identifiants pérennes (Vitam esclave)</MessageIdentifier>
    <ArchivalAgreement>MCWithIdentificationStrategy-3</ArchivalAgreement>
    <CodeListVersions>
        <ReplyCodeListVersion>ReplyCodeListVersion0</ReplyCodeListVersion>
        <MessageDigestAlgorithmCodeListVersion>MessageDigestAlgorithmCodeListVersion0
        </MessageDigestAlgorithmCodeListVersion>
        <MimeTypeCodeListVersion>MimeTypeCodeListVersion0</MimeTypeCodeListVersion>
        <EncodingCodeListVersion>EncodingCodeListVersion0</EncodingCodeListVersion>
        <FileFormatCodeListVersion>FileFormatCodeListVersion0</FileFormatCodeListVersion>
        <CompressionAlgorithmCodeListVersion>CompressionAlgorithmCodeListVersion0</CompressionAlgorithmCodeListVersion>
        <DataObjectVersionCodeListVersion>DataObjectVersionCodeListVersion0</DataObjectVersionCodeListVersion>
        <StorageRuleCodeListVersion>StorageRuleCodeListVersion0</StorageRuleCodeListVersion>
        <AppraisalRuleCodeListVersion>AppraisalRuleCodeListVersion0</AppraisalRuleCodeListVersion>
        <AccessRuleCodeListVersion>AccessRuleCodeListVersion0</AccessRuleCodeListVersion>
        <DisseminationRuleCodeListVersion>DisseminationRuleCodeListVersion0</DisseminationRuleCodeListVersion>
        <ReuseRuleCodeListVersion>ReuseRuleCodeListVersion0</ReuseRuleCodeListVersion>
        <ClassificationRuleCodeListVersion>ClassificationRuleCodeListVersion0</ClassificationRuleCodeListVersion>
        <AuthorizationReasonCodeListVersion>AuthorizationReasonCodeListVersion0</AuthorizationReasonCodeListVersion>
        <RelationshipCodeListVersion>RelationshipCodeListVersion0</RelationshipCodeListVersion>
    </CodeListVersions>
    <DataObjectPackage xml:id="ID2">
        <BinaryDataObject id="ID17">
            <DataObjectGroupId>ID16</DataObjectGroupId>
            <DataObjectVersion>BinaryMaster</DataObjectVersion>
            <Uri>Content/Lake.jpeg</Uri>
            <MessageDigest algorithm="SHA-512">a7c15313969583c478b2d66ad1a4b34e250d6751ee4b39e546a77f9c0d71ccefee55e2661b457f9e848a4e2d45d831058d3f61c1914b7fd45a168bace27f1d6f</MessageDigest>
            <Size>38628</Size>
            <FormatIdentification>
                <FormatLitteral>JPG</FormatLitteral>
                <MimeType>image/jpeg</MimeType>
                <FormatId>fmt/43</FormatId>
            </FormatIdentification>
            <FileInfo>
                <Filename>Lake.jpeg</Filename>
                <LastModified>2021-05-14T16:02:35.00000</LastModified>
            </FileInfo>
        </BinaryDataObject>
        <DataObjectGroup id="ID20"><!-- GOT avec 2 OT, chacun a un ID ARK -->
            <BinaryDataObject id="ID21">
                <DataObjectVersion>BinaryMaster</DataObjectVersion>
                <PersistentIdentifier>
                    <PersistentIdentifierType>ark</PersistentIdentifierType>
                    <PersistentIdentifierOrigin>OriginatingAgency</PersistentIdentifierOrigin>
                    <PersistentIdentifierReference>Agency-00021</PersistentIdentifierReference>
                    <PersistentIdentifierContent>ark:/23567/001a9d7db5eadabac_binary_master</PersistentIdentifierContent>
                </PersistentIdentifier>
                <Uri>Content/Lake2.jpeg</Uri>
                <MessageDigest algorithm="SHA-512">a7c15313969583c478b2d66ad1a4b34e250d6751ee4b39e546a77f9c0d71ccefee55e2661b457f9e848a4e2d45d831058d3f61c1914b7fd45a168bace27f1d6f</MessageDigest>
                <Size>38628</Size>
                <FormatIdentification>
                    <FormatLitteral>JPG</FormatLitteral>
                    <MimeType>image/jpeg</MimeType>
                    <FormatId>fmt/43</FormatId>
                </FormatIdentification>
                <FileInfo>
                    <Filename>Lake2.jpeg</Filename>
                    <LastModified>2021-05-14T16:02:35.0000</LastModified>
                </FileInfo>
                <!-- ID ARK externe -->
                <OtherMetadata>
                    <PersistentIdentifier>
                        <PersistentIdentifierType>ark</PersistentIdentifierType>
                        <PersistentIdentifierOrigin>OriginatingAgency</PersistentIdentifierOrigin>
                        <PersistentIdentifierReference>Identifier0</PersistentIdentifierReference>
                        <PersistentIdentifierContent>ark:/22567/001a957db5eadaac</PersistentIdentifierContent>
                    </PersistentIdentifier>
                    <DataObjectUse>BinaryMaster</DataObjectUse>
                    <DataObjectNumber>1</DataObjectNumber>
                </OtherMetadata>
            </BinaryDataObject>
            <PhysicalDataObject id="IDPHY2">
                <DataObjectVersion>PhysicalMaster</DataObjectVersion>
                <PhysicalId>1500W03</PhysicalId>
                <PhysicalDimensions>
                    <Depth unit="CMT">4</Depth>
                </PhysicalDimensions>
                <!-- ID ARK externe -->
                <OtherMetadata>
                    <PersistentIdentifier>
                        <PersistentIdentifierType>ark</PersistentIdentifierType>
                        <PersistentIdentifierOrigin>OriginatingAgency</PersistentIdentifierOrigin>
                        <PersistentIdentifierReference>Identifier0</PersistentIdentifierReference>
                        <PersistentIdentifierContent>ark:/22567/001a957db5blablabla</PersistentIdentifierContent>
                        <!-- sans DataObjectUse et sans DataObjectNumber -->
                    </PersistentIdentifier>
                </OtherMetadata>
            </PhysicalDataObject>
        </DataObjectGroup>
        <DescriptiveMetadata>
            <ArchiveUnit id="ID14"><!-- AU sans ID ARK -->
                <Content>
                    <DescriptionLevel>RecordGrp</DescriptionLevel>
                    <Title>dossier (master)</Title>
                    <OriginatingAgencyArchiveUnitIdentifier>AU0001</OriginatingAgencyArchiveUnitIdentifier>
                    <Description>SIP contenant 2 groupes d'objets et 2 objets dont le PUID est fmt/43</Description>
                    <StartDate>2016-06-03T15:28:00</StartDate>
                    <EndDate>2016-06-03T15:28:00</EndDate>
                </Content>
                <ArchiveUnit id="ID19">
                    <ArchiveUnitRefId>ID18</ArchiveUnitRefId>
                </ArchiveUnit>
                <ArchiveUnit id="ID23">
                    <ArchiveUnitRefId>ID22</ArchiveUnitRefId>
                </ArchiveUnit>
            </ArchiveUnit>
            <ArchiveUnit id="ID18"><!-- AU avec ID ARK - le GOT associé est sans ID ARK -->
                <Management>
                    <AppraisalRule>
                        <Rule>APP-00001</Rule>
                        <StartDate>1916-06-03</StartDate>
                        <FinalAction>Destroy</FinalAction>
                    </AppraisalRule>
                </Management>
                <Content>
                    <DescriptionLevel>Item</DescriptionLevel>
                    <Title>Image de lac - 1</Title>
                    <OriginatingAgencyArchiveUnitIdentifier>AU0002</OriginatingAgencyArchiveUnitIdentifier>
                    <Description>L'objet rattaché à cette unité archivistique a un usage de master (BinaryMaster)
                    </Description>
                    <TransactedDate>2016-06-03T15:28:00</TransactedDate>
                    <!-- ID ARK externe -->
                    <PersistentIdentifier>
                        <PersistentIdentifierType>ark</PersistentIdentifierType>
                        <PersistentIdentifierOrigin>OriginatingAgency</PersistentIdentifierOrigin>
                        <PersistentIdentifierReference>Identifier0</PersistentIdentifierReference>
                        <PersistentIdentifierContent>ark:/22567/001a957db5eadaac</PersistentIdentifierContent>
                    </PersistentIdentifier>
                </Content>
                <DataObjectReference>
                    <DataObjectGroupReferenceId>ID16</DataObjectGroupReferenceId>
                </DataObjectReference>
            </ArchiveUnit>
            <ArchiveUnit id="ID22"><!-- AU avec ID doi - le GOT associé est avec ID ARK -->
                <Management>
                    <AppraisalRule>
                        <Rule>APP-00001</Rule>
                        <StartDate>1916-06-03</StartDate>
                        <FinalAction>Destroy</FinalAction>
                    </AppraisalRule>
                </Management>
                <Content>
                    <DescriptionLevel>Item</DescriptionLevel>
                    <Title>Image de lac - 2</Title>
                    <OriginatingAgencyArchiveUnitIdentifier>AU0003</OriginatingAgencyArchiveUnitIdentifier>
                    <Description>L'objet rattaché à cette unité archivistique a un usage de master (BinaryMaster)
                    </Description>
                    <TransactedDate>2016-06-03T15:28:00</TransactedDate>
                    <!-- ID DOI externe -->
                    <PersistentIdentifier>
                        <PersistentIdentifierType>doi</PersistentIdentifierType>
                        <PersistentIdentifierOrigin>OriginatingAgency</PersistentIdentifierOrigin>
                        <PersistentIdentifierReference>Identifier0</PersistentIdentifierReference>
                        <PersistentIdentifierContent>doi:10.1522/cla.ada.con</PersistentIdentifierContent>
                    </PersistentIdentifier>
                </Content>
                <DataObjectReference>
                    <DataObjectGroupReferenceId>ID20</DataObjectGroupReferenceId>
                </DataObjectReference>
            </ArchiveUnit>
        </DescriptiveMetadata>
        <ManagementMetadata>
            <OriginatingAgencyIdentifier>Identifier4</OriginatingAgencyIdentifier>
        </ManagementMetadata>
    </DataObjectPackage>
    <ArchivalAgency>
        <Identifier>Identifier4</Identifier>
    </ArchivalAgency>
    <TransferringAgency>
        <Identifier>Identifier5</Identifier>
    </TransferringAgency>
</ArchiveTransfer>
