<?xml version="1.0" ?>
<ArchiveTransfer xmlns:xsi="http://www.w3.org/2001/XMLSchema-instance"
 xsi:schemaLocation="fr:gouv:culture:archivesdefrance:seda:v2.0 ../../Bureau/BA/Sch%D0%92mas/seda-2.0-main.xsd"
 xmlns="fr:gouv:culture:archivesdefrance:seda:v2.0" xmlns:pr="info:lc/xmlns/premis-v2"
 xmlns:xlink="http://www.w3.org/1999/xlink" xml:id="ID1">
    <Comment>SIP OK - Fichier sans extension</Comment>
    <Date>2016-10-20T12:51:29</Date>
    <MessageIdentifier>SIP OK - Fichier sans extension</MessageIdentifier>
    <ArchivalAgreement>ArchivalAgreement0</ArchivalAgreement>
    <CodeListVersions>
        <ReplyCodeListVersion>ReplyCodeListVersion0</ReplyCodeListVersion>
        <MessageDigestAlgorithmCodeListVersion>MessageDigestAlgorithmCodeListVersion0</MessageDigestAlgorithmCodeListVersion>
        <MimeTypeCodeListVersion>MimeTypeCodeListVersion0</MimeTypeCodeListVersion>
        <EncodingCodeListVersion>EncodingCodeListVersion0</EncodingCodeListVersion>
        <FileFormatCodeListVersion>FileFormatCodeListVersion0</FileFormatCodeListVersion>
        <CompressionAlgorithmCodeListVersion>CompressionAlgorithmCodeListVersion0</CompressionAlgorithmCodeListVersion>
        <DataObjectVersionCodeListVersion>DataObjectVersionCodeListVersion0</DataObjectVersionCodeListVersion>
        <StorageRuleCodeListVersion>StorageRuleCodeListVersion0</StorageRuleCodeListVersion>
        <AppraisalRuleCodeListVersion>AppraisalRuleCodeListVersion0</AppraisalRuleCodeListVersion>
        <AccessRuleCodeListVersion>AccessRuleCodeListVersion0</AccessRuleCodeListVersion>
        <DisseminationRuleCodeListVersion>DisseminationRuleCodeListVersion0</DisseminationRuleCodeListVersion>
        <ReuseRuleCodeListVersion>ReuseRuleCodeListVersion0</ReuseRuleCodeListVersion>
        <ClassificationRuleCodeListVersion>ClassificationRuleCodeListVersion0</ClassificationRuleCodeListVersion>
        <AuthorizationReasonCodeListVersion>AuthorizationReasonCodeListVersion0</AuthorizationReasonCodeListVersion>
        <RelationshipCodeListVersion>RelationshipCodeListVersion0</RelationshipCodeListVersion>
    </CodeListVersions>
    <DataObjectPackage xml:id="ID2">
       <BinaryDataObject id="ID49">
            <DataObjectGroupId>ID48</DataObjectGroupId>
            <DataObjectVersion>BinaryMaster</DataObjectVersion>
           <Uri>Content/KaO8AyZWnnzs6RYEujDXRlpxpYy3rQ</Uri>
            <MessageDigest algorithm="SHA-512"
                >942bb63cc16bf5ca3ba7fabf40ce9be19c3185a36cd87ad17c63d6fad1aa29d4312d73f2d6a1ba1266c3a71fc4119dd476d2d776cf2ad2acd7a9a3dfa1f80dc7</MessageDigest>
            <Size>29403</Size>
            <FormatIdentification>
                <FormatLitteral>Acrobat PDF 1.4 - Portable Document Format</FormatLitteral>
                <MimeType>application/pdf</MimeType>
                <FormatId>fmt/18</FormatId>
            </FormatIdentification>
            <FileInfo>
                <Filename>item.pdf</Filename>
                <LastModified>2016-05-30T14:06:51.000+02:00</LastModified>
            </FileInfo>
        </BinaryDataObject>
 
        <DescriptiveMetadata>
            <ArchiveUnit id="ID3">
                <Content>
                    <DescriptionLevel>RecordGrp</DescriptionLevel>
                    <Title>Etiam bibendum placerat sem</Title>
                    <Description>Etiam bibendum placerat sem. Etiam lacus tellus, pulvinar non tellus viverra, semper facilisis orci. Etiam pharetra arcu libero, vitae feugiat mi hendrerit at. Suspendisse facilisis, erat vitae cursus bibendum, risus leo placerat turpis, ut faucibus quam urna non nunc. Integer libero nisi, aliquam vel mollis sed, ullamcorper nec leo. Nulla dignissim urna in tortor tempus, vitae ultrices ligula ullamcorper.</Description>
                    <StartDate>2016-05-25T12:05:11</StartDate>
                    <EndDate>2016-10-19T17:45:18</EndDate>
                </Content>
                <ArchiveUnit id="ID5">
                    <ArchiveUnitRefId>ID4</ArchiveUnitRefId>
                </ArchiveUnit>
                <ArchiveUnit id="ID15">
                    <ArchiveUnitRefId>ID14</ArchiveUnitRefId>
                </ArchiveUnit>
                <ArchiveUnit id="ID25">
                    <ArchiveUnitRefId>ID24</ArchiveUnitRefId>
                </ArchiveUnit>
                <ArchiveUnit id="ID31">
                    <ArchiveUnitRefId>ID30</ArchiveUnitRefId>
                </ArchiveUnit>
                <ArchiveUnit id="ID41">
                    <ArchiveUnitRefId>ID40</ArchiveUnitRefId>
                </ArchiveUnit>
                <ArchiveUnit id="ID47">
                    <ArchiveUnitRefId>ID46</ArchiveUnitRefId>
                </ArchiveUnit>
            </ArchiveUnit>
            <ArchiveUnit id="ID4">
                <Content>
                    <DescriptionLevel>RecordGrp</DescriptionLevel>
                    <Title>Nulla facilisi</Title>
                    <Description>Vestibulum ante ipsum primis in faucibus orci luctus et ultrices posuere cubilia Curae; Vivamus luctus eu augue sit amet condimentum. Mauris nisl leo, lacinia quis risus eu, mattis ornare ipsum. Aenean porttitor, justo at rutrum pulvinar, lacus turpis mollis metus, quis mollis metus justo id nulla. Proin quis elit et turpis tincidunt consequat. Sed ut massa eget ligula feugiat pharetra a nec tellus. Aenean molestie fermentum ante vel faucibus. Duis quis consectetur mi, at sagittis magna. Donec mauris arcu, cursus nec lectus in, mattis fermentum eros. D</Description>
                    <StartDate>2016-05-31T18:17:53</StartDate>
                    <EndDate>2016-05-31T18:18:20</EndDate>
                </Content>
                <ArchiveUnit id="ID9">
                    <ArchiveUnitRefId>ID8</ArchiveUnitRefId>
                </ArchiveUnit>
                <ArchiveUnit id="ID13">
                    <ArchiveUnitRefId>ID12</ArchiveUnitRefId>
                </ArchiveUnit>
            </ArchiveUnit>
            <ArchiveUnit id="ID8">
                <Content>
                    <DescriptionLevel>Item</DescriptionLevel>
                    <Title> Nunc laoreet odio</Title>
                    <Description>In id fringilla ex. Vestibulum ligula augue, bibendum at varius nec, sodales eu arcu. Aenean eget tellus nisi. In rutrum mattis hendrerit. Nulla tincidunt non turpis vel ullamcorper. Nullam eget nunc eget dolor maximus hendrerit at vitae ante. Sed accumsan, lorem eget dapibus pellentesque, ipsum enim dictum nulla, et eleifend eros lacus sit amet dolor. Quisque pellentesque arcu ac libero suscipit, et imperdiet ligula aliquam. Sed in odio elit. Sed ac odio nec ante blandit tempor eu in justo. Morbi faucibus leo eu est mollis, ut ullamcorper risus condimentum. Pellentesque sodales mauris vitae sem lacinia vestibulum. Praesent non augue ut lectus egestas venenatis laoreet at neque. </Description>
                    <TransactedDate>2016-05-31T18:17:53</TransactedDate>
                </Content>
            </ArchiveUnit>
            <ArchiveUnit id="ID12">
                <Content>
                    <DescriptionLevel>Item</DescriptionLevel>
                    <Title>Vestibulum accumsan metus lacus</Title>
                    <Description>Pellentesque scelerisque purus nec nisi pretium aliquam quis sed sem. Pellentesque habitant morbi tristique senectus et netus et malesuada fames ac turpis egestas. Sed at odio libero. Pellentesque at odio vel ligula facilisis hendrerit vel eu mi. Donec sed volutpat elit, sit amet euismod elit. Aliquam feugiat nulla odio, eu tempor arcu viverra ac. Nullam nec eros sit amet ligula facilisis tempus sit amet id mauris. Proin gra</Description>
                    <TransactedDate>2016-05-31T18:18:20</TransactedDate>
                </Content>
            </ArchiveUnit>
            <ArchiveUnit id="ID14">
                <Content>
                    <DescriptionLevel>RecordGrp</DescriptionLevel>
                    <Title>dossier_4</Title>
                    <Description>Cras maximus risus ante, eget imperdiet velit ornare non. Cras imperdiet, lectus non luctus dapibus, sapien nunc rutrum augue, nec finibus urna justo id libero. Pellentesque sed finibus neque. In ante nibh, efficitur ac fringilla et, vulputate in arcu. In egestas vel neque a pellentesque. Duis commodo, mauris vitae luctus viverra, sapien leo rutrum elit, vel pretium purus ligula vitae risus. Nulla eleifend sagittis neque. Nunc fringilla purus at neque posuere, sed imperdiet diam efficitur. </Description>
                    <StartDate>2016-05-25T12:05:11</StartDate>
                    <EndDate>2016-06-09T17:55:55</EndDate>
                </Content>
                <ArchiveUnit id="ID19">
                    <ArchiveUnitRefId>ID18</ArchiveUnitRefId>
                </ArchiveUnit>
                <ArchiveUnit id="ID23">
                    <ArchiveUnitRefId>ID22</ArchiveUnitRefId>
                </ArchiveUnit>
            </ArchiveUnit>
            <ArchiveUnit id="ID18">
                <Content>
                    <DescriptionLevel>Item</DescriptionLevel>
                    <Title>Integer consectetur cursus ante</Title>
                    <Description>Integer ut metus a arcu porta lacinia quis quis libero. Quisque eget ex augue. Maecenas blandit, risus sed feugiat cursus, elit sapien auctor urna, sit amet mollis arcu diam vitae nisl. Vestibulum posuere aliquam ipsum vitae hendrerit. Vestibulum ante ipsum primis in faucibus orci luctus et ultrices posuere cubilia Curae; Donec ornare molestie ante. Aenean diam dolor, porttitor in fringilla vitae, facilisis eu leo.</Description>
                    <TransactedDate>2016-05-25T12:05:11</TransactedDate>
                </Content>
            </ArchiveUnit>
            <ArchiveUnit id="ID22">
                <Content>
                    <DescriptionLevel>Item</DescriptionLevel>
                    <Title>Donec aliquet</Title>
                    <Description>Donec aliquet, augue vitae maximus rhoncus, ligula orci laoreet tortor, eu elementum nulla leo sed erat. Pellentesque id dapibus lorem. Suspendisse sit amet dui vulputate, fringilla arcu at, ornare sapien. Donec ac faucibus urna, et bibendum dui. Vestibulum accumsan eros at nisl gravida sagittis. Ut vulputate, est nec varius tempor, dolor est condimentum massa, vel aliquet lorem dui ac turpis. Etiam a magna sem. Phasellus sollicitudin hendrerit tellus ut porttitor. Pellentesque ultrices tortor hendrerit sem fringilla, ultricies elementum sem mollis. Sed aliquet semper gravida. </Description>
                    <TransactedDate>2016-06-09T17:55:55</TransactedDate>
                </Content>

            </ArchiveUnit>
            <ArchiveUnit id="ID24">
                <Content>
                    <DescriptionLevel>RecordGrp</DescriptionLevel>
                    <Title>Nam elementum lacinia lectus</Title>
                    <Description>Nam elementum lacinia lectus, vel scelerisque lorem posuere a. In viverra blandit nisl, vel molestie lectus vestibulum eu. Morbi lacus neque, rhoncus vitae est congue, porta blandit ante. Cras ut dui auctor, facilisis augue imperdiet, laoreet lacus. Curabitur ultrices non lorem vel accumsan. Nunc rutrum orci risus. Vivamus et sem feugiat, molestie magna at, lacinia diam. Cras non quam leo. In ut ante ac dui placerat egestas.</Description>
                    <StartDate>2016-08-05T09:28:15</StartDate>
                    <EndDate>2016-08-05T09:28:15</EndDate>
                </Content>
                <ArchiveUnit id="ID29">
                    <ArchiveUnitRefId>ID28</ArchiveUnitRefId>
                </ArchiveUnit>
            </ArchiveUnit>
            <ArchiveUnit id="ID28">
                <Content>
                    <DescriptionLevel>Item</DescriptionLevel>
                    <Title>Maecenas aliquam mi</Title>
                    <Description>Pellentesque sed finibus neque. In ante nibh, efficitur ac fringilla et, vulputate in arcu. In egestas vel neque a pellentesque. Duis commodo, mauris vitae luctus viverra, sapien leo rutrum elit, vel pretium purus ligula vitae risus. Nulla eleifend sagittis neque. Nunc fringilla purus at neque posuere, sed imperdiet diam efficitur</Description>
                    <TransactedDate>2016-08-05T09:28:15</TransactedDate>
                </Content>

            </ArchiveUnit>
            <ArchiveUnit id="ID30">
                <Content>
                    <DescriptionLevel>RecordGrp</DescriptionLevel>
                    <Title>Cras pretium eros</Title>
                    <Description> Cras pretium eros vel justo pellentesque sollicitudin. Ut egestas porta lectus in blandit. Ut luctus ante metus, in aliquet leo ultricies quis. Aliquam erat volutpat. Ut eu ipsum a turpis condimentum imperdiet. Mauris nec felis eget velit finibus maximus eu eget odio. Maecenas aliquam mi vel eros sodales, at ultrices sapien euismod</Description>
                    <StartDate>2016-06-03T15:28:00</StartDate>
                    <EndDate>2016-09-23T11:21:22</EndDate>
                </Content>
                <ArchiveUnit id="ID35">
                    <ArchiveUnitRefId>ID34</ArchiveUnitRefId>
                </ArchiveUnit>
                <ArchiveUnit id="ID39">
                    <ArchiveUnitRefId>ID38</ArchiveUnitRefId>
                </ArchiveUnit>
            </ArchiveUnit>
            <ArchiveUnit id="ID34">
                <Content>
                    <DescriptionLevel>Item</DescriptionLevel>
                    <Title>Proin finibus convallis</Title>
                    <Description>Ut pretium, sem sed condimentum mattis, arcu metus auctor elit, placerat blandit justo nibh sed nisi. Quisque ut dapibus urna, non ultrices sapien</Description>
                    <TransactedDate>2016-06-03T15:28:00</TransactedDate>
                </Content>

            </ArchiveUnit>
            <ArchiveUnit id="ID38">
                <Content>
                    <DescriptionLevel>Item</DescriptionLevel>
                    <Title>Integer sed est</Title>
                    <Description>Integer sed est a risus ultrices tempor quis sed mi. Aliquam id mattis est, et fermentum est. Vestibulum in quam magna. Phasellus vestibulum velit et lectus viverra interdum. Fusce id urna iaculis nunc commodo facilisis a id ligula. Quisque eget finibus ante. Aliquam semper faucibus scelerisque.</Description>
                    <TransactedDate>2016-09-23T11:21:22</TransactedDate>
                </Content>

            </ArchiveUnit>
            <ArchiveUnit id="ID40">
                <Content>
                    <DescriptionLevel>RecordGrp</DescriptionLevel>
                    <Title>dossier_6</Title>
                    <Description>Aenean volutpat libero eget lorem pulvinar vehicula. Etiam cursus quam at erat sagittis, quis vestibulum leo hendrerit. In at metus magna. In rhoncus facilisis justo, sed vehicula dui finibus eu. Vestibulum iaculis risus nec eros consequat, ac porta velit placerat. Morbi at nulla leo. </Description>
                    <StartDate>2016-10-19T17:45:18</StartDate>
                    <EndDate>2016-10-19T17:45:18</EndDate>
                </Content>
                <ArchiveUnit id="ID45">
                    <ArchiveUnitRefId>ID44</ArchiveUnitRefId>
                </ArchiveUnit>
            </ArchiveUnit>
            <ArchiveUnit id="ID44">
                <Content>
                    <DescriptionLevel>Item</DescriptionLevel>
                    <Title>Pellentesque dolor ipsum</Title>
                    <Description>Pellentesque dolor ipsum, cursus sed iaculis nec, facilisis in ligula. Duis fringilla ex eget sagittis efficitur. Mauris et scelerisque tellus. Donec ut velit ante. Quisque ac feugiat metus, at imperdiet tortor. Suspendisse potenti. Praesent non tempor ante. Nam suscipit sed lorem sed gravida. In quis metus et mauris placerat placerat. Sed in elit sit amet lectus mollis egestas. Cras eleifend sed erat vel semper. Nam scelerisque lorem quis justo rutrum elementum. </Description>
                    <TransactedDate>2016-10-19T17:45:18</TransactedDate>
                </Content>

            </ArchiveUnit>
            <ArchiveUnit id="ID46">
                <Content>
                    <DescriptionLevel>RecordGrp</DescriptionLevel>
                    <Title>dossier_3</Title>
                    <Description>/tmp/arborescence_rateau/dossier_3</Description>
                    <StartDate>2016-05-30T14:06:51</StartDate>
                    <EndDate>2016-06-08T10:16:16</EndDate>
                </Content>
                <ArchiveUnit id="ID51">
                    <ArchiveUnitRefId>ID50</ArchiveUnitRefId>
                </ArchiveUnit>
                <ArchiveUnit id="ID55">
                    <ArchiveUnitRefId>ID54</ArchiveUnitRefId>
                </ArchiveUnit>
            </ArchiveUnit>
            <ArchiveUnit id="ID50">
                <Content>
                    <DescriptionLevel>Item</DescriptionLevel>
                    <Title>Integer rutrum condimentum</Title>
                    <Description>Integer rutrum condimentum est, sit amet ullamcorper turpis fermentum at. Phasellus porttitor velit quis lacinia tincidunt. Sed sed semper metus. Quisque bibendum ex eget nulla lacinia, quis mattis massa faucibus. Sed maximus nulla eu tincidunt finibus. Aenean volutpat at ipsum id interdum. Donec facilisis, sapien eu venenatis faucibus, eros mi eleifend arcu, nec tincidunt lectus libero eget nulla. Nulla tristique euismod erat, id fringilla tellus condimentum at. Nunc condimentum posuere mollis. Nam porttitor eros consectetur posuere rhoncus. Praesent vel rutrum nunc. Proin maximus ligula faucibus malesuada malesuada. Aenean porttitor, dolor non porta convallis, purus est malesuada turpis, non suscipit nibh massa at ante. </Description>
                    <TransactedDate>2016-05-30T14:06:51</TransactedDate>
                </Content>
                <DataObjectReference>
                    <DataObjectGroupReferenceId>ID48</DataObjectGroupReferenceId>
                </DataObjectReference>
            </ArchiveUnit>
            <ArchiveUnit id="ID54">
                <Content>
                    <DescriptionLevel>Item</DescriptionLevel>
                    <Title>Praesent non lorem nunc</Title>
                    <Description> Praesent non lorem nunc. Sed ornare laoreet viverra. Aenean malesuada non lorem nec mollis. Ut ornare hendrerit sapien vel ornare. In tristique ex vitae leo consectetur, elementum suscipit odio ultrices. Interdum et malesuada fames ac ante ipsum primis in faucibus. Lorem ipsum dolor sit amet, consectetur adipiscing elit. Vestibulum venenatis viverra placerat. Aliquam sollicitudin sapien lectus, in blandit erat pellentesque et.</Description>
                    <TransactedDate>2016-06-08T10:16:16</TransactedDate>
                </Content>
            </ArchiveUnit>
        </DescriptiveMetadata>
        <ManagementMetadata>
            <OriginatingAgencyIdentifier>FRAN_NP_050770</OriginatingAgencyIdentifier>
            <SubmissionAgencyIdentifier>FRAN_NP_050770</SubmissionAgencyIdentifier>
        </ManagementMetadata>
    </DataObjectPackage>
    <ArchivalAgency>
        <Identifier>Identifier4</Identifier>
    </ArchivalAgency>
    <TransferringAgency>
        <Identifier>Identifier5</Identifier>
    </TransferringAgency>
</ArchiveTransfer>
