<?xml version='1.0' encoding='UTF-8'?>
<ArchiveTransfer xmlns:xsi="http://www.w3.org/2001/XMLSchema-instance"
 xsi:schemaLocation="fr:gouv:culture:archivesdefrance:seda:v2.1 file:/Z:/espacePOBA/SEDA/seda-2.1_Draft_0.6/sch%C3%A9mas/seda-2.1-main.xsd"
 xmlns="fr:gouv:culture:archivesdefrance:seda:v2.1">
    <Comment>Catherine JABLASY : mails</Comment>
    <Date>2018-02-02T17:25:44</Date>
    <MessageIdentifier>MessageIdentifier0</MessageIdentifier>
    <ArchivalAgreement>ArchivalAgreement0</ArchivalAgreement>
    <CodeListVersions>
        <ReplyCodeListVersion>ReplyCodeListVersion0</ReplyCodeListVersion>
        <MessageDigestAlgorithmCodeListVersion>MessageDigestAlgorithmCodeListVersion0</MessageDigestAlgorithmCodeListVersion>
        <MimeTypeCodeListVersion>MimeTypeCodeListVersion0</MimeTypeCodeListVersion>
        <EncodingCodeListVersion>EncodingCodeListVersion0</EncodingCodeListVersion>
        <FileFormatCodeListVersion>FileFormatCodeListVersion0</FileFormatCodeListVersion>
        <CompressionAlgorithmCodeListVersion>CompressionAlgorithmCodeListVersion0</CompressionAlgorithmCodeListVersion>
        <DataObjectVersionCodeListVersion>DataObjectVersionCodeListVersion0</DataObjectVersionCodeListVersion>
        <StorageRuleCodeListVersion>StorageRuleCodeListVersion0</StorageRuleCodeListVersion>
        <AppraisalRuleCodeListVersion>AppraisalRuleCodeListVersion0</AppraisalRuleCodeListVersion>
        <AccessRuleCodeListVersion>AccessRuleCodeListVersion0</AccessRuleCodeListVersion>
        <DisseminationRuleCodeListVersion>DisseminationRuleCodeListVersion0</DisseminationRuleCodeListVersion>
        <ReuseRuleCodeListVersion>ReuseRuleCodeListVersion0</ReuseRuleCodeListVersion>
        <ClassificationRuleCodeListVersion>ClassificationRuleCodeListVersion0</ClassificationRuleCodeListVersion>
        <AuthorizationReasonCodeListVersion>AuthorizationReasonCodeListVersion0</AuthorizationReasonCodeListVersion>
        <RelationshipCodeListVersion>RelationshipCodeListVersion0</RelationshipCodeListVersion>
    </CodeListVersions>

    <DataObjectPackage xml:id="ID2">
        <DescriptiveMetadata>
            <ArchiveUnit id="ID3">
                <Management>
                    <AppraisalRule>
                        <Rule>APP-00001</Rule>
                        <StartDate>2018-02-02</StartDate>
                        <FinalAction>Keep</FinalAction>
                    </AppraisalRule>
                    <AccessRule>
                        <Rule>ACC-00001</Rule>
                        <StartDate>2018-02-02</StartDate>
                    </AccessRule>
                </Management>
                <Content>
                    <DescriptionLevel>Item</DescriptionLevel>
                    <Title>Reportage sur Arte</Title>
                    <OriginatingSystemId>&lt;566E7D90.5020504@culture.gouv.fr&gt;</OriginatingSystemId>
                    <Description>Début du texte [Bonjour à tous,
                    
                    J'ai vu un documentaire ce week end résumant bien la problématique de
                    l'archivage numérique (par moment on aurait dit une pub pour Vitam...]
                    Fin du texte [ine.jablasy@culture.gouv.fr&gt;
                    Suivez-nous sur Twitter @ProgVitam &lt;https://twitter.com/progvitam&gt;
                    /Le programme est hébergé par les moyens informatiques du MCC/]</Description>
                    <Writer>
                        <FirstName>&quot;catherine</FirstName>
                        <BirthName>JABLASY-Telem@c&quot;</BirthName>
                        <Identifier>catherine.jablasy@culture.gouv.fr</Identifier>
                    </Writer>
                    <Addressee>
                        <FirstName>liliane</FirstName>
                        <BirthName>quinte@culture.gouv.fr</BirthName>
                        <Identifier>liliane.quinte@culture.gouv.fr</Identifier>
                    </Addressee>
                    <Addressee>
                        <FirstName>thibaut</FirstName>
                        <BirthName>UNCOLLEGUE</BirthName>
                        <Identifier>thibaut.uncollegue@culture.gouv.fr</Identifier>
                    </Addressee>
                    <Addressee>
                        <FirstName>patricia</FirstName>
                        <BirthName>QUINTE</BirthName>
                        <Identifier>patricia.quinte@culture.gouv.fr</Identifier>
                    </Addressee>
                    <Addressee>
                        <FirstName>line</FirstName>
                        <BirthName>JABLASY</BirthName>
                        <Identifier>line.jablasy@culture.gouv.fr</Identifier>
                    </Addressee>
                    <SentDate>2015-12-14T08:28:00.0Z</SentDate>
                    <ReceivedDate>2015-12-14T08:28:00.0Z</ReceivedDate>
                </Content>
            </ArchiveUnit>
            <ArchiveUnit id="ID8">
                <Management>
                    <AppraisalRule>
                        <Rule>APP-00001</Rule>
                        <StartDate>2018-02-02</StartDate>
                        <FinalAction>Keep</FinalAction>
                    </AppraisalRule>
                    <AccessRule>
                        <Rule>ACC-00001</Rule>
                        <StartDate>2018-02-02</StartDate>
                    </AccessRule>
                </Management>
                <Content>
                    <DescriptionLevel>Item</DescriptionLevel>
                    <Title>Reportage sur France TV Info</Title>
                    <OriginatingSystemId>&lt;566E7D90.5020504@culture.gouv.fr&gt;</OriginatingSystemId>
                    <Description>Début du texte [Bonjour à tous,
                        
                        J'ai vu un documentaire ce week end résumant bien la problématique de
                        l'archivage numérique (par moment on aurait dit une pub pour Vitam...]
                        Fin du texte [ine.jablasy@culture.gouv.fr&gt;
                        Suivez-nous sur Twitter @ProgVitam &lt;https://twitter.com/progvitam&gt;
                        /Le programme est hébergé par les moyens informatiques du MCC/]</Description>
                    <Writer>
                        <FirstName>&quot;catherine</FirstName>
                        <BirthName>JABLASY-Telem@c&quot;</BirthName>
                        <Identifier>catherine.jablasy@culture.gouv.fr</Identifier>
                    </Writer>
                    <Addressee>
                        <FirstName>liliane</FirstName>
                        <BirthName>quinte@culture.gouv.fr</BirthName>
                        <Identifier>liliane.quinte@culture.gouv.fr</Identifier>
                    </Addressee>
                    <Addressee>
                        <FirstName>thibaut</FirstName>
                        <BirthName>UNCOLLEGUE</BirthName>
                        <Identifier>thibaut.uncollegue@culture.gouv.fr</Identifier>
                    </Addressee>
                    <Addressee>
                        <FirstName>patricia</FirstName>
                        <BirthName>QUINTE</BirthName>
                        <Identifier>patricia.quinte@culture.gouv.fr</Identifier>
                    </Addressee>
                    <Addressee>
                        <FirstName>line</FirstName>
                        <BirthName>JABLASY</BirthName>
                        <Identifier>line.jablasy@culture.gouv.fr</Identifier>
                    </Addressee>
                    <SentDate>2015-12-14T08:28:00.0Z</SentDate>
                    <ReceivedDate>2015-12-14T08:28:00.0Z</ReceivedDate>
                </Content>
            </ArchiveUnit>
            <ArchiveUnit id="ID9">
                <Management>
                    <AppraisalRule>
                        <Rule>APP-00001</Rule>
                        <StartDate>2018-02-02</StartDate>
                        <FinalAction>Keep</FinalAction>
                    </AppraisalRule>
                    <AccessRule>
                        <Rule>ACC-00001</Rule>
                        <StartDate>2018-02-02</StartDate>
                    </AccessRule>
                </Management>
                <Content>
                    <DescriptionLevel>Item</DescriptionLevel>
                    <Title>Reportage sur People TV</Title>
                    <OriginatingSystemId>&lt;566E7D90.5020504@culture.gouv.fr&gt;</OriginatingSystemId>
                    <Description>Début du texte [Bonjour à tous,
                        
                        J'ai vu un documentaire ce week end résumant bien la problématique de
                        l'archivage numérique (par moment on aurait dit une pub pour Vitam...]
                        Fin du texte [ine.jablasy@culture.gouv.fr&gt;
                        Suivez-nous sur Twitter @ProgVitam &lt;https://twitter.com/progvitam&gt;
                        /Le programme est hébergé par les moyens informatiques du MCC/]</Description>
                    <Writer>
                        <FirstName>&quot;catherine</FirstName>
                        <BirthName>JABLASY-Telem@c&quot;</BirthName>
                        <Identifier>catherine.jablasy@culture.gouv.fr</Identifier>
                    </Writer>
                    <Addressee>
                        <FirstName>liliane</FirstName>
                        <BirthName>quinte@culture.gouv.fr</BirthName>
                        <Identifier>liliane.quinte@culture.gouv.fr</Identifier>
                    </Addressee>
                    <Addressee>
                        <FirstName>thibaut</FirstName>
                        <BirthName>UNCOLLEGUE</BirthName>
                        <Identifier>thibaut.uncollegue@culture.gouv.fr</Identifier>
                    </Addressee>
                    <Addressee>
                        <FirstName>patricia</FirstName>
                        <BirthName>QUINTE</BirthName>
                        <Identifier>patricia.quinte@culture.gouv.fr</Identifier>
                    </Addressee>
                    <Addressee>
                        <FirstName>line</FirstName>
                        <BirthName>JABLASY</BirthName>
                        <Identifier>line.jablasy@culture.gouv.fr</Identifier>
                    </Addressee>
                    <SentDate>2015-12-14T08:28:00.0Z</SentDate>
                    <ReceivedDate>2015-12-14T08:28:00.0Z</ReceivedDate>
                </Content>
            </ArchiveUnit>
            <ArchiveUnit id="ID10">
                <Management>
                    <AppraisalRule>
                        <Rule>APP-00001</Rule>
                        <StartDate>2018-02-02</StartDate>
                        <FinalAction>Keep</FinalAction>
                    </AppraisalRule>
                    <AccessRule>
                        <Rule>ACC-00001</Rule>
                        <StartDate>2018-02-02</StartDate>
                    </AccessRule>
                </Management>
                <Content>
                    <DescriptionLevel>Item</DescriptionLevel>
                    <Title>Reportage sur TV Informatique</Title>
                    <OriginatingSystemId>&lt;566E7D90.5020504@culture.gouv.fr&gt;</OriginatingSystemId>
                    <Description>Début du texte [Bonjour à tous,
                        
                        J'ai vu un documentaire ce week end résumant bien la problématique de
                        l'archivage numérique (par moment on aurait dit une pub pour Vitam...]
                        Fin du texte [ine.jablasy@culture.gouv.fr&gt;
                        Suivez-nous sur Twitter @ProgVitam &lt;https://twitter.com/progvitam&gt;
                        /Le programme est hébergé par les moyens informatiques du MCC/]</Description>
                    <Writer>
                        <FirstName>&quot;catherine</FirstName>
                        <BirthName>JABLASY-Telem@c&quot;</BirthName>
                        <Identifier>catherine.jablasy@culture.gouv.fr</Identifier>
                    </Writer>
                    <Addressee>
                        <FirstName>liliane</FirstName>
                        <BirthName>quinte@culture.gouv.fr</BirthName>
                        <Identifier>liliane.quinte@culture.gouv.fr</Identifier>
                    </Addressee>
                    <Addressee>
                        <FirstName>thibaut</FirstName>
                        <BirthName>UNCOLLEGUE</BirthName>
                        <Identifier>thibaut.uncollegue@culture.gouv.fr</Identifier>
                    </Addressee>
                    <Addressee>
                        <FirstName>patricia</FirstName>
                        <BirthName>QUINTE</BirthName>
                        <Identifier>patricia.quinte@culture.gouv.fr</Identifier>
                    </Addressee>
                    <Addressee>
                        <FirstName>line</FirstName>
                        <BirthName>JABLASY</BirthName>
                        <Identifier>line.jablasy@culture.gouv.fr</Identifier>
                    </Addressee>
                    <SentDate>2015-12-14T08:28:00.0Z</SentDate>
                    <ReceivedDate>2015-12-14T08:28:00.0Z</ReceivedDate>
                </Content>
            </ArchiveUnit>
            <ArchiveUnit id="ID11">
                <Management>
                    <AppraisalRule>
                        <Rule>APP-00001</Rule>
                        <StartDate>2018-02-02</StartDate>
                        <FinalAction>Keep</FinalAction>
                    </AppraisalRule>
                    <AccessRule>
                        <Rule>ACC-00001</Rule>
                        <StartDate>2018-02-02</StartDate>
                    </AccessRule>
                </Management>
                <Content>
                    <DescriptionLevel>Item</DescriptionLevel>
                    <Title>Reportage sur TF1 pour le TNR</Title>
                    <OriginatingSystemId>&lt;566E7D90.5020504@culture.gouv.fr&gt;</OriginatingSystemId>
                    <Description>Début du texte [Bonjour à tous,
                        
                        J'ai vu un documentaire ce week end résumant bien la problématique de
                        l'archivage numérique (par moment on aurait dit une pub pour Vitam...]
                        Fin du texte [ine.jablasy@culture.gouv.fr&gt;
                        Suivez-nous sur Twitter @ProgVitam &lt;https://twitter.com/progvitam&gt;
                        /Le programme est hébergé par les moyens informatiques du MCC/]</Description>
                    <Writer>
                        <FirstName>&quot;catherine</FirstName>
                        <BirthName>JABLASY-Telem@c&quot;</BirthName>
                        <Identifier>catherine.jablasy@culture.gouv.fr</Identifier>
                    </Writer>
                    <Addressee>
                        <FirstName>liliane</FirstName>
                        <BirthName>quinte@culture.gouv.fr</BirthName>
                        <Identifier>liliane.quinte@culture.gouv.fr</Identifier>
                    </Addressee>
                    <Addressee>
                        <FirstName>thibaut</FirstName>
                        <BirthName>UNCOLLEGUE</BirthName>
                        <Identifier>thibaut.uncollegue@culture.gouv.fr</Identifier>
                    </Addressee>
                    <Addressee>
                        <FirstName>patricia</FirstName>
                        <BirthName>QUINTE</BirthName>
                        <Identifier>patricia.quinte@culture.gouv.fr</Identifier>
                    </Addressee>
                    <Addressee>
                        <FirstName>line</FirstName>
                        <BirthName>JABLASY</BirthName>
                        <Identifier>line.jablasy@culture.gouv.fr</Identifier>
                    </Addressee>
                    <SentDate>2015-12-14T08:28:00.0Z</SentDate>
                    <ReceivedDate>2015-12-14T08:28:00.0Z</ReceivedDate>
                </Content>
            </ArchiveUnit>
            <ArchiveUnit id="ID12">
                <Management>
                    <AppraisalRule>
                        <Rule>APP-00001</Rule>
                        <StartDate>2018-02-02</StartDate>
                        <FinalAction>Keep</FinalAction>
                    </AppraisalRule>
                    <AccessRule>
                        <Rule>ACC-00001</Rule>
                        <StartDate>2018-02-02</StartDate>
                    </AccessRule>
                </Management>
                <Content>
                    <DescriptionLevel>Item</DescriptionLevel>
                    <Title>Reportage sur France 2</Title>
                    <OriginatingSystemId>&lt;566E7D90.5020504@culture.gouv.fr&gt;</OriginatingSystemId>
                    <Description>Début du texte [Bonjour à tous,
                        
                        J'ai vu un documentaire ce week end résumant bien la problématique de
                        l'archivage numérique (par moment on aurait dit une pub pour Vitam...]
                        Fin du texte [ine.jablasy@culture.gouv.fr&gt;
                        Suivez-nous sur Twitter @ProgVitam &lt;https://twitter.com/progvitam&gt;
                        /Le programme est hébergé par les moyens informatiques du MCC/]</Description>
                    <Writer>
                        <FirstName>&quot;catherine</FirstName>
                        <BirthName>JABLASY-Telem@c&quot;</BirthName>
                        <Identifier>catherine.jablasy@culture.gouv.fr</Identifier>
                    </Writer>
                    <Addressee>
                        <FirstName>liliane</FirstName>
                        <BirthName>quinte@culture.gouv.fr</BirthName>
                        <Identifier>liliane.quinte@culture.gouv.fr</Identifier>
                    </Addressee>
                    <Addressee>
                        <FirstName>thibaut</FirstName>
                        <BirthName>UNCOLLEGUE</BirthName>
                        <Identifier>thibaut.uncollegue@culture.gouv.fr</Identifier>
                    </Addressee>
                    <Addressee>
                        <FirstName>patricia</FirstName>
                        <BirthName>QUINTE</BirthName>
                        <Identifier>patricia.quinte@culture.gouv.fr</Identifier>
                    </Addressee>
                    <Addressee>
                        <FirstName>line</FirstName>
                        <BirthName>JABLASY</BirthName>
                        <Identifier>line.jablasy@culture.gouv.fr</Identifier>
                    </Addressee>
                    <SentDate>2015-12-14T08:28:00.0Z</SentDate>
                    <ReceivedDate>2015-12-14T08:28:00.0Z</ReceivedDate>
                </Content>
            </ArchiveUnit>
            <ArchiveUnit id="ID13">
                <Management>
                    <AppraisalRule>
                        <Rule>APP-00001</Rule>
                        <StartDate>2018-02-02</StartDate>
                        <FinalAction>Keep</FinalAction>
                    </AppraisalRule>
                    <AccessRule>
                        <Rule>ACC-00001</Rule>
                        <StartDate>2018-02-02</StartDate>
                    </AccessRule>
                </Management>
                <Content>
                    <DescriptionLevel>Item</DescriptionLevel>
                    <Title>Reportage France 3</Title>
                    <OriginatingSystemId>&lt;566E7D90.5020504@culture.gouv.fr&gt;</OriginatingSystemId>
                    <Description>Début du texte [Bonjour à tous,
                        
                        J'ai vu un documentaire ce week end résumant bien la problématique de
                        l'archivage numérique (par moment on aurait dit une pub pour Vitam...]
                        Fin du texte [ine.jablasy@culture.gouv.fr&gt;
                        Suivez-nous sur Twitter @ProgVitam &lt;https://twitter.com/progvitam&gt;
                        /Le programme est hébergé par les moyens informatiques du MCC/]</Description>
                    <Writer>
                        <FirstName>&quot;catherine</FirstName>
                        <BirthName>JABLASY-Telem@c&quot;</BirthName>
                        <Identifier>catherine.jablasy@culture.gouv.fr</Identifier>
                    </Writer>
                    <Addressee>
                        <FirstName>liliane</FirstName>
                        <BirthName>quinte@culture.gouv.fr</BirthName>
                        <Identifier>liliane.quinte@culture.gouv.fr</Identifier>
                    </Addressee>
                    <Addressee>
                        <FirstName>thibaut</FirstName>
                        <BirthName>UNCOLLEGUE</BirthName>
                        <Identifier>thibaut.uncollegue@culture.gouv.fr</Identifier>
                    </Addressee>
                    <Addressee>
                        <FirstName>patricia</FirstName>
                        <BirthName>QUINTE</BirthName>
                        <Identifier>patricia.quinte@culture.gouv.fr</Identifier>
                    </Addressee>
                    <Addressee>
                        <FirstName>line</FirstName>
                        <BirthName>JABLASY</BirthName>
                        <Identifier>line.jablasy@culture.gouv.fr</Identifier>
                    </Addressee>
                    <SentDate>2015-12-14T08:28:00.0Z</SentDate>
                    <ReceivedDate>2015-12-14T08:28:00.0Z</ReceivedDate>
                </Content>
            </ArchiveUnit>
            <ArchiveUnit id="ID14">
                <Management>
                    <AppraisalRule>
                        <Rule>APP-00001</Rule>
                        <StartDate>2018-02-02</StartDate>
                        <FinalAction>Keep</FinalAction>
                    </AppraisalRule>
                    <AccessRule>
                        <Rule>ACC-00001</Rule>
                        <StartDate>2018-02-02</StartDate>
                    </AccessRule>
                </Management>
                <Content>
                    <DescriptionLevel>Item</DescriptionLevel>
                    <Title>Reportage sur Canal +</Title>
                    <OriginatingSystemId>&lt;566E7D90.5020504@culture.gouv.fr&gt;</OriginatingSystemId>
                    <Description>Début du texte [Bonjour à tous,
                        
                        J'ai vu un documentaire ce week end résumant bien la problématique de
                        l'archivage numérique (par moment on aurait dit une pub pour Vitam...]
                        Fin du texte [ine.jablasy@culture.gouv.fr&gt;
                        Suivez-nous sur Twitter @ProgVitam &lt;https://twitter.com/progvitam&gt;
                        /Le programme est hébergé par les moyens informatiques du MCC/]</Description>
                    <Writer>
                        <FirstName>&quot;catherine</FirstName>
                        <BirthName>JABLASY-Telem@c&quot;</BirthName>
                        <Identifier>catherine.jablasy@culture.gouv.fr</Identifier>
                    </Writer>
                    <Addressee>
                        <FirstName>liliane</FirstName>
                        <BirthName>quinte@culture.gouv.fr</BirthName>
                        <Identifier>liliane.quinte@culture.gouv.fr</Identifier>
                    </Addressee>
                    <Addressee>
                        <FirstName>thibaut</FirstName>
                        <BirthName>UNCOLLEGUE</BirthName>
                        <Identifier>thibaut.uncollegue@culture.gouv.fr</Identifier>
                    </Addressee>
                    <Addressee>
                        <FirstName>patricia</FirstName>
                        <BirthName>QUINTE</BirthName>
                        <Identifier>patricia.quinte@culture.gouv.fr</Identifier>
                    </Addressee>
                    <Addressee>
                        <FirstName>line</FirstName>
                        <BirthName>JABLASY</BirthName>
                        <Identifier>line.jablasy@culture.gouv.fr</Identifier>
                    </Addressee>
                    <SentDate>2015-12-14T08:28:00.0Z</SentDate>
                    <ReceivedDate>2015-12-14T08:28:00.0Z</ReceivedDate>
                </Content>
            </ArchiveUnit>
            <ArchiveUnit id="ID15">
                <Management>
                    <AppraisalRule>
                        <Rule>APP-00001</Rule>
                        <StartDate>2018-02-02</StartDate>
                        <FinalAction>Keep</FinalAction>
                    </AppraisalRule>
                    <AccessRule>
                        <Rule>ACC-00001</Rule>
                        <StartDate>2018-02-02</StartDate>
                    </AccessRule>
                </Management>
                <Content>
                    <DescriptionLevel>Item</DescriptionLevel>
                    <Title>Reportage sur France 5</Title>
                    <OriginatingSystemId>&lt;566E7D90.5020504@culture.gouv.fr&gt;</OriginatingSystemId>
                    <Description>Début du texte [Bonjour à tous,
                        
                        J'ai vu un documentaire ce week end résumant bien la problématique de
                        l'archivage numérique (par moment on aurait dit une pub pour Vitam...]
                        Fin du texte [ine.jablasy@culture.gouv.fr&gt;
                        Suivez-nous sur Twitter @ProgVitam &lt;https://twitter.com/progvitam&gt;
                        /Le programme est hébergé par les moyens informatiques du MCC/]</Description>
                    <Writer>
                        <FirstName>&quot;catherine</FirstName>
                        <BirthName>JABLASY-Telem@c&quot;</BirthName>
                        <Identifier>catherine.jablasy@culture.gouv.fr</Identifier>
                    </Writer>
                    <Addressee>
                        <FirstName>liliane</FirstName>
                        <BirthName>quinte@culture.gouv.fr</BirthName>
                        <Identifier>liliane.quinte@culture.gouv.fr</Identifier>
                    </Addressee>
                    <Addressee>
                        <FirstName>thibaut</FirstName>
                        <BirthName>UNCOLLEGUE</BirthName>
                        <Identifier>thibaut.uncollegue@culture.gouv.fr</Identifier>
                    </Addressee>
                    <Addressee>
                        <FirstName>patricia</FirstName>
                        <BirthName>QUINTE</BirthName>
                        <Identifier>patricia.quinte@culture.gouv.fr</Identifier>
                    </Addressee>
                    <Addressee>
                        <FirstName>line</FirstName>
                        <BirthName>JABLASY</BirthName>
                        <Identifier>line.jablasy@culture.gouv.fr</Identifier>
                    </Addressee>
                    <SentDate>2015-12-14T08:28:00.0Z</SentDate>
                    <ReceivedDate>2015-12-14T08:28:00.0Z</ReceivedDate>
                </Content>
            </ArchiveUnit>
            <ArchiveUnit id="ID16">
                <Management>
                    <AppraisalRule>
                        <Rule>APP-00001</Rule>
                        <StartDate>2018-02-02</StartDate>
                        <FinalAction>Keep</FinalAction>
                    </AppraisalRule>
                    <AccessRule>
                        <Rule>ACC-00001</Rule>
                        <StartDate>2018-02-02</StartDate>
                    </AccessRule>
                </Management>
                <Content>
                    <DescriptionLevel>Item</DescriptionLevel>
                    <Title>Reportage sur M6</Title>
                    <OriginatingSystemId>&lt;566E7D90.5020504@culture.gouv.fr&gt;</OriginatingSystemId>
                    <Description>Début du texte [Bonjour à tous,
                        
                        J'ai vu un documentaire ce week end résumant bien la problématique de
                        l'archivage numérique (par moment on aurait dit une pub pour Vitam...]
                        Fin du texte [ine.jablasy@culture.gouv.fr&gt;
                        Suivez-nous sur Twitter @ProgVitam &lt;https://twitter.com/progvitam&gt;
                        /Le programme est hébergé par les moyens informatiques du MCC/]</Description>
                    <Writer>
                        <FirstName>&quot;catherine</FirstName>
                        <BirthName>JABLASY-Telem@c&quot;</BirthName>
                        <Identifier>catherine.jablasy@culture.gouv.fr</Identifier>
                    </Writer>
                    <Addressee>
                        <FirstName>liliane</FirstName>
                        <BirthName>quinte@culture.gouv.fr</BirthName>
                        <Identifier>liliane.quinte@culture.gouv.fr</Identifier>
                    </Addressee>
                    <Addressee>
                        <FirstName>thibaut</FirstName>
                        <BirthName>UNCOLLEGUE</BirthName>
                        <Identifier>thibaut.uncollegue@culture.gouv.fr</Identifier>
                    </Addressee>
                    <Addressee>
                        <FirstName>patricia</FirstName>
                        <BirthName>QUINTE</BirthName>
                        <Identifier>patricia.quinte@culture.gouv.fr</Identifier>
                    </Addressee>
                    <Addressee>
                        <FirstName>line</FirstName>
                        <BirthName>JABLASY</BirthName>
                        <Identifier>line.jablasy@culture.gouv.fr</Identifier>
                    </Addressee>
                    <SentDate>2015-12-14T08:28:00.0Z</SentDate>
                    <ReceivedDate>2015-12-14T08:28:00.0Z</ReceivedDate>
                </Content>
            </ArchiveUnit>
            <ArchiveUnit id="ID17">
                <Management>
                    <AppraisalRule>
                        <Rule>APP-00001</Rule>
                        <StartDate>2018-02-02</StartDate>
                        <FinalAction>Keep</FinalAction>
                    </AppraisalRule>
                    <AccessRule>
                        <Rule>ACC-00001</Rule>
                        <StartDate>2018-02-02</StartDate>
                    </AccessRule>
                </Management>
                <Content>
                    <DescriptionLevel>Item</DescriptionLevel>
                    <Title>Reportage sur C8</Title>
                    <OriginatingSystemId>&lt;566E7D90.5020504@culture.gouv.fr&gt;</OriginatingSystemId>
                    <Description>Début du texte [Bonjour à tous,
                        
                        J'ai vu un documentaire ce week end résumant bien la problématique de
                        l'archivage numérique (par moment on aurait dit une pub pour Vitam...]
                        Fin du texte [ine.jablasy@culture.gouv.fr&gt;
                        Suivez-nous sur Twitter @ProgVitam &lt;https://twitter.com/progvitam&gt;
                        /Le programme est hébergé par les moyens informatiques du MCC/]</Description>
                    <Writer>
                        <FirstName>&quot;catherine</FirstName>
                        <BirthName>JABLASY-Telem@c&quot;</BirthName>
                        <Identifier>catherine.jablasy@culture.gouv.fr</Identifier>
                    </Writer>
                    <Addressee>
                        <FirstName>liliane</FirstName>
                        <BirthName>quinte@culture.gouv.fr</BirthName>
                        <Identifier>liliane.quinte@culture.gouv.fr</Identifier>
                    </Addressee>
                    <Addressee>
                        <FirstName>thibaut</FirstName>
                        <BirthName>UNCOLLEGUE</BirthName>
                        <Identifier>thibaut.uncollegue@culture.gouv.fr</Identifier>
                    </Addressee>
                    <Addressee>
                        <FirstName>patricia</FirstName>
                        <BirthName>QUINTE</BirthName>
                        <Identifier>patricia.quinte@culture.gouv.fr</Identifier>
                    </Addressee>
                    <Addressee>
                        <FirstName>line</FirstName>
                        <BirthName>JABLASY</BirthName>
                        <Identifier>line.jablasy@culture.gouv.fr</Identifier>
                    </Addressee>
                    <SentDate>2015-12-14T08:28:00.0Z</SentDate>
                    <ReceivedDate>2015-12-14T08:28:00.0Z</ReceivedDate>
                </Content>
            </ArchiveUnit>
            <ArchiveUnit id="ID18">
                <Management>
                    <AppraisalRule>
                        <Rule>APP-00001</Rule>
                        <StartDate>2018-02-02</StartDate>
                        <FinalAction>Keep</FinalAction>
                    </AppraisalRule>
                    <AccessRule>
                        <Rule>ACC-00001</Rule>
                        <StartDate>2018-02-02</StartDate>
                    </AccessRule>
                </Management>
                <Content>
                    <DescriptionLevel>Item</DescriptionLevel>
                    <Title>Reportage sur W9</Title>
                    <OriginatingSystemId>&lt;566E7D90.5020504@culture.gouv.fr&gt;</OriginatingSystemId>
                    <Description>Début du texte [Bonjour à tous,
                        
                        J'ai vu un documentaire ce week end résumant bien la problématique de
                        l'archivage numérique (par moment on aurait dit une pub pour Vitam...]
                        Fin du texte [ine.jablasy@culture.gouv.fr&gt;
                        Suivez-nous sur Twitter @ProgVitam &lt;https://twitter.com/progvitam&gt;
                        /Le programme est hébergé par les moyens informatiques du MCC/]</Description>
                    <Writer>
                        <FirstName>&quot;catherine</FirstName>
                        <BirthName>JABLASY-Telem@c&quot;</BirthName>
                        <Identifier>catherine.jablasy@culture.gouv.fr</Identifier>
                    </Writer>
                    <Addressee>
                        <FirstName>liliane</FirstName>
                        <BirthName>quinte@culture.gouv.fr</BirthName>
                        <Identifier>liliane.quinte@culture.gouv.fr</Identifier>
                    </Addressee>
                    <Addressee>
                        <FirstName>thibaut</FirstName>
                        <BirthName>UNCOLLEGUE</BirthName>
                        <Identifier>thibaut.uncollegue@culture.gouv.fr</Identifier>
                    </Addressee>
                    <Addressee>
                        <FirstName>patricia</FirstName>
                        <BirthName>QUINTE</BirthName>
                        <Identifier>patricia.quinte@culture.gouv.fr</Identifier>
                    </Addressee>
                    <Addressee>
                        <FirstName>line</FirstName>
                        <BirthName>JABLASY</BirthName>
                        <Identifier>line.jablasy@culture.gouv.fr</Identifier>
                    </Addressee>
                    <SentDate>2015-12-14T08:28:00.0Z</SentDate>
                    <ReceivedDate>2015-12-14T08:28:00.0Z</ReceivedDate>
                </Content>
            </ArchiveUnit>
            <ArchiveUnit id="ID19">
                <Management>
                    <AppraisalRule>
                        <Rule>APP-00001</Rule>
                        <StartDate>2018-02-02</StartDate>
                        <FinalAction>Keep</FinalAction>
                    </AppraisalRule>
                    <AccessRule>
                        <Rule>ACC-00001</Rule>
                        <StartDate>2018-02-02</StartDate>
                    </AccessRule>
                </Management>
                <Content>
                    <DescriptionLevel>Item</DescriptionLevel>
                    <Title>Reportage sur TMC</Title>
                    <OriginatingSystemId>&lt;566E7D90.5020504@culture.gouv.fr&gt;</OriginatingSystemId>
                    <Description>Début du texte [Bonjour à tous,
                        
                        J'ai vu un documentaire ce week end résumant bien la problématique de
                        l'archivage numérique (par moment on aurait dit une pub pour Vitam...]
                        Fin du texte [ine.jablasy@culture.gouv.fr&gt;
                        Suivez-nous sur Twitter @ProgVitam &lt;https://twitter.com/progvitam&gt;
                        /Le programme est hébergé par les moyens informatiques du MCC/]</Description>
                    <Writer>
                        <FirstName>&quot;catherine</FirstName>
                        <BirthName>JABLASY-Telem@c&quot;</BirthName>
                        <Identifier>catherine.jablasy@culture.gouv.fr</Identifier>
                    </Writer>
                    <Addressee>
                        <FirstName>liliane</FirstName>
                        <BirthName>quinte@culture.gouv.fr</BirthName>
                        <Identifier>liliane.quinte@culture.gouv.fr</Identifier>
                    </Addressee>
                    <Addressee>
                        <FirstName>thibaut</FirstName>
                        <BirthName>UNCOLLEGUE</BirthName>
                        <Identifier>thibaut.uncollegue@culture.gouv.fr</Identifier>
                    </Addressee>
                    <Addressee>
                        <FirstName>patricia</FirstName>
                        <BirthName>QUINTE</BirthName>
                        <Identifier>patricia.quinte@culture.gouv.fr</Identifier>
                    </Addressee>
                    <Addressee>
                        <FirstName>line</FirstName>
                        <BirthName>JABLASY</BirthName>
                        <Identifier>line.jablasy@culture.gouv.fr</Identifier>
                    </Addressee>
                    <SentDate>2015-12-14T08:28:00.0Z</SentDate>
                    <ReceivedDate>2015-12-14T08:28:00.0Z</ReceivedDate>
                </Content>
            </ArchiveUnit>
            <ArchiveUnit id="ID20">
                <Management>
                    <AppraisalRule>
                        <Rule>APP-00001</Rule>
                        <StartDate>2018-02-02</StartDate>
                        <FinalAction>Keep</FinalAction>
                    </AppraisalRule>
                    <AccessRule>
                        <Rule>ACC-00001</Rule>
                        <StartDate>2018-02-02</StartDate>
                    </AccessRule>
                </Management>
                <Content>
                    <DescriptionLevel>Item</DescriptionLevel>
                    <Title>Reportage sur NT1</Title>
                    <OriginatingSystemId>&lt;566E7D90.5020504@culture.gouv.fr&gt;</OriginatingSystemId>
                    <Description>Début du texte [Bonjour à tous,
                        
                        J'ai vu un documentaire ce week end résumant bien la problématique de
                        l'archivage numérique (par moment on aurait dit une pub pour Vitam...]
                        Fin du texte [ine.jablasy@culture.gouv.fr&gt;
                        Suivez-nous sur Twitter @ProgVitam &lt;https://twitter.com/progvitam&gt;
                        /Le programme est hébergé par les moyens informatiques du MCC/]</Description>
                    <Writer>
                        <FirstName>&quot;catherine</FirstName>
                        <BirthName>JABLASY-Telem@c&quot;</BirthName>
                        <Identifier>catherine.jablasy@culture.gouv.fr</Identifier>
                    </Writer>
                    <Addressee>
                        <FirstName>liliane</FirstName>
                        <BirthName>quinte@culture.gouv.fr</BirthName>
                        <Identifier>liliane.quinte@culture.gouv.fr</Identifier>
                    </Addressee>
                    <Addressee>
                        <FirstName>thibaut</FirstName>
                        <BirthName>UNCOLLEGUE</BirthName>
                        <Identifier>thibaut.uncollegue@culture.gouv.fr</Identifier>
                    </Addressee>
                    <Addressee>
                        <FirstName>patricia</FirstName>
                        <BirthName>QUINTE</BirthName>
                        <Identifier>patricia.quinte@culture.gouv.fr</Identifier>
                    </Addressee>
                    <Addressee>
                        <FirstName>line</FirstName>
                        <BirthName>JABLASY</BirthName>
                        <Identifier>line.jablasy@culture.gouv.fr</Identifier>
                    </Addressee>
                    <SentDate>2015-12-14T08:28:00.0Z</SentDate>
                    <ReceivedDate>2015-12-14T08:28:00.0Z</ReceivedDate>
                </Content>
            </ArchiveUnit>
            <ArchiveUnit id="ID21">
                <Management>
                    <AppraisalRule>
                        <Rule>APP-00001</Rule>
                        <StartDate>2018-02-02</StartDate>
                        <FinalAction>Keep</FinalAction>
                    </AppraisalRule>
                    <AccessRule>
                        <Rule>ACC-00001</Rule>
                        <StartDate>2018-02-02</StartDate>
                    </AccessRule>
                </Management>
                <Content>
                    <DescriptionLevel>Item</DescriptionLevel>
                    <Title>Reportage sur LCP</Title>
                    <OriginatingSystemId>&lt;566E7D90.5020504@culture.gouv.fr&gt;</OriginatingSystemId>
                    <Description>Début du texte [Bonjour à tous,
                        
                        J'ai vu un documentaire ce week end résumant bien la problématique de
                        l'archivage numérique (par moment on aurait dit une pub pour Vitam...]
                        Fin du texte [ine.jablasy@culture.gouv.fr&gt;
                        Suivez-nous sur Twitter @ProgVitam &lt;https://twitter.com/progvitam&gt;
                        /Le programme est hébergé par les moyens informatiques du MCC/]</Description>
                    <Writer>
                        <FirstName>&quot;catherine</FirstName>
                        <BirthName>JABLASY-Telem@c&quot;</BirthName>
                        <Identifier>catherine.jablasy@culture.gouv.fr</Identifier>
                    </Writer>
                    <Addressee>
                        <FirstName>liliane</FirstName>
                        <BirthName>quinte@culture.gouv.fr</BirthName>
                        <Identifier>liliane.quinte@culture.gouv.fr</Identifier>
                    </Addressee>
                    <Addressee>
                        <FirstName>thibaut</FirstName>
                        <BirthName>UNCOLLEGUE</BirthName>
                        <Identifier>thibaut.uncollegue@culture.gouv.fr</Identifier>
                    </Addressee>
                    <Addressee>
                        <FirstName>patricia</FirstName>
                        <BirthName>QUINTE</BirthName>
                        <Identifier>patricia.quinte@culture.gouv.fr</Identifier>
                    </Addressee>
                    <Addressee>
                        <FirstName>line</FirstName>
                        <BirthName>JABLASY</BirthName>
                        <Identifier>line.jablasy@culture.gouv.fr</Identifier>
                    </Addressee>
                    <SentDate>2015-12-14T08:28:00.0Z</SentDate>
                    <ReceivedDate>2015-12-14T08:28:00.0Z</ReceivedDate>
                </Content>
            </ArchiveUnit>
            <ArchiveUnit id="ID22">
                <Management>
                    <AppraisalRule>
                        <Rule>APP-00001</Rule>
                        <StartDate>2018-02-02</StartDate>
                        <FinalAction>Keep</FinalAction>
                    </AppraisalRule>
                    <AccessRule>
                        <Rule>ACC-00001</Rule>
                        <StartDate>2018-02-02</StartDate>
                    </AccessRule>
                </Management>
                <Content>
                    <DescriptionLevel>Item</DescriptionLevel>
                    <Title>Reportage sur France 4</Title>
                    <OriginatingSystemId>&lt;566E7D90.5020504@culture.gouv.fr&gt;</OriginatingSystemId>
                    <Description>Début du texte [Bonjour à tous,
                        
                        J'ai vu un documentaire ce week end résumant bien la problématique de
                        l'archivage numérique (par moment on aurait dit une pub pour Vitam...]
                        Fin du texte [ine.jablasy@culture.gouv.fr&gt;
                        Suivez-nous sur Twitter @ProgVitam &lt;https://twitter.com/progvitam&gt;
                        /Le programme est hébergé par les moyens informatiques du MCC/]</Description>
                    <Writer>
                        <FirstName>&quot;catherine</FirstName>
                        <BirthName>JABLASY-Telem@c&quot;</BirthName>
                        <Identifier>catherine.jablasy@culture.gouv.fr</Identifier>
                    </Writer>
                    <Addressee>
                        <FirstName>liliane</FirstName>
                        <BirthName>quinte@culture.gouv.fr</BirthName>
                        <Identifier>liliane.quinte@culture.gouv.fr</Identifier>
                    </Addressee>
                    <Addressee>
                        <FirstName>thibaut</FirstName>
                        <BirthName>UNCOLLEGUE</BirthName>
                        <Identifier>thibaut.uncollegue@culture.gouv.fr</Identifier>
                    </Addressee>
                    <Addressee>
                        <FirstName>patricia</FirstName>
                        <BirthName>QUINTE</BirthName>
                        <Identifier>patricia.quinte@culture.gouv.fr</Identifier>
                    </Addressee>
                    <Addressee>
                        <FirstName>line</FirstName>
                        <BirthName>JABLASY</BirthName>
                        <Identifier>line.jablasy@culture.gouv.fr</Identifier>
                    </Addressee>
                    <SentDate>2015-12-14T08:28:00.0Z</SentDate>
                    <ReceivedDate>2015-12-14T08:28:00.0Z</ReceivedDate>
                </Content>
            </ArchiveUnit>
            <ArchiveUnit id="ID33">
                <Management>
                    <AppraisalRule>
                        <Rule>APP-00001</Rule>
                        <StartDate>2018-02-02</StartDate>
                        <FinalAction>Keep</FinalAction>
                    </AppraisalRule>
                    <AccessRule>
                        <Rule>ACC-00001</Rule>
                        <StartDate>2018-02-02</StartDate>
                    </AccessRule>
                </Management>
                <Content>
                    <DescriptionLevel>Item</DescriptionLevel>
                    <Title>Reportage sur BMF TV</Title>
                    <OriginatingSystemId>&lt;566E7D90.5020504@culture.gouv.fr&gt;</OriginatingSystemId>
                    <Description>Début du texte [Bonjour à tous,
                        
                        J'ai vu un documentaire ce week end résumant bien la problématique de
                        l'archivage numérique (par moment on aurait dit une pub pour Vitam...]
                        Fin du texte [ine.jablasy@culture.gouv.fr&gt;
                        Suivez-nous sur Twitter @ProgVitam &lt;https://twitter.com/progvitam&gt;
                        /Le programme est hébergé par les moyens informatiques du MCC/]</Description>
                    <Writer>
                        <FirstName>&quot;catherine</FirstName>
                        <BirthName>JABLASY-Telem@c&quot;</BirthName>
                        <Identifier>catherine.jablasy@culture.gouv.fr</Identifier>
                    </Writer>
                    <Addressee>
                        <FirstName>liliane</FirstName>
                        <BirthName>quinte@culture.gouv.fr</BirthName>
                        <Identifier>liliane.quinte@culture.gouv.fr</Identifier>
                    </Addressee>
                    <Addressee>
                        <FirstName>thibaut</FirstName>
                        <BirthName>UNCOLLEGUE</BirthName>
                        <Identifier>thibaut.uncollegue@culture.gouv.fr</Identifier>
                    </Addressee>
                    <Addressee>
                        <FirstName>patricia</FirstName>
                        <BirthName>QUINTE</BirthName>
                        <Identifier>patricia.quinte@culture.gouv.fr</Identifier>
                    </Addressee>
                    <Addressee>
                        <FirstName>line</FirstName>
                        <BirthName>JABLASY</BirthName>
                        <Identifier>line.jablasy@culture.gouv.fr</Identifier>
                    </Addressee>
                    <SentDate>2015-12-14T08:28:00.0Z</SentDate>
                    <ReceivedDate>2015-12-14T08:28:00.0Z</ReceivedDate>
                </Content>
            </ArchiveUnit>
            <ArchiveUnit id="ID23">
                <Management>
                    <AppraisalRule>
                        <Rule>APP-00001</Rule>
                        <StartDate>2018-02-02</StartDate>
                        <FinalAction>Keep</FinalAction>
                    </AppraisalRule>
                    <AccessRule>
                        <Rule>ACC-00001</Rule>
                        <StartDate>2018-02-02</StartDate>
                    </AccessRule>
                </Management>
                <Content>
                    <DescriptionLevel>Item</DescriptionLevel>
                    <Title>Reportage sur CNews</Title>
                    <OriginatingSystemId>&lt;566E7D90.5020504@culture.gouv.fr&gt;</OriginatingSystemId>
                    <Description>Début du texte [Bonjour à tous,
                        
                        J'ai vu un documentaire ce week end résumant bien la problématique de
                        l'archivage numérique (par moment on aurait dit une pub pour Vitam...]
                        Fin du texte [ine.jablasy@culture.gouv.fr&gt;
                        Suivez-nous sur Twitter @ProgVitam &lt;https://twitter.com/progvitam&gt;
                        /Le programme est hébergé par les moyens informatiques du MCC/]</Description>
                    <Writer>
                        <FirstName>&quot;catherine</FirstName>
                        <BirthName>JABLASY-Telem@c&quot;</BirthName>
                        <Identifier>catherine.jablasy@culture.gouv.fr</Identifier>
                    </Writer>
                    <Addressee>
                        <FirstName>liliane</FirstName>
                        <BirthName>quinte@culture.gouv.fr</BirthName>
                        <Identifier>liliane.quinte@culture.gouv.fr</Identifier>
                    </Addressee>
                    <Addressee>
                        <FirstName>thibaut</FirstName>
                        <BirthName>UNCOLLEGUE</BirthName>
                        <Identifier>thibaut.uncollegue@culture.gouv.fr</Identifier>
                    </Addressee>
                    <Addressee>
                        <FirstName>patricia</FirstName>
                        <BirthName>QUINTE</BirthName>
                        <Identifier>patricia.quinte@culture.gouv.fr</Identifier>
                    </Addressee>
                    <Addressee>
                        <FirstName>line</FirstName>
                        <BirthName>JABLASY</BirthName>
                        <Identifier>line.jablasy@culture.gouv.fr</Identifier>
                    </Addressee>
                    <SentDate>2015-12-14T08:28:00.0Z</SentDate>
                    <ReceivedDate>2015-12-14T08:28:00.0Z</ReceivedDate>
                </Content>
            </ArchiveUnit>
            <ArchiveUnit id="ID24">
                <Management>
                    <AppraisalRule>
                        <Rule>APP-00001</Rule>
                        <StartDate>2018-02-02</StartDate>
                        <FinalAction>Keep</FinalAction>
                    </AppraisalRule>
                    <AccessRule>
                        <Rule>ACC-00001</Rule>
                        <StartDate>2018-02-02</StartDate>
                    </AccessRule>
                </Management>
                <Content>
                    <DescriptionLevel>Item</DescriptionLevel>
                    <Title>Reportage sur Chérie 25</Title>
                    <OriginatingSystemId>&lt;566E7D90.5020504@culture.gouv.fr&gt;</OriginatingSystemId>
                    <Description>Début du texte [Bonjour à tous,
                        
                        J'ai vu un documentaire ce week end résumant bien la problématique de
                        l'archivage numérique (par moment on aurait dit une pub pour Vitam...]
                        Fin du texte [ine.jablasy@culture.gouv.fr&gt;
                        Suivez-nous sur Twitter @ProgVitam &lt;https://twitter.com/progvitam&gt;
                        /Le programme est hébergé par les moyens informatiques du MCC/]</Description>
                    <Writer>
                        <FirstName>&quot;catherine</FirstName>
                        <BirthName>JABLASY-Telem@c&quot;</BirthName>
                        <Identifier>catherine.jablasy@culture.gouv.fr</Identifier>
                    </Writer>
                    <Addressee>
                        <FirstName>liliane</FirstName>
                        <BirthName>quinte@culture.gouv.fr</BirthName>
                        <Identifier>liliane.quinte@culture.gouv.fr</Identifier>
                    </Addressee>
                    <Addressee>
                        <FirstName>thibaut</FirstName>
                        <BirthName>UNCOLLEGUE</BirthName>
                        <Identifier>thibaut.uncollegue@culture.gouv.fr</Identifier>
                    </Addressee>
                    <Addressee>
                        <FirstName>patricia</FirstName>
                        <BirthName>QUINTE</BirthName>
                        <Identifier>patricia.quinte@culture.gouv.fr</Identifier>
                    </Addressee>
                    <Addressee>
                        <FirstName>line</FirstName>
                        <BirthName>JABLASY</BirthName>
                        <Identifier>line.jablasy@culture.gouv.fr</Identifier>
                    </Addressee>
                    <SentDate>2015-12-14T08:28:00.0Z</SentDate>
                    <ReceivedDate>2015-12-14T08:28:00.0Z</ReceivedDate>
                </Content>
            </ArchiveUnit>
            <ArchiveUnit id="ID25">
                <Management>
                    <AppraisalRule>
                        <Rule>APP-00001</Rule>
                        <StartDate>2018-02-02</StartDate>
                        <FinalAction>Keep</FinalAction>
                    </AppraisalRule>
                    <AccessRule>
                        <Rule>ACC-00001</Rule>
                        <StartDate>2018-02-02</StartDate>
                    </AccessRule>
                </Management>
                <Content>
                    <DescriptionLevel>Item</DescriptionLevel>
                    <Title>Reportage sur LCI</Title>
                    <OriginatingSystemId>&lt;566E7D90.5020504@culture.gouv.fr&gt;</OriginatingSystemId>
                    <Description>Début du texte [Bonjour à tous,
                        
                        J'ai vu un documentaire ce week end résumant bien la problématique de
                        l'archivage numérique (par moment on aurait dit une pub pour Vitam...]
                        Fin du texte [ine.jablasy@culture.gouv.fr&gt;
                        Suivez-nous sur Twitter @ProgVitam &lt;https://twitter.com/progvitam&gt;
                        /Le programme est hébergé par les moyens informatiques du MCC/]</Description>
                    <Writer>
                        <FirstName>&quot;catherine</FirstName>
                        <BirthName>JABLASY-Telem@c&quot;</BirthName>
                        <Identifier>catherine.jablasy@culture.gouv.fr</Identifier>
                    </Writer>
                    <Addressee>
                        <FirstName>liliane</FirstName>
                        <BirthName>quinte@culture.gouv.fr</BirthName>
                        <Identifier>liliane.quinte@culture.gouv.fr</Identifier>
                    </Addressee>
                    <Addressee>
                        <FirstName>thibaut</FirstName>
                        <BirthName>UNCOLLEGUE</BirthName>
                        <Identifier>thibaut.uncollegue@culture.gouv.fr</Identifier>
                    </Addressee>
                    <Addressee>
                        <FirstName>patricia</FirstName>
                        <BirthName>QUINTE</BirthName>
                        <Identifier>patricia.quinte@culture.gouv.fr</Identifier>
                    </Addressee>
                    <Addressee>
                        <FirstName>line</FirstName>
                        <BirthName>JABLASY</BirthName>
                        <Identifier>line.jablasy@culture.gouv.fr</Identifier>
                    </Addressee>
                    <SentDate>2015-12-14T08:28:00.0Z</SentDate>
                    <ReceivedDate>2015-12-14T08:28:00.0Z</ReceivedDate>
                </Content>
            </ArchiveUnit>
            <ArchiveUnit id="ID28">
                <Management>
                    <AppraisalRule>
                        <Rule>APP-00001</Rule>
                        <StartDate>2018-02-02</StartDate>
                        <FinalAction>Keep</FinalAction>
                    </AppraisalRule>
                    <AccessRule>
                        <Rule>ACC-00001</Rule>
                        <StartDate>2018-02-02</StartDate>
                    </AccessRule>
                </Management>
                <Content>
                    <DescriptionLevel>Item</DescriptionLevel>
                    <Title>Reportage sur France O</Title>
                    <OriginatingSystemId>&lt;566E7D90.5020504@culture.gouv.fr&gt;</OriginatingSystemId>
                    <Description>Début du texte [Bonjour à tous,
                        
                        J'ai vu un documentaire ce week end résumant bien la problématique de
                        l'archivage numérique (par moment on aurait dit une pub pour Vitam...]
                        Fin du texte [ine.jablasy@culture.gouv.fr&gt;
                        Suivez-nous sur Twitter @ProgVitam &lt;https://twitter.com/progvitam&gt;
                        /Le programme est hébergé par les moyens informatiques du MCC/]</Description>
                    <Writer>
                        <FirstName>&quot;catherine</FirstName>
                        <BirthName>JABLASY-Telem@c&quot;</BirthName>
                        <Identifier>catherine.jablasy@culture.gouv.fr</Identifier>
                    </Writer>
                    <Addressee>
                        <FirstName>liliane</FirstName>
                        <BirthName>quinte@culture.gouv.fr</BirthName>
                        <Identifier>liliane.quinte@culture.gouv.fr</Identifier>
                    </Addressee>
                    <Addressee>
                        <FirstName>thibaut</FirstName>
                        <BirthName>UNCOLLEGUE</BirthName>
                        <Identifier>thibaut.uncollegue@culture.gouv.fr</Identifier>
                    </Addressee>
                    <Addressee>
                        <FirstName>patricia</FirstName>
                        <BirthName>QUINTE</BirthName>
                        <Identifier>patricia.quinte@culture.gouv.fr</Identifier>
                    </Addressee>
                    <Addressee>
                        <FirstName>line</FirstName>
                        <BirthName>JABLASY</BirthName>
                        <Identifier>line.jablasy@culture.gouv.fr</Identifier>
                    </Addressee>
                    <SentDate>2015-12-14T08:28:00.0Z</SentDate>
                    <ReceivedDate>2015-12-14T08:28:00.0Z</ReceivedDate>
                </Content>
            </ArchiveUnit>
            <ArchiveUnit id="ID30">
                <Management>
                    <AppraisalRule>
                        <Rule>APP-00001</Rule>
                        <StartDate>2018-02-02</StartDate>
                        <FinalAction>Keep</FinalAction>
                    </AppraisalRule>
                    <AccessRule>
                        <Rule>ACC-00001</Rule>
                        <StartDate>2018-02-02</StartDate>
                    </AccessRule>
                </Management>
                <Content>
                    <DescriptionLevel>Item</DescriptionLevel>
                    <Title>Reportage sur Paris Première</Title>
                    <OriginatingSystemId>&lt;566E7D90.5020504@culture.gouv.fr&gt;</OriginatingSystemId>
                    <Description>Début du texte [Bonjour à tous,
                        
                        J'ai vu un documentaire ce week end résumant bien la problématique de
                        l'archivage numérique (par moment on aurait dit une pub pour Vitam...]
                        Fin du texte [ine.jablasy@culture.gouv.fr&gt;
                        Suivez-nous sur Twitter @ProgVitam &lt;https://twitter.com/progvitam&gt;
                        /Le programme est hébergé par les moyens informatiques du MCC/]</Description>
                    <Writer>
                        <FirstName>&quot;catherine</FirstName>
                        <BirthName>JABLASY-Telem@c&quot;</BirthName>
                        <Identifier>catherine.jablasy@culture.gouv.fr</Identifier>
                    </Writer>
                    <Addressee>
                        <FirstName>liliane</FirstName>
                        <BirthName>quinte@culture.gouv.fr</BirthName>
                        <Identifier>liliane.quinte@culture.gouv.fr</Identifier>
                    </Addressee>
                    <Addressee>
                        <FirstName>thibaut</FirstName>
                        <BirthName>UNCOLLEGUE</BirthName>
                        <Identifier>thibaut.uncollegue@culture.gouv.fr</Identifier>
                    </Addressee>
                    <Addressee>
                        <FirstName>patricia</FirstName>
                        <BirthName>QUINTE</BirthName>
                        <Identifier>patricia.quinte@culture.gouv.fr</Identifier>
                    </Addressee>
                    <Addressee>
                        <FirstName>line</FirstName>
                        <BirthName>JABLASY</BirthName>
                        <Identifier>line.jablasy@culture.gouv.fr</Identifier>
                    </Addressee>
                    <SentDate>2015-12-14T08:28:00.0Z</SentDate>
                    <ReceivedDate>2015-12-14T08:28:00.0Z</ReceivedDate>
                </Content>
            </ArchiveUnit>            
        </DescriptiveMetadata>
        <ManagementMetadata>
            <OriginatingAgencyIdentifier>Service_producteur</OriginatingAgencyIdentifier>
            <SubmissionAgencyIdentifier>Service_versant</SubmissionAgencyIdentifier>
        </ManagementMetadata>
    </DataObjectPackage>
    <ArchivalAgency>
        <Identifier>Identifier4</Identifier>
    </ArchivalAgency>
    <TransferringAgency>
        <Identifier>Identifier5</Identifier>
    </TransferringAgency>
</ArchiveTransfer>
