<?xml version='1.0' encoding='UTF-8'?>
<ArchiveTransfer
        xmlns="fr:gouv:culture:archivesdefrance:seda:v2.2"
        xmlns:xsi="http://www.w3.org/2001/XMLSchema-instance"
        xsi:schemaLocation="fr:gouv:culture:archivesdefrance:seda:v2.2 seda-2.2-main.xsd" xml:id="ID1">
    <Comment>2eme SIP</Comment>
    <Date>2017-09-01T15:28:04</Date>
    <MessageIdentifier>MessageIdentifier0</MessageIdentifier>
    <ArchivalAgreement>ArchivalAgreement0</ArchivalAgreement>
    <CodeListVersions>
        <ReplyCodeListVersion>ReplyCodeListVersion0</ReplyCodeListVersion>
        <MessageDigestAlgorithmCodeListVersion>MessageDigestAlgorithmCodeListVersion0
        </MessageDigestAlgorithmCodeListVersion>
        <MimeTypeCodeListVersion>MimeTypeCodeListVersion0</MimeTypeCodeListVersion>
        <EncodingCodeListVersion>EncodingCodeListVersion0</EncodingCodeListVersion>
        <FileFormatCodeListVersion>FileFormatCodeListVersion0</FileFormatCodeListVersion>
        <CompressionAlgorithmCodeListVersion>CompressionAlgorithmCodeListVersion0</CompressionAlgorithmCodeListVersion>
        <DataObjectVersionCodeListVersion>DataObjectVersionCodeListVersion0</DataObjectVersionCodeListVersion>
        <StorageRuleCodeListVersion>StorageRuleCodeListVersion0</StorageRuleCodeListVersion>
        <AppraisalRuleCodeListVersion>AppraisalRuleCodeListVersion0</AppraisalRuleCodeListVersion>
        <AccessRuleCodeListVersion>AccessRuleCodeListVersion0</AccessRuleCodeListVersion>
        <DisseminationRuleCodeListVersion>DisseminationRuleCodeListVersion0</DisseminationRuleCodeListVersion>
        <ReuseRuleCodeListVersion>ReuseRuleCodeListVersion0</ReuseRuleCodeListVersion>
        <ClassificationRuleCodeListVersion>ClassificationRuleCodeListVersion0</ClassificationRuleCodeListVersion>
        <AuthorizationReasonCodeListVersion>AuthorizationReasonCodeListVersion0</AuthorizationReasonCodeListVersion>
        <RelationshipCodeListVersion>RelationshipCodeListVersion0</RelationshipCodeListVersion>
    </CodeListVersions>
    <DataObjectPackage xml:id="ID2">

        <BinaryDataObject id="ID_REF_OG2">
            <DataObjectGroupId>ID_OG2</DataObjectGroupId>
            <DataObjectVersion>BinaryMaster</DataObjectVersion>
            <Uri>Content/OG2.txt</Uri>
            <MessageDigest algorithm="SHA-512">37c29fc89a2f0b9cd4aef541a499fad548f0a795e7bc31fe54353282c01039c8f90f07d51710927714562424c65efcac223f5f6fb3d8e740dd99d60457366a6c</MessageDigest>
            <Size>4</Size>
            <FormatIdentification>
                <FormatLitteral>Plain Text File</FormatLitteral>
                <MimeType>text/plain</MimeType>
                <FormatId>x-fmt/111</FormatId>
            </FormatIdentification>
            <FileInfo>
                <Filename>Filename</Filename>
                <LastModified>2017-08-30T11:10:03.000+02:00</LastModified>
            </FileInfo>
        </BinaryDataObject>

        <BinaryDataObject id="ID_REF_OG3">
            <DataObjectGroupId>ID_OG3</DataObjectGroupId>
            <DataObjectVersion>BinaryMaster</DataObjectVersion>
            <Uri>Content/OG3.txt</Uri>
            <MessageDigest algorithm="SHA-512">46f63aaaabf25da4efee02a201d9c3245ddd496113999b915241bd006a6aabdde8ff947e1f63292577caf4c905a365acb9b9bdbbb09ec781264c918e524d7b00</MessageDigest>
            <Size>4</Size>
            <FormatIdentification>
                <FormatLitteral>Plain Text File</FormatLitteral>
                <MimeType>text/plain</MimeType>
                <FormatId>x-fmt/111</FormatId>
            </FormatIdentification>
            <FileInfo>
                <Filename>Filename</Filename>
                <LastModified>2017-08-30T11:10:03.000+02:00</LastModified>
            </FileInfo>
        </BinaryDataObject>

        <BinaryDataObject id="ID_REF_OG4">
            <DataObjectGroupId>ID_OG4</DataObjectGroupId>
            <DataObjectVersion>BinaryMaster</DataObjectVersion>
            <Uri>Content/OG4.txt</Uri>
            <MessageDigest algorithm="SHA-512">d737d0d516d0a4a95d774c84f61293d2f0b742f6964145de7c46d3c7edcaf7ef45c35668fffdcce415a1f3b5a4c985a387e401adb6224547cfe4cb500e258329</MessageDigest>
            <Size>4</Size>
            <FormatIdentification>
                <FormatLitteral>Plain Text File</FormatLitteral>
                <MimeType>text/plain</MimeType>
                <FormatId>x-fmt/111</FormatId>
            </FormatIdentification>
            <FileInfo>
                <Filename>Filename</Filename>
                <LastModified>2017-08-30T11:10:03.000+02:00</LastModified>
            </FileInfo>
        </BinaryDataObject>

        <BinaryDataObject id="ID_REF_OG5">
            <DataObjectGroupId>ID_OG5</DataObjectGroupId>
            <DataObjectVersion>BinaryMaster</DataObjectVersion>
            <Uri>Content/OG5.txt</Uri>
            <MessageDigest algorithm="SHA-512">0ec232d44202143ab151afa190dd5fb2aef95c3b2921c6e7af232306bc8d90ef3fc925845ed3ca90a87f4853b90f17387b2f3c3227fece837a392e9224abae4c</MessageDigest>
            <Size>4</Size>
            <FormatIdentification>
                <FormatLitteral>Plain Text File</FormatLitteral>
                <MimeType>text/plain</MimeType>
                <FormatId>x-fmt/111</FormatId>
            </FormatIdentification>
            <FileInfo>
                <Filename>Filename</Filename>
                <LastModified>2017-08-30T11:10:03.000+02:00</LastModified>
            </FileInfo>
        </BinaryDataObject>

        <BinaryDataObject id="ID_REF_OG6">
            <DataObjectGroupId>ID_OG6</DataObjectGroupId>
            <DataObjectVersion>BinaryMaster</DataObjectVersion>
            <Uri>Content/OG6.txt</Uri>
            <MessageDigest algorithm="SHA-512">1be9d0536b0e9a49f6babb806ebc01db462b67692724814f1eb753e3b22be411d05682defae21c5c38f4f49f7499e12f27d4690c8891bf5cc323aa805b84a556</MessageDigest>
            <Size>4</Size>
            <FormatIdentification>
                <FormatLitteral>Plain Text File</FormatLitteral>
                <MimeType>text/plain</MimeType>
                <FormatId>x-fmt/111</FormatId>
            </FormatIdentification>
            <FileInfo>
                <Filename>Filename</Filename>
                <LastModified>2017-08-30T11:10:03.000+02:00</LastModified>
            </FileInfo>
        </BinaryDataObject>

        <BinaryDataObject id="ID_REF_OG7">
            <DataObjectGroupId>ID_OG7</DataObjectGroupId>
            <DataObjectVersion>BinaryMaster</DataObjectVersion>
            <Uri>Content/OG7.txt</Uri>
            <MessageDigest algorithm="SHA-512">f3edc8883d0e91f9ed02c869935d21229719e14c1f1b0d806464dcca4801c5470d6ffa1eb2b4cefd94511214df74c254e6ed9506d17ac27c1371ad1a28f65dd0</MessageDigest>
            <Size>4</Size>
            <FormatIdentification>
                <FormatLitteral>Plain Text File</FormatLitteral>
                <MimeType>text/plain</MimeType>
                <FormatId>x-fmt/111</FormatId>
            </FormatIdentification>
            <FileInfo>
                <Filename>Filename</Filename>
                <LastModified>2017-08-30T11:10:03.000+02:00</LastModified>
            </FileInfo>
        </BinaryDataObject>

        <BinaryDataObject id="ID_REF_OG8">
            <DataObjectGroupId>ID_OG8</DataObjectGroupId>
            <DataObjectVersion>BinaryMaster</DataObjectVersion>
            <Uri>Content/OG8.txt</Uri>
            <MessageDigest algorithm="SHA-512">6d463d3329b0c03c276277767318d3ca686bba4063b00c8805ad70d2f6449a8d7a6793ea942c8fa8926491eed28beb7a32c12dac593fecd6f98fa522e3e5fa39</MessageDigest>
            <Size>4</Size>
            <FormatIdentification>
                <FormatLitteral>Plain Text File</FormatLitteral>
                <MimeType>text/plain</MimeType>
                <FormatId>x-fmt/111</FormatId>
            </FormatIdentification>
            <FileInfo>
                <Filename>Filename</Filename>
                <LastModified>2017-08-30T11:10:03.000+02:00</LastModified>
            </FileInfo>
        </BinaryDataObject>

        <BinaryDataObject id="ID_REF_OG9">
            <DataObjectGroupId>ID_OG9</DataObjectGroupId>
            <DataObjectVersion>BinaryMaster</DataObjectVersion>
            <Uri>Content/OG9.txt</Uri>
            <MessageDigest algorithm="SHA-512">469ca74093d815c3009e0a28e72b9143bd03d63d424170411af1ea76f9d18efc37bda096c4a994810f6545797dd5162ef8d65527dde6b8281a4cc49569827903</MessageDigest>
            <Size>4</Size>
            <FormatIdentification>
                <FormatLitteral>Plain Text File</FormatLitteral>
                <MimeType>text/plain</MimeType>
                <FormatId>x-fmt/111</FormatId>
            </FormatIdentification>
            <FileInfo>
                <Filename>Filename</Filename>
                <LastModified>2017-08-30T11:10:03.000+02:00</LastModified>
            </FileInfo>
        </BinaryDataObject>

        <BinaryDataObject id="ID_REF_OG10">
            <DataObjectGroupId>ID_OG10</DataObjectGroupId>
            <DataObjectVersion>BinaryMaster</DataObjectVersion>
            <Uri>Content/OG10.txt</Uri>
            <MessageDigest algorithm="SHA-512">fd86560f9671e34cc85c9c41ad37783106bba5e1c9a97736d01bc526150486a3d455548bec1106fdc8e79897982451dcc3a09d74083bdb67436569f88de6648d</MessageDigest>
            <Size>5</Size>
            <FormatIdentification>
                <FormatLitteral>Plain Text File</FormatLitteral>
                <MimeType>text/plain</MimeType>
                <FormatId>x-fmt/111</FormatId>
            </FormatIdentification>
            <FileInfo>
                <Filename>Filename</Filename>
                <LastModified>2017-08-30T11:10:03.000+02:00</LastModified>
            </FileInfo>
        </BinaryDataObject>

        <BinaryDataObject id="ID_REF_OG11">
            <DataObjectGroupId>ID_OG11</DataObjectGroupId>
            <DataObjectVersion>BinaryMaster</DataObjectVersion>
            <Uri>Content/OG11.txt</Uri>
            <MessageDigest algorithm="SHA-512">5f8961f39557361fdf4ae426b9a7792d17f45c0327da9cce811ea087cf49eea98f1ef9d20a9e4553b7d8c0587f9b4bdfb1b2a72c05d42484b0f37ff9fb0a29b9</MessageDigest>
            <Size>5</Size>
            <FormatIdentification>
                <FormatLitteral>Plain Text File</FormatLitteral>
                <MimeType>text/plain</MimeType>
                <FormatId>x-fmt/111</FormatId>
            </FormatIdentification>
            <FileInfo>
                <Filename>Filename</Filename>
                <LastModified>2017-08-30T11:10:03.000+02:00</LastModified>
            </FileInfo>
        </BinaryDataObject>

        <BinaryDataObject id="ID_REF_OG12">
            <DataObjectGroupId>ID_OG12</DataObjectGroupId>
            <DataObjectVersion>BinaryMaster</DataObjectVersion>
            <Uri>Content/OG12.txt</Uri>
            <MessageDigest algorithm="SHA-512">754187da45dbfe87bec425adca886a8c3548b07ae35bc4fe0aa2ab7a79603f54db43579161c6f821df452d15240af5e96c6d3f476c491fb87bf4a2182ab74a10</MessageDigest>
            <Size>5</Size>
            <FormatIdentification>
                <FormatLitteral>Plain Text File</FormatLitteral>
                <MimeType>text/plain</MimeType>
                <FormatId>x-fmt/111</FormatId>
            </FormatIdentification>
            <FileInfo>
                <Filename>Filename</Filename>
                <LastModified>2017-08-30T11:10:03.000+02:00</LastModified>
            </FileInfo>
        </BinaryDataObject>

        <BinaryDataObject id="ID_REF_OG13">
            <DataObjectGroupId>ID_OG13</DataObjectGroupId>
            <DataObjectVersion>BinaryMaster</DataObjectVersion>
            <Uri>Content/OG13.txt</Uri>
            <MessageDigest algorithm="SHA-512">b3a69d20053f76ceacf3c83c824cc0cba9b55f78d6e2877b715d648aa8b9efaf515739783184efc25964d77440de1da2668a738656b988243088e828e31aac52</MessageDigest>
            <Size>5</Size>
            <FormatIdentification>
                <FormatLitteral>Plain Text File</FormatLitteral>
                <MimeType>text/plain</MimeType>
                <FormatId>x-fmt/111</FormatId>
            </FormatIdentification>
            <FileInfo>
                <Filename>Filename</Filename>
                <LastModified>2017-08-30T11:10:03.000+02:00</LastModified>
            </FileInfo>
        </BinaryDataObject>

        <BinaryDataObject id="ID_REF_OG14">
            <DataObjectGroupId>ID_OG14</DataObjectGroupId>
            <DataObjectVersion>BinaryMaster</DataObjectVersion>
            <Uri>Content/OG14.txt</Uri>
            <MessageDigest algorithm="SHA-512">d52dd1d25e5f224b1ef6a0a91dc7b0318e12b3840962bf52101557d586f6aa82ffd65386832259822b7807767f446f918809f379c3d0a46048be9de8aa48294d</MessageDigest>
            <Size>5</Size>
            <FormatIdentification>
                <FormatLitteral>Plain Text File</FormatLitteral>
                <MimeType>text/plain</MimeType>
                <FormatId>x-fmt/111</FormatId>
            </FormatIdentification>
            <FileInfo>
                <Filename>Filename</Filename>
                <LastModified>2017-08-30T11:10:03.000+02:00</LastModified>
            </FileInfo>
        </BinaryDataObject>

        <BinaryDataObject id="ID_REF_OG16">
            <DataObjectGroupId>ID_OG16</DataObjectGroupId>
            <DataObjectVersion>BinaryMaster</DataObjectVersion>
            <Uri>Content/OG16.txt</Uri>
            <MessageDigest algorithm="SHA-512">f7bcae29502b7ab18dac146a469fd2ff8b79f88f061467be1320fa42f2a946b3de5336c42e3e2a1562c3d8b5cd153b827a68bf7aa1adf70638f7dda51eec9f93</MessageDigest>
            <Size>5</Size>
            <FormatIdentification>
                <FormatLitteral>Plain Text File</FormatLitteral>
                <MimeType>text/plain</MimeType>
                <FormatId>x-fmt/111</FormatId>
            </FormatIdentification>
            <FileInfo>
                <Filename>Filename</Filename>
                <LastModified>2017-08-30T11:10:03.000+02:00</LastModified>
            </FileInfo>
        </BinaryDataObject>

        <BinaryDataObject id="ID_REF_OG17">
            <DataObjectGroupId>ID_OG17</DataObjectGroupId>
            <DataObjectVersion>BinaryMaster</DataObjectVersion>
            <Uri>Content/OG17.txt</Uri>
            <MessageDigest algorithm="SHA-512">df96f417d68acf6061712b067076a9802eb916c27ba87e5a2a5a524212f1a3006b7413869835e4156b9772fb27d1da3975645ec2b0de28bf72f878fcea453d83</MessageDigest>
            <Size>5</Size>
            <FormatIdentification>
                <FormatLitteral>Plain Text File</FormatLitteral>
                <MimeType>text/plain</MimeType>
                <FormatId>x-fmt/111</FormatId>
            </FormatIdentification>
            <FileInfo>
                <Filename>Filename</Filename>
                <LastModified>2017-08-30T11:10:03.000+02:00</LastModified>
            </FileInfo>
        </BinaryDataObject>

        <DescriptiveMetadata>


            <ArchiveUnit id="ID_Unit1">
                <Content>
                    <DescriptionLevel>RecordGrp</DescriptionLevel>
                    <Title>Unit1</Title>
                    <OriginatingSystemId>Unit1</OriginatingSystemId>
                </Content>
            </ArchiveUnit>


            <ArchiveUnit id="ID_Unit2">
                <Content>
                    <DescriptionLevel>Item</DescriptionLevel>
                    <Title>Unit2</Title>
                    <OriginatingSystemId>Unit2</OriginatingSystemId>
                </Content>
                <DataObjectReference>
                    <DataObjectGroupReferenceId>ID_OG2</DataObjectGroupReferenceId>
                </DataObjectReference>

                <ArchiveUnit id="REF_ID_Unit3">
                    <ArchiveUnitRefId>ID_Unit3</ArchiveUnitRefId>
                </ArchiveUnit>
                <ArchiveUnit id="REF_ID_Unit4">
                    <ArchiveUnitRefId>ID_Unit4</ArchiveUnitRefId>
                </ArchiveUnit>
                <ArchiveUnit id="REF_ID_Unit5">
                    <ArchiveUnitRefId>ID_Unit5</ArchiveUnitRefId>
                </ArchiveUnit>
            </ArchiveUnit>

            <ArchiveUnit id="ID_Unit3">
                <Content>
                    <DescriptionLevel>Item</DescriptionLevel>
                    <Title>Unit3</Title>
                    <OriginatingSystemId>Unit3</OriginatingSystemId>
                </Content>
                <DataObjectReference>
                    <DataObjectGroupReferenceId>ID_OG3</DataObjectGroupReferenceId>
                </DataObjectReference>
            </ArchiveUnit>

            <ArchiveUnit id="ID_Unit4">
                <Content>
                    <DescriptionLevel>Item</DescriptionLevel>
                    <Title>Unit4</Title>
                    <OriginatingSystemId>Unit4</OriginatingSystemId>
                    <SigningInformation>
                        <SigningRole>SignedDocument</SigningRole>
                        <SigningRole>Signature</SigningRole>
                    </SigningInformation>
                </Content>
                <DataObjectReference>
                    <DataObjectGroupReferenceId>ID_OG4</DataObjectGroupReferenceId>
                </DataObjectReference>
            </ArchiveUnit>

            <ArchiveUnit id="ID_Unit5">
                <Content>
                    <DescriptionLevel>Item</DescriptionLevel>
                    <Title>Unit5</Title>
                    <OriginatingSystemId>Unit5</OriginatingSystemId>
                    <SigningInformation>
                        <SigningRole>Timestamp</SigningRole>
                    </SigningInformation>
                </Content>
                <DataObjectReference>
                    <DataObjectGroupReferenceId>ID_OG5</DataObjectGroupReferenceId>
                </DataObjectReference>
            </ArchiveUnit>


            <ArchiveUnit id="ID_Unit6">
                <Content>
                    <DescriptionLevel>Item</DescriptionLevel>
                    <Title>Unit6</Title>
                    <OriginatingSystemId>Unit6</OriginatingSystemId>
                    <SigningInformation>
                        <SigningRole>SignedDocument</SigningRole>
                        <SigningRole>Signature</SigningRole>
                    </SigningInformation>
                </Content>
                <DataObjectReference>
                    <DataObjectGroupReferenceId>ID_OG6</DataObjectGroupReferenceId>
                </DataObjectReference>

                <ArchiveUnit id="REF_ID_Unit7">
                    <ArchiveUnitRefId>ID_Unit7</ArchiveUnitRefId>
                </ArchiveUnit>
                <ArchiveUnit id="REF_ID_Unit8">
                    <ArchiveUnitRefId>ID_Unit8</ArchiveUnitRefId>
                </ArchiveUnit>
                <ArchiveUnit id="REF_ID_Unit9">
                    <ArchiveUnitRefId>ID_Unit9</ArchiveUnitRefId>
                </ArchiveUnit>
            </ArchiveUnit>

            <ArchiveUnit id="ID_Unit7">
                <Content>
                    <DescriptionLevel>Item</DescriptionLevel>
                    <Title>Unit7</Title>
                    <OriginatingSystemId>Unit7</OriginatingSystemId>
                </Content>
                <DataObjectReference>
                    <DataObjectGroupReferenceId>ID_OG7</DataObjectGroupReferenceId>
                </DataObjectReference>
            </ArchiveUnit>

            <ArchiveUnit id="ID_Unit8">
                <Content>
                    <DescriptionLevel>Item</DescriptionLevel>
                    <Title>Unit8</Title>
                    <OriginatingSystemId>Unit8</OriginatingSystemId>
                    <SigningInformation>
                        <SigningRole>SignedDocument</SigningRole>
                        <SigningRole>Signature</SigningRole>
                    </SigningInformation>
                </Content>
                <DataObjectReference>
                    <DataObjectGroupReferenceId>ID_OG8</DataObjectGroupReferenceId>
                </DataObjectReference>
            </ArchiveUnit>

            <ArchiveUnit id="ID_Unit9">
                <Content>
                    <DescriptionLevel>Item</DescriptionLevel>
                    <Title>Unit9</Title>
                    <OriginatingSystemId>Unit9</OriginatingSystemId>
                    <SigningInformation>
                        <SigningRole>Timestamp</SigningRole>
                    </SigningInformation>
                </Content>
                <DataObjectReference>
                    <DataObjectGroupReferenceId>ID_OG9</DataObjectGroupReferenceId>
                </DataObjectReference>
            </ArchiveUnit>


            <ArchiveUnit id="ID_Unit10">
                <Content>
                    <DescriptionLevel>Item</DescriptionLevel>
                    <Title>Unit10</Title>
                    <OriginatingSystemId>Unit10</OriginatingSystemId>
                    <SigningInformation>
                        <SigningRole>SignedDocument</SigningRole>
                        <DetachedSigningRole>Signature</DetachedSigningRole>
                    </SigningInformation>
                </Content>
                <DataObjectReference>
                    <DataObjectGroupReferenceId>ID_OG10</DataObjectGroupReferenceId>
                </DataObjectReference>

                <ArchiveUnit id="REF_ID_Unit11">
                    <ArchiveUnitRefId>ID_Unit11</ArchiveUnitRefId>
                </ArchiveUnit>
                <ArchiveUnit id="REF_ID_Unit12">
                    <ArchiveUnitRefId>ID_Unit12</ArchiveUnitRefId>
                </ArchiveUnit>
                <ArchiveUnit id="REF_ID_Unit13">
                    <ArchiveUnitRefId>ID_Unit13</ArchiveUnitRefId>
                </ArchiveUnit>
                <ArchiveUnit id="REF_ID_Unit14">
                    <ArchiveUnitRefId>ID_Unit14</ArchiveUnitRefId>
                </ArchiveUnit>
                <ArchiveUnit id="REF_ID_Unit15">
                    <ArchiveUnitRefId>ID_Unit15</ArchiveUnitRefId>
                </ArchiveUnit>
            </ArchiveUnit>

            <ArchiveUnit id="ID_Unit11">
                <Content>
                    <DescriptionLevel>Item</DescriptionLevel>
                    <Title>Unit11</Title>
                    <OriginatingSystemId>Unit11</OriginatingSystemId>
                </Content>
                <DataObjectReference>
                    <DataObjectGroupReferenceId>ID_OG11</DataObjectGroupReferenceId>
                </DataObjectReference>
            </ArchiveUnit>

            <ArchiveUnit id="ID_Unit12">
                <Content>
                    <DescriptionLevel>Item</DescriptionLevel>
                    <Title>Unit12</Title>
                    <OriginatingSystemId>Unit12</OriginatingSystemId>
                    <SigningInformation>
                        <SigningRole>SignedDocument</SigningRole>
                        <SigningRole>Signature</SigningRole>
                    </SigningInformation>
                </Content>
                <DataObjectReference>
                    <DataObjectGroupReferenceId>ID_OG12</DataObjectGroupReferenceId>
                </DataObjectReference>
            </ArchiveUnit>

            <ArchiveUnit id="ID_Unit13">
                <Content>
                    <DescriptionLevel>Item</DescriptionLevel>
                    <Title>Unit13</Title>
                    <OriginatingSystemId>Unit13</OriginatingSystemId>
                    <SigningInformation>
                        <SigningRole>Signature</SigningRole>
                    </SigningInformation>
                </Content>
                <DataObjectReference>
                    <DataObjectGroupReferenceId>ID_OG13</DataObjectGroupReferenceId>
                </DataObjectReference>
            </ArchiveUnit>

            <ArchiveUnit id="ID_Unit14">
                <Content>
                    <DescriptionLevel>Item</DescriptionLevel>
                    <Title>Unit14</Title>
                    <OriginatingSystemId>Unit14</OriginatingSystemId>
                    <SigningInformation>
                        <SigningRole>Timestamp</SigningRole>
                    </SigningInformation>
                </Content>
                <DataObjectReference>
                    <DataObjectGroupReferenceId>ID_OG14</DataObjectGroupReferenceId>
                </DataObjectReference>
            </ArchiveUnit>

            <ArchiveUnit id="ID_Unit15">
                <Content>
                    <DescriptionLevel>Item</DescriptionLevel>
                    <Title>Unit15</Title>
                    <OriginatingSystemId>Unit15</OriginatingSystemId>
                    <SigningInformation>
                        <SigningRole>AdditionalProof</SigningRole>
                    </SigningInformation>
                </Content>
            </ArchiveUnit>


            <ArchiveUnit id="ID_Unit16">
                <Content>
                    <DescriptionLevel>Item</DescriptionLevel>
                    <Title>Unit16</Title>
                    <OriginatingSystemId>Unit16</OriginatingSystemId>
                    <SigningInformation>
                        <SigningRole>SignedDocument</SigningRole>
                        <DetachedSigningRole>Signature</DetachedSigningRole>
                    </SigningInformation>
                </Content>
                <DataObjectReference>
                    <DataObjectGroupReferenceId>ID_OG16</DataObjectGroupReferenceId>
                </DataObjectReference>

                <ArchiveUnit id="REF_ID_Unit17">
                    <ArchiveUnitRefId>ID_Unit17</ArchiveUnitRefId>
                </ArchiveUnit>
            </ArchiveUnit>

            <ArchiveUnit id="ID_Unit17">
                <Content>
                    <DescriptionLevel>Item</DescriptionLevel>
                    <Title>Unit17</Title>
                    <OriginatingSystemId>Unit17</OriginatingSystemId>
                    <SigningInformation>
                        <SigningRole>Signature</SigningRole>
                    </SigningInformation>
                </Content>
                <DataObjectReference>
                    <DataObjectGroupReferenceId>ID_OG17</DataObjectGroupReferenceId>
                </DataObjectReference>
            </ArchiveUnit>

        </DescriptiveMetadata>
        <ManagementMetadata>
            <OriginatingAgencyIdentifier>Service_producteur</OriginatingAgencyIdentifier>
            <SubmissionAgencyIdentifier>Service_versant</SubmissionAgencyIdentifier>
        </ManagementMetadata>
    </DataObjectPackage>
    <ArchivalAgency>
        <Identifier>Identifier4</Identifier>
    </ArchivalAgency>
    <TransferringAgency>
        <Identifier>Identifier5</Identifier>
    </TransferringAgency>
</ArchiveTransfer>
