<?xml version="1.0" ?>
<ArchiveTransfer xmlns:xsi="http://www.w3.org/2001/XMLSchema-instance"
 xsi:schemaLocation="fr:gouv:culture:archivesdefrance:seda:v2.0 ../Sch%D0%92mas/seda-2.0-main.xsd"
 xmlns="fr:gouv:culture:archivesdefrance:seda:v2.0" xmlns:pr="info:lc/xmlns/premis-v2"
 xmlns:xlink="http://www.w3.org/1999/xlink" xml:id="ID1">
    <Comment>SIP de test de recherche dans le titre et la description des units</Comment>

    <!--
    DESCRIPTION DU SIP ET DU CAS TESTÉ

    Ce SIP convient au scénario : "Chercher les unités dont le titre contient “Rectorat” et dont la description contient “public” ou “privé”

    Il contient des unités d'archive aux noms et descriptions ayant des similitudes

    -->

    <Date>2016-10-18T14:52:27</Date>
    <MessageIdentifier>SIP de test de recherche dans le titre et la description des units</MessageIdentifier>
    <ArchivalAgreement>ArchivalAgreement0</ArchivalAgreement>
    <CodeListVersions>
        <ReplyCodeListVersion>ReplyCodeListVersion0</ReplyCodeListVersion>
        <MessageDigestAlgorithmCodeListVersion>MessageDigestAlgorithmCodeListVersion0</MessageDigestAlgorithmCodeListVersion>
        <MimeTypeCodeListVersion>MimeTypeCodeListVersion0</MimeTypeCodeListVersion>
        <EncodingCodeListVersion>EncodingCodeListVersion0</EncodingCodeListVersion>
        <FileFormatCodeListVersion>FileFormatCodeListVersion0</FileFormatCodeListVersion>
        <CompressionAlgorithmCodeListVersion>CompressionAlgorithmCodeListVersion0</CompressionAlgorithmCodeListVersion>
        <DataObjectVersionCodeListVersion>DataObjectVersionCodeListVersion0</DataObjectVersionCodeListVersion>
        <StorageRuleCodeListVersion>StorageRuleCodeListVersion0</StorageRuleCodeListVersion>
        <AppraisalRuleCodeListVersion>AppraisalRuleCodeListVersion0</AppraisalRuleCodeListVersion>
        <AccessRuleCodeListVersion>AccessRuleCodeListVersion0</AccessRuleCodeListVersion>
        <DisseminationRuleCodeListVersion>DisseminationRuleCodeListVersion0</DisseminationRuleCodeListVersion>
        <ReuseRuleCodeListVersion>ReuseRuleCodeListVersion0</ReuseRuleCodeListVersion>
        <ClassificationRuleCodeListVersion>ClassificationRuleCodeListVersion0</ClassificationRuleCodeListVersion>
        <AuthorizationReasonCodeListVersion>AuthorizationReasonCodeListVersion0</AuthorizationReasonCodeListVersion>
        <RelationshipCodeListVersion>RelationshipCodeListVersion0</RelationshipCodeListVersion>
    </CodeListVersions>
    <DataObjectPackage xml:id="ID2">
        <DescriptiveMetadata>
            <ArchiveUnit id="AU1">
                <Content>
                    <DescriptionLevel>RecordGrp</DescriptionLevel>
                    <Title>Liste des rectorats</Title>
                    <OriginatingSystemId>OriginatingSystemId_01</OriginatingSystemId>
		    <Description>Liste des rectorats par ville ou région</Description>
                </Content>
                <ArchiveUnit id="AU2">
                    <Content>
                        <DescriptionLevel>RecordGrp</DescriptionLevel>
                        <Title>Rectorat de Noisiel</Title>
                        <Description>Dossier relatif au secteur public</Description>
                    </Content>
                </ArchiveUnit>
                <ArchiveUnit id="AU3">
                    <Content>
                        <DescriptionLevel>RecordGrp</DescriptionLevel>
                        <Title>Rectorat de Reims</Title>
                        <Description>Dossier relatif au secteur privé</Description>
                    </Content>
                </ArchiveUnit>
                <ArchiveUnit id="AU4">
                    <Content>
                        <DescriptionLevel>RecordGrp</DescriptionLevel>
                        <Title>Rectorat de Poitier</Title>
                        <Description></Description>
                    </Content>
                </ArchiveUnit>
                <ArchiveUnit id="AU5">
                    <Content>
                        <DescriptionLevel>RecordGrp</DescriptionLevel>
                        <Title>Rectorat de Toulouse</Title>
                        <Description>Bilan de l’entretien annuel</Description>
                    </Content>
                </ArchiveUnit>
                <ArchiveUnit id="AU6">
                    <Content>
                        <DescriptionLevel>RecordGrp</DescriptionLevel>
                        <Title>SRC2_TITLE_DESC_UNITS_Rectorat de Nantes</Title>
                        <Description>Comparatif domaine public et privé</Description>
                    </Content>
                </ArchiveUnit>
                <ArchiveUnit id="AU7">
                    <Content>
                        <DescriptionLevel>RecordGrp</DescriptionLevel>
                        <Title>Enseignement Midi Pyrénées</Title>
                        <Description>Dossier relatif au secteur privé</Description>
                    </Content>
                </ArchiveUnit>
            </ArchiveUnit>
        </DescriptiveMetadata>



        <ManagementMetadata>
            <OriginatingAgencyIdentifier>FRAN_NP_009913</OriginatingAgencyIdentifier>
        </ManagementMetadata>
    </DataObjectPackage>
    <ArchivalAgency>
        <Identifier>Identifier4</Identifier>
    </ArchivalAgency>
    <TransferringAgency>
        <Identifier>Identifier5</Identifier>
    </TransferringAgency>
</ArchiveTransfer>
