<?xml version="1.0" ?>
<ArchiveTransfer xmlns:xsi="http://www.w3.org/2001/XMLSchema-instance"
 xsi:schemaLocation="fr:gouv:culture:archivesdefrance:seda:v2.1 ../Documents/SEDA_Vitam/seda-2.1-main.xsd"
 xmlns="fr:gouv:culture:archivesdefrance:seda:v2.1" xmlns:xlink="http://www.w3.org/1999/xlink"
 xmlns:pr="info:lc/xmlns/premis-v2" xml:id="ID1">
    <Comment>2eme SIP</Comment>
    <Date>2016-10-21T15:05:25</Date>
    <MessageIdentifier>SIP OK Formats variés</MessageIdentifier>
    <ArchivalAgreement>ArchivalAgreement0</ArchivalAgreement>
    <CodeListVersions>
        <ReplyCodeListVersion>ReplyCodeListVersion0</ReplyCodeListVersion>
        <MessageDigestAlgorithmCodeListVersion>MessageDigestAlgorithmCodeListVersion0</MessageDigestAlgorithmCodeListVersion>
        <MimeTypeCodeListVersion>MimeTypeCodeListVersion0</MimeTypeCodeListVersion>
        <EncodingCodeListVersion>EncodingCodeListVersion0</EncodingCodeListVersion>
        <FileFormatCodeListVersion>FileFormatCodeListVersion0</FileFormatCodeListVersion>
        <CompressionAlgorithmCodeListVersion>CompressionAlgorithmCodeListVersion0</CompressionAlgorithmCodeListVersion>
        <DataObjectVersionCodeListVersion>DataObjectVersionCodeListVersion0</DataObjectVersionCodeListVersion>
        <StorageRuleCodeListVersion>StorageRuleCodeListVersion0</StorageRuleCodeListVersion>
        <AppraisalRuleCodeListVersion>AppraisalRuleCodeListVersion0</AppraisalRuleCodeListVersion>
        <AccessRuleCodeListVersion>AccessRuleCodeListVersion0</AccessRuleCodeListVersion>
        <DisseminationRuleCodeListVersion>DisseminationRuleCodeListVersion0</DisseminationRuleCodeListVersion>
        <ReuseRuleCodeListVersion>ReuseRuleCodeListVersion0</ReuseRuleCodeListVersion>
        <ClassificationRuleCodeListVersion>ClassificationRuleCodeListVersion0</ClassificationRuleCodeListVersion>
        <AuthorizationReasonCodeListVersion>AuthorizationReasonCodeListVersion0</AuthorizationReasonCodeListVersion>
        <RelationshipCodeListVersion>RelationshipCodeListVersion0</RelationshipCodeListVersion>
    </CodeListVersions>
    <DataObjectPackage xml:id="ID2">
        <BinaryDataObject id="ID9">
            <DataObjectGroupId>ID8</DataObjectGroupId>
            <DataObjectVersion>BinaryMaster</DataObjectVersion>
            <Uri>Content/ID9.h264</Uri>
            <MessageDigest algorithm="SHA-512"
                >57f3fda5add055cf2a4013b62e7e23ebc2a8cabd8445a1d60554195caa1e33a5f5a8c00773ca103031c936234193321da81a1457534fc8dfc91c01accf814a92</MessageDigest>
            <Size>3317180</Size>
            <FormatIdentification>
                <FormatLitteral>MPEG-4 Media File</FormatLitteral>
                <MimeType>application/mp4</MimeType>
                <FormatId>fmt/199</FormatId>
            </FormatIdentification>
            <FileInfo>
                <Filename>example.h264</Filename>
                <LastModified>2016-10-20T15:32:12.214+02:00</LastModified>
            </FileInfo>
        </BinaryDataObject>
        <BinaryDataObject id="ID15">
            <DataObjectGroupId>ID14</DataObjectGroupId>
            <DataObjectVersion>BinaryMaster</DataObjectVersion>
            <Uri>Content/ID15.aac</Uri>
            <MessageDigest algorithm="SHA-512"
                >363026977ff465534e3bc1a110f051eb689a788b01382459babbfc1c3e5750033b14457fcc27ce6d6f08a9ba90cb2999907cd9c3e88cbd3b1f7306a408bacf18</MessageDigest>
            <Size>1304925</Size>
            <FormatIdentification>
                <FormatLitteral>MPEG-4 Media File</FormatLitteral>
                <MimeType>application/mp4</MimeType>
                <FormatId>fmt/199</FormatId>
            </FormatIdentification>
            <FileInfo>
                <Filename>example.aac</Filename>
                <LastModified>2016-10-20T15:34:33.066+02:00</LastModified>
            </FileInfo>
        </BinaryDataObject>
        <BinaryDataObject id="ID21">
            <DataObjectGroupId>ID20</DataObjectGroupId>
            <DataObjectVersion>BinaryMaster</DataObjectVersion>
            <Uri>Content/ID21.css</Uri>
            <MessageDigest algorithm="SHA-512"
                >6e3ca87b2ef30a261f10dd1595c01b5d4254fbecb86a73f874bf108f2bb19e80aeb683f5c80fd46e1d7506cdc566ffe898352e3dac6af2936dcd039573e2105b</MessageDigest>
            <Size>187</Size>
            <FormatIdentification>
                <FormatLitteral>Cascading Style Sheet</FormatLitteral>
                <MimeType>text/css</MimeType>
                <FormatId>x-fmt/224</FormatId>
            </FormatIdentification>
            <FileInfo>
                <Filename>example.css</Filename>
                <LastModified>2016-10-20T15:14:03.299+02:00</LastModified>
            </FileInfo>
        </BinaryDataObject>
        <BinaryDataObject id="ID27">
            <DataObjectGroupId>ID26</DataObjectGroupId>
            <DataObjectVersion>BinaryMaster</DataObjectVersion>
            <Uri>Content/ID27.flac</Uri>
            <MessageDigest algorithm="SHA-512"
                >be8eb352a0d2126810cb863c633365ec0fe8469d2a66edf898f91c5741ecaf93ff84a0047c6e3c36708749a960761a931a4133e973f60fc4216abfce0d0a5e69</MessageDigest>
            <Size>2668697</Size>
            <FormatIdentification>
                <FormatLitteral>FLAC (Free Lossless Audio Codec)</FormatLitteral>
                <FormatId>fmt/279</FormatId>
            </FormatIdentification>
            <FileInfo>
                <Filename>example.flac</Filename>
                <LastModified>2016-10-20T15:35:08.754+02:00</LastModified>
            </FileInfo>
        </BinaryDataObject>
        <BinaryDataObject id="ID33">
            <DataObjectGroupId>ID32</DataObjectGroupId>
            <DataObjectVersion>BinaryMaster</DataObjectVersion>
            <Uri>Content/ID33.7z</Uri>
            <MessageDigest algorithm="SHA-512"
                >18003097ad4ea78920a5ef0fd4a8abd5e6b3cc861cb02f9ae28a23508e4f5d3085dd995a549f7cb1c7c3248748af0b8e4119e2098821f588af938063f3e9c48b</MessageDigest>
            <Size>356575</Size>
            <FormatIdentification>
                <FormatLitteral>7Zip format</FormatLitteral>
                <FormatId>fmt/484</FormatId>
            </FormatIdentification>
            <FileInfo>
                <Filename>example.7z</Filename>
                <LastModified>2016-10-20T15:02:02.889+02:00</LastModified>
            </FileInfo>
        </BinaryDataObject>
        <BinaryDataObject id="ID39">
            <DataObjectGroupId>ID38</DataObjectGroupId>
            <DataObjectVersion>BinaryMaster</DataObjectVersion>
            <Uri>Content/ID39.html</Uri>
            <MessageDigest algorithm="SHA-512"
                >7a72daf805d85544f3046e92f4e774bae7de6503b54ad5efa9e81ead52eb53104c5558486dda8ebb02ed914b494b3fca10f2411c58fad11ba63d2e45be63a91e</MessageDigest>
            <Size>136960</Size>
            <FormatIdentification>
                <FormatLitteral>Hypertext Markup Language</FormatLitteral>
                <MimeType>text/html</MimeType>
                <FormatId>fmt/471</FormatId>
            </FormatIdentification>
            <FileInfo>
                <Filename>example.html</Filename>
                <LastModified>2016-10-20T15:14:34.353+02:00</LastModified>
            </FileInfo>
        </BinaryDataObject>
        <BinaryDataObject id="ID47">
            <DataObjectGroupId>ID46</DataObjectGroupId>
            <DataObjectVersion>BinaryMaster</DataObjectVersion>
            <Uri>Content/ID47.ics</Uri>
            <MessageDigest algorithm="SHA-512"
                >535a006c601e5c0e3a5e17ca387eda9204009e8516fd4ce0d30c7c0b3f730abd118a861d56f726f64b3c89dcff0cb31b63040b10fcff495fbe8ad42748c1dc87</MessageDigest>
            <Size>459</Size>
            <FormatIdentification>
                <FormatLitteral>VCalendar format</FormatLitteral>
                <MimeType>text/x-vCalendar</MimeType>
                <FormatId>fmt/387</FormatId>
            </FormatIdentification>
            <FileInfo>
                <Filename>example.ics</Filename>
                <LastModified>2016-10-20T15:26:39.384+02:00</LastModified>
            </FileInfo>
        </BinaryDataObject>
        <BinaryDataObject id="ID51">
            <DataObjectGroupId>ID50</DataObjectGroupId>
            <DataObjectVersion>BinaryMaster</DataObjectVersion>
            <Uri>Content/ID51.pdf</Uri>
            <MessageDigest algorithm="SHA-512"
                >07dbec7222b34d631cb7f8a027b0df577e46e69ee1c651975691a1ce6079dd7b2c38f4d6c9cc8f18192e8b1d6e9b5b1653fb46624bd6aca060aee8efeafe44fe</MessageDigest>
            <Size>153378</Size>
            <FormatIdentification>
                <FormatLitteral>Acrobat PDF 1.5 - Portable Document Format</FormatLitteral>
                <MimeType>application/pdf</MimeType>
                <FormatId>fmt/19</FormatId>
            </FormatIdentification>
            <FileInfo>
                <Filename>example.pdf</Filename>
                <LastModified>2016-10-20T15:11:08.931+02:00</LastModified>
            </FileInfo>
        </BinaryDataObject>
        <BinaryDataObject id="ID57">
            <DataObjectGroupId>ID56</DataObjectGroupId>
            <DataObjectVersion>BinaryMaster</DataObjectVersion>
            <Uri>Content/ID57.js</Uri>
            <MessageDigest algorithm="SHA-512"
                >f2083325fa1ea80f6ef7fec5e1c46dce7e7fcf690b83a6e7165c04790d8fc61ae6e77dbd14bc06daec79faf0b2d6a3b8e18acb040d238e6af9f0c7d7019587d9</MessageDigest>
            <Size>181</Size>
            <FormatIdentification>
                <FormatLitteral>JavaScript file</FormatLitteral>
                <MimeType>application/javascript</MimeType>
                <FormatId>x-fmt/423</FormatId>
            </FormatIdentification>
            <FileInfo>
                <Filename>example.js</Filename>
                <LastModified>2016-10-20T15:17:50.015+02:00</LastModified>
            </FileInfo>
        </BinaryDataObject>
        <BinaryDataObject id="ID63">
            <DataObjectGroupId>ID62</DataObjectGroupId>
            <DataObjectVersion>BinaryMaster</DataObjectVersion>
            <Uri>Content/ID63.json</Uri>
            <MessageDigest algorithm="SHA-512"
                >06744a637acb3e3a492e6d7ef2c7c8fd9c1571d4368de0dd18e2762344e71f992c307edc529e153538433d19dc36ff14a425794a2b0af41996bb7749042c7ee9</MessageDigest>
            <Size>576</Size>
            <FormatIdentification>
                <FormatLitteral>JSON Data Interchange Format</FormatLitteral>
                <MimeType>application/json</MimeType>
                <FormatId>fmt/817</FormatId>
            </FormatIdentification>
            <FileInfo>
                <Filename>example.json</Filename>
                <LastModified>2016-10-20T15:22:35.701+02:00</LastModified>
            </FileInfo>
        </BinaryDataObject>
        <BinaryDataObject id="ID69">
            <DataObjectGroupId>ID68</DataObjectGroupId>
            <DataObjectVersion>BinaryMaster</DataObjectVersion>
            <Uri>Content/ID69.svg</Uri>
            <MessageDigest algorithm="SHA-512"
                >46a867db7379ce1458cddaff451437358f29d44fbe454901ae3fa925e9f2bca61bef74e4dab71722932ac7c5a9a003fd4c7c41d52b959c6a6df454b0b8396b00</MessageDigest>
            <Size>850066</Size>
            <FormatIdentification>
                <FormatLitteral>Scalable Vector Graphics</FormatLitteral>
                <MimeType>image/svg+xml</MimeType>
                <FormatId>fmt/92</FormatId>
            </FormatIdentification>
            <FileInfo>
                <Filename>example.svg</Filename>
                <LastModified>2016-10-20T15:36:47.123+02:00</LastModified>
            </FileInfo>
        </BinaryDataObject>
        <BinaryDataObject id="ID75">
            <DataObjectGroupId>ID74</DataObjectGroupId>
            <DataObjectVersion>BinaryMaster</DataObjectVersion>
            <Uri>Content/ID75.webm</Uri>
            <MessageDigest algorithm="SHA-512"
                >7fd5083c9fed80574461c4c3aa951e7c7adf4084d3a6440eaf7fac421727d0bb10409051c8d0f341dabe71525a8221baf8c545e523d2e084413423e5071b00f4</MessageDigest>
            <Size>2308360</Size>
            <FormatIdentification>
                <FormatLitteral>WebM</FormatLitteral>
                <MimeType>video/webm</MimeType>
                <FormatId>fmt/573</FormatId>
            </FormatIdentification>
            <FileInfo>
                <Filename>example_small.webm</Filename>
                <LastModified>2016-10-20T15:31:05.458+02:00</LastModified>
            </FileInfo>
        </BinaryDataObject>
        <BinaryDataObject id="ID83">
            <DataObjectGroupId>ID82</DataObjectGroupId>
            <DataObjectVersion>BinaryMaster</DataObjectVersion>
            <Uri>Content/ID83.tar</Uri>
            <MessageDigest algorithm="SHA-512"
                >4a45619d23fbca3c1ce901b7ec7ca8d799ffb5fb45136b396521a2d85cd6d778dfa8409c3d0e0a48bac644bf960b9337da904731b448cc4bff5ae0e27a435f37</MessageDigest>
            <Size>363008</Size>
            <FormatIdentification>
                <FormatLitteral>Tape Archive Format</FormatLitteral>
                <MimeType>application/x-tar</MimeType>
                <FormatId>x-fmt/265</FormatId>
            </FormatIdentification>
            <FileInfo>
                <Filename>example.tar</Filename>
                <LastModified>2016-10-20T15:10:12.723+02:00</LastModified>
            </FileInfo>
        </BinaryDataObject>
        <BinaryDataObject id="ID87">
            <DataObjectGroupId>ID86</DataObjectGroupId>
            <DataObjectVersion>BinaryMaster</DataObjectVersion>
            <Uri>Content/ID87.png</Uri>
            <MessageDigest algorithm="SHA-512"
                >886ece565af489f4e43be294adefa2ada64a19993d850dce45e556f4083095a26407e89b0a7c06ad21d39d42650f779a9550f1d008617451fe16448cabfa13ae</MessageDigest>
            <Size>333205</Size>
            <FormatIdentification>
                <FormatLitteral>Portable Network Graphics</FormatLitteral>
                <MimeType>image/png</MimeType>
                <FormatId>fmt/11</FormatId>
            </FormatIdentification>
            <FileInfo>
                <Filename>example_small.png</Filename>
                <LastModified>2016-10-20T15:35:52.426+02:00</LastModified>
            </FileInfo>
        </BinaryDataObject>
        <BinaryDataObject id="ID93">
            <DataObjectGroupId>ID92</DataObjectGroupId>
            <DataObjectVersion>BinaryMaster</DataObjectVersion>
            <Uri>Content/ID93.bz2</Uri>
            <MessageDigest algorithm="SHA-512"
                >e8ed7eb02c4bf68433da78bdd4e2fa5d638a7fd41b83c4ddd00edfc654678d8a37bc6fe72b081ffa8e4a15cbbeaaa608629207b23648a6b1ae683fc6e0d8ea42</MessageDigest>
            <Size>357447</Size>
            <FormatIdentification>
                <FormatLitteral>BZIP2 Compressed Archive</FormatLitteral>
                <MimeType>application/x-bzip2</MimeType>
                <FormatId>x-fmt/268</FormatId>
            </FormatIdentification>
            <FileInfo>
                <Filename>example.tar.bz2</Filename>
                <LastModified>2016-10-20T15:44:55.654+02:00</LastModified>
            </FileInfo>
        </BinaryDataObject>
        <BinaryDataObject id="ID99">
            <DataObjectGroupId>ID98</DataObjectGroupId>
            <DataObjectVersion>BinaryMaster</DataObjectVersion>
            <Uri>Content/ID99.xml</Uri>
            <MessageDigest algorithm="SHA-512"
                >5f7fcc862e5838b3957241caa9921ee32f902b7880efba4441a514b8ec3078d9d6bc0ad8f3e5aa80a9b48e095d0ada0f750ff5efb0ac11aad4729cd743d8da36</MessageDigest>
            <Size>258222</Size>
            <FormatIdentification>
                <FormatLitteral>Extensible Markup Language</FormatLitteral>
                <MimeType>application/xml</MimeType>
                <FormatId>fmt/101</FormatId>
            </FormatIdentification>
            <FileInfo>
                <Filename>example.xml</Filename>
                <LastModified>2016-10-20T15:18:48.780+02:00</LastModified>
            </FileInfo>
        </BinaryDataObject>
        <BinaryDataObject id="ID105">
            <DataObjectGroupId>ID104</DataObjectGroupId>
            <DataObjectVersion>BinaryMaster</DataObjectVersion>
            <Uri>Content/ID105.zip</Uri>
            <MessageDigest algorithm="SHA-512"
                >208e261f6ac2ae597266ceae66790bd4c9935b84e8d82574c826a417f56c7af82dd21f0cfb2857c12d4dd29d149e3a0e55a648271ee73ef9f316143a14adf6ef</MessageDigest>
            <Size>355036</Size>
            <FormatIdentification>
                <FormatLitteral>ZIP Format</FormatLitteral>
                <MimeType>application/zip</MimeType>
                <FormatId>x-fmt/263</FormatId>
            </FormatIdentification>
            <FileInfo>
                <Filename>example.zip</Filename>
                <LastModified>2016-10-20T15:21:00.077+02:00</LastModified>
            </FileInfo>
        </BinaryDataObject>
        <BinaryDataObject id="ID109">
            <DataObjectGroupId>ID108</DataObjectGroupId>
            <DataObjectVersion>BinaryMaster</DataObjectVersion>
            <Uri>Content/ID109.mp4</Uri>
            <MessageDigest algorithm="SHA-512"
                >647015569c94a0603a91a64c6129a0d595b521174a81278e9ae86764b6613432fb3bcde0e6a10edbf7edd5ce35fde36d9ae58f2b9651fbd68a433328d3e094a4</MessageDigest>
            <Size>1979279</Size>
            <FormatIdentification>
                <FormatLitteral>MPEG-4 Media File</FormatLitteral>
                <MimeType>application/mp4</MimeType>
                <FormatId>fmt/199</FormatId>
            </FormatIdentification>
            <FileInfo>
                <Filename>example_small.mp4</Filename>
                <LastModified>2016-10-20T15:29:15.418+02:00</LastModified>
            </FileInfo>
        </BinaryDataObject>
        <BinaryDataObject id="ID115">
            <DataObjectGroupId>ID114</DataObjectGroupId>
            <DataObjectVersion>BinaryMaster</DataObjectVersion>
            <Uri>Content/ID115.jpeg</Uri>
            <MessageDigest algorithm="SHA-512"
                >b440a931d07ddeb18b0db25e6c7546c05fdfdca216e62d05e595218ec7201d32e4fce9a20066298b952574022368ebd747a4772ce1f6f1de5b507e35530b2525</MessageDigest>
            <Size>187607</Size>
            <FormatIdentification>
                <FormatLitteral>JPEG File Interchange Format</FormatLitteral>
                <MimeType>image/jpeg</MimeType>
                <FormatId>fmt/43</FormatId>
            </FormatIdentification>
            <FileInfo>
                <Filename>example_small.jpeg</Filename>
                <LastModified>2016-10-20T15:36:21.401+02:00</LastModified>
            </FileInfo>
        </BinaryDataObject>
        <BinaryDataObject id="ID121">
            <DataObjectGroupId>ID120</DataObjectGroupId>
            <DataObjectVersion>BinaryMaster</DataObjectVersion>
            <Uri>Content/ID121.mkv</Uri>
            <MessageDigest algorithm="SHA-512"
                >323a38c8ba714211ccec20fe94fb14259d6003c9fb9a8fa23356f494d096785221d3123928eb105171437258775175d6b75a8b95fac388d7e487b274dd29811d</MessageDigest>
            <Size>1945756</Size>
            <FormatIdentification>
                <FormatLitteral>Matroska</FormatLitteral>
                <MimeType>application/vnd.ms-excel</MimeType>
                <FormatId>fmt/599</FormatId>
            </FormatIdentification>
            <FileInfo>
                <Filename>example_small.mkv</Filename>
                <LastModified>2016-10-20T15:30:15.958+02:00</LastModified>
            </FileInfo>
        </BinaryDataObject>
        <DescriptiveMetadata>
            <ArchiveUnit id="ID3">
                <Content>
                    <DescriptionLevel>RecordGrp</DescriptionLevel>
                    <Title>Liste des Métros de Paris - Copie</Title>
                    <Description>Le métro de Paris est un des systèmes de transport en commun desservant la ville de Paris et son agglomération. Exploité par la Régie autonome des transports parisiens (RATP), il comporte seize lignes en site propre, essentiellement souterraines, totalisant près de 220 kilomètres. Devenu l'un des symboles de Paris, il se caractérise par la densité de son réseau au cœur de Paris et par son style architectural homogène influencé par l’Art nouveau. En 2012, le métro a transporté 5,23 millions de voyageurs par jour en moyenne. La première ligne du métro de Paris a été construite à l'approche de l’Exposition universelle de 1900. Elle est inaugurée quelques mois après le début de l'exposition. Le réseau s’est ensuite rapidement densifié dans Paris intra-muros jusqu’à la Seconde Guerre mondiale. Après une pause durant les « décennies-voiture » (1950-1970), plusieurs lignes existantes ont été prolongées en proche banlieue. Les choix effectués à sa conception (faibles distances entre les stations, capacité réduite des rames) limitent aujourd’hui les possibilités d’extension du réseau. Le métro de Paris a cependant inauguré à la fin du siècle dernier une nouvelle ligne entièrement automatisée, la ligne 14, destinée notamment à soulager la ligne A du RER. La desserte de Paris et de son agglomération est également assurée par d’autres moyens de transport en commun : le Réseau express régional d'Île-de-France (RER) (451 millions de voyageurs en 2006 sur le réseau RER RATP), le Transilien (réseau de trains de banlieue, 655 millions de voyageurs incluant le réseau RER SNCF), neuf lignes de tramway en site propre (85 millions de voyageurs dans sa configuration de 2006), le réseau de bus (997 millions de voyageurs en 2006) ainsi que trois lignes qui assurent une desserte locale des aéroports en utilisant un véhicule automatique léger (VAL)</Description>
                    <StartDate>2015-02-28T15:02:02</StartDate>
                    <EndDate>2016-10-20T15:44:55</EndDate>
                </Content>
                <ArchiveUnit id="ID5">
                    <ArchiveUnitRefId>ID4</ArchiveUnitRefId>
                </ArchiveUnit>
                <ArchiveUnit id="ID43">
                    <ArchiveUnitRefId>ID42</ArchiveUnitRefId>
                </ArchiveUnit>
                <ArchiveUnit id="ID79">
                    <ArchiveUnitRefId>ID78</ArchiveUnitRefId>
                </ArchiveUnit>
            </ArchiveUnit>
            <ArchiveUnit id="ID4">
                <Content>
                    <DescriptionLevel>RecordGrp</DescriptionLevel>
                    <Title>Ligne 01</Title>
                    <Description>La ligne 1 du métro de Paris est une des seize lignes du réseau métropolitain de Paris. Cette première ligne française, dont le premier tronçon a été ouvert en 1900 lors de l'exposition universelle, relie aujourd'hui la station La Défense à l'ouest, à la station Château de Vincennes, à l'est. Avec une longueur de 16,5 kilomètres, elle constitue une voie de communication est-ouest majeure pour la ville : c'est historiquement la ligne de métro la plus fréquentée du réseau avec 207 millions de voyageurs en 2010 et jusqu'à 725 000 personnes par jour. La ligne a été équipée en matériel sur pneumatiques en 1963 et 1964. Le 3 novembre 2011, elle devient la première ligne du réseau à être automatisée (et non automatique dès sa conception) avec la mise en service des premières navettes automatiques qui ont cohabité avec des trains classiques jusqu'en 2013.La ligne 1 du métro de Paris est une des seize lignes du réseau métropolitain de Paris. Cette première ligne française, dont le premier tronçon a été ouvert en 1900 lors de l'exposition universelle, relie aujourd'hui la station La Défense à l'ouest, à la station Château de Vincennes, à l'est. Avec une longueur de 16,5 kilomètres, elle constitue une voie de communication est-ouest majeure pour la ville : c'est historiquement la ligne de métro la plus fréquentée du réseau avec 207 millions de voyageurs en 2010 et jusqu'à 725 000 personnes par jour. La ligne a été équipée en matériel sur pneumatiques en 1963 et 1964. Le 3 novembre 2011, elle devient la première ligne du réseau à être automatisée (et non automatique dès sa conception) avec la mise en service des premières navettes automatiques qui ont cohabité avec des trains classiques jusqu'en 2013.</Description>
                    <StartDate>2016-10-20T15:02:02</StartDate>
                    <EndDate>2016-10-20T15:35:08</EndDate>
                </Content>
                <ArchiveUnit id="ID7">
                    <ArchiveUnitRefId>ID6</ArchiveUnitRefId>
                </ArchiveUnit>
                <ArchiveUnit id="ID13">
                    <ArchiveUnitRefId>ID12</ArchiveUnitRefId>
                </ArchiveUnit>
                <ArchiveUnit id="ID19">
                    <ArchiveUnitRefId>ID18</ArchiveUnitRefId>
                </ArchiveUnit>
                <ArchiveUnit id="ID25">
                    <ArchiveUnitRefId>ID24</ArchiveUnitRefId>
                </ArchiveUnit>
                <ArchiveUnit id="ID31">
                    <ArchiveUnitRefId>ID30</ArchiveUnitRefId>
                </ArchiveUnit>
                <ArchiveUnit id="ID37">
                    <ArchiveUnitRefId>ID36</ArchiveUnitRefId>
                </ArchiveUnit>
            </ArchiveUnit>
            <ArchiveUnit id="ID6">
                <Content>
                    <DescriptionLevel>RecordGrp</DescriptionLevel>
                    <Title>Argentine</Title>
                    <Description>Argentine est une station de la ligne 1 du métro de Paris, située à la limite du quartier de Chaillot du 16e arrondissement et du quartier des Ternes du 17e arrondissement de Paris. Souterraine, elle est approximativement située à mi-parcours de la section de ligne de Porte Maillot à Charles de Gaulle - Étoile, établie sous l’avenue de la Grande-Armée. La station Obligado est ouverte le 1er septembre 1900 ; pendant les premiers temps, les trains y passent sans arrêt. La station prend son nom de la rue d’Obligado, située à proximité à son sud-est, laquelle célébre une victoire franco-britannique sur l’Argentine datant de 1845 . Elle change de nom le 25 mai 1948 pour l’actuel, Argentine, dans la lancée du changement de nom de la rue d’Obligado pour rue d’Argentine à la suite d'une visite en 1947, d'Eva Perón, femme de Juan Perón, le président de la Nation argentine de l'époque. La France compte ainsi remercier l’Argentine de l’aide alimentaire généreuse apportée pendant les premiers temps de la reconstruction de l’après-guerre1. Une plaque commémorative est inaugurée le 24 mars 2006 portant la mention en espagnol Nunca más (es) (ce qui signifie en français : « Plus jamais »), « en hommage aux citoyens argentins et français enlevés, détenus et disparus en Argentine sous la dictature militaire (1976-1983) » et « à toutes les victimes de la répression ».Dans le cadre de la modernisation et de l'automatisation de la ligne 1, la station Argentine est rénovée en 2008 et les quais sont rehaussés le week-end des 20 et 21 septembre 2008. Un décor consacré à l'Argentine, composé principalement de huit grands panneaux de couleurs différentes représentant chacun un paysage de ce pays, est inauguré le 15 juin 2011, en présence de Pierre Mongin, président-directeur général de la RATP, d'Aldo Ferrer (es), ambassadeur d'Argentine et d'Enrique Meyer (es), ministre argentin du tourisme. Les sièges de la station sont de la couleur emblématique de l’Argentine : le bleu. En 2012, 2 875 059 voyageurs sont entrés à cette station3. Elle a vu entrer 2 932 686 voyageurs en 2013 ce qui la place à la 183e position des stations de métro pour sa fréquentation.</Description>
                    <StartDate>2016-10-20T15:32:12</StartDate>
                    <EndDate>2016-10-20T15:32:12</EndDate>
                </Content>
                <ArchiveUnit id="ID11">
                    <ArchiveUnitRefId>ID10</ArchiveUnitRefId>
                </ArchiveUnit>
            </ArchiveUnit>
            <ArchiveUnit id="ID10">
                <Content>
                    <DescriptionLevel>Item</DescriptionLevel>
                    <Title>Historique de la station Argentine</Title>
                    <Description>Historique de la station</Description>
                    <TransactedDate>2016-10-20T15:32:12</TransactedDate>
                </Content>
                <DataObjectReference>
                    <DataObjectGroupReferenceId>ID8</DataObjectGroupReferenceId>
                </DataObjectReference>
            </ArchiveUnit>
            <ArchiveUnit id="ID12">
                <Content>
                    <DescriptionLevel>RecordGrp</DescriptionLevel>
                    <Title>Bastille</Title>
                    <Description>Bastille est une station des lignes 1, 5 et 8 du métro de Paris, située en limite des 4e, 11e et 12e arrondissements de Paris. En 2004, elle était la neuvième station la plus fréquentée du réseau, avec 13,04 millions d'entrants directs. La station de la ligne 5 possède, sur le quai direction Bobigny, des fondations d'un des murs de contrescarpe de l'ancienne prison de la Bastille, découverts lors de la construction de la ligne en 1905. Des lignes jaunes tracées au sol marquent les contours de l'édifice. La station expose également diverses vues de l'ancienne forteresse. En 2011, 12 517 181 voyageurs sont entrés à cette station. Elle a vu entrer 13 706 765 voyageurs en 2013 ce qui la place à la 11e position des stations de métro pour sa fréquentation.</Description>
                    <StartDate>2016-10-20T15:34:33</StartDate>
                    <EndDate>2016-10-20T15:34:33</EndDate>
                </Content>
                <ArchiveUnit id="ID17">
                    <ArchiveUnitRefId>ID16</ArchiveUnitRefId>
                </ArchiveUnit>
            </ArchiveUnit>
            <ArchiveUnit id="ID16">
                <Content>
                    <DescriptionLevel>Item</DescriptionLevel>
                    <Title>Historique de la station Bastille</Title>
                    <Description>Historique de la station</Description>
                    <TransactedDate>2016-10-20T15:34:33</TransactedDate>
                </Content>
                <DataObjectReference>
                    <DataObjectGroupReferenceId>ID14</DataObjectGroupReferenceId>
                </DataObjectReference>
            </ArchiveUnit>
            <ArchiveUnit id="ID18">
                <Content>
                    <DescriptionLevel>RecordGrp</DescriptionLevel>
                    <Title>Bérault</Title>
                    <Description>Bérault est une station de la ligne 1 du métro de Paris, située à la limite des communes de Saint-Mandé et de Vincennes. La station est ouverte le 24 mars 1934. Elle reprend le nom de la place Bérault de Vincennes qui rend honneur à son ancien adjoint au maire (1796-1871). En 2011, 2 531 531 voyageurs sont entrés à cette station. En 2012, ils sont 2 612 932 voyageurs. Elle a vu entrer 2 723 583 voyageurs en 2013 ce qui la place à la 199e position des stations de métro pour sa fréquentation sur 302</Description>
                    <StartDate>2016-10-20T15:14:03</StartDate>
                    <EndDate>2016-10-20T15:14:03</EndDate>
                </Content>
                <ArchiveUnit id="ID23">
                    <ArchiveUnitRefId>ID22</ArchiveUnitRefId>
                </ArchiveUnit>
            </ArchiveUnit>
            <ArchiveUnit id="ID22">
                <Content>
                    <DescriptionLevel>Item</DescriptionLevel>
                    <Title>Historique de la station Bérault</Title>
                    <Description>Historique de la station</Description>
                    <TransactedDate>2016-10-20T15:14:03</TransactedDate>
                </Content>
                <DataObjectReference>
                    <DataObjectGroupReferenceId>ID20</DataObjectGroupReferenceId>
                </DataObjectReference>
            </ArchiveUnit>
            <ArchiveUnit id="ID24">
                <Content>
                    <DescriptionLevel>RecordGrp</DescriptionLevel>
                    <Title>Champs-Élysées-Clemenceau</Title>
                    <Description>Franklin D. Roosevelt est une station des lignes 1 et 9 du métro de Paris ; elle est située à la limite du quartier des Champs-Élysées et du quartier du Faubourg-du-Roule, dans le 8e arrondissement de Paris. Elle est établie en souterrain sous la voirie. Mise en service le 19 juillet 1900. En 2004, elle était la treizième station la plus fréquentée du réseau, avec 12,19 millions d'entrants direct. En 2012, 12 582 337 voyageurs sont entrés à cette station. Elle a vu entrer 11 890 240 voyageurs en 2013 ce qui la place à la 14e position des stations de métro pour sa fréquentation </Description>
                    <StartDate>2016-10-20T15:35:08</StartDate>
                    <EndDate>2016-10-20T15:35:08</EndDate>
                </Content>
                <ArchiveUnit id="ID29">
                    <ArchiveUnitRefId>ID28</ArchiveUnitRefId>
                </ArchiveUnit>
            </ArchiveUnit>
            <ArchiveUnit id="ID28">
                <Content>
                    <DescriptionLevel>Item</DescriptionLevel>
                    <Title>Historique de la station Champs-Élysées-Clemenceau</Title>
                    <Description>Historique de la station</Description>
                    <TransactedDate>2016-10-20T15:35:08</TransactedDate>
                </Content>
                <DataObjectReference>
                    <DataObjectGroupReferenceId>ID26</DataObjectGroupReferenceId>
                </DataObjectReference>
            </ArchiveUnit>
            <ArchiveUnit id="ID30">
                <Content>
                    <DescriptionLevel>RecordGrp</DescriptionLevel>
                    <Title>Charles de Gaulle-Étoile</Title>
                    <Description>Charles de Gaulle - Étoile est une station des lignes 1, 2 et 6 du métro de Paris située sous la Place Charles-de-Gaulle. Initialement appelée Étoile, elle est située à la limite des 8e, 16e et 17e arrondissements de Paris.Le 21 février 1970, juste après l'ouverture du RER, la station, comme la place, change de nom ; elle est dorénavant dénommée Charles de Gaulle - Étoile en hommage au président français Charles de Gaulle. La station Étoile a été ouverte seulement le 1er septembre 1900, après la ligne 1 ; les premiers temps, les trains y passaient sans arrêt. Les différents quais ont été construits sous la partie nord de la place Charles-de-Gaulle, en haut de l'avenue des Champs-Élysées. Les lignes 1 et 2 ont des stations habituelles à deux quais. Le terminus de la ligne 6 forme une boucle sous la place avec une station – accolée à celle de la ligne 1 – constituée d'un quai à la gauche du train pour la descente des voyageurs et d'un quai à droite pour la montée (solution espagnole). Aussitôt après, les trains repartent immédiatement pour faire un arrêt plus long à la station Kléber.La station Étoile est un lointain successeur de la station terminus du tramway Paris - Saint-Germain, qui cessa son exploitation en 1935.En 2012, 9 037 623 voyageurs sont entrés à cette station. Elle a vu entrer 9 067 635 voyageurs en 2013 ce qui la place à la 22e position des stations de métro pour sa fréquentation</Description>
                    <StartDate>2016-10-20T15:02:02</StartDate>
                    <EndDate>2016-10-20T15:02:02</EndDate>
                </Content>
                <ArchiveUnit id="ID35">
                    <ArchiveUnitRefId>ID34</ArchiveUnitRefId>
                </ArchiveUnit>
            </ArchiveUnit>
            <ArchiveUnit id="ID34">
                <Content>
                    <DescriptionLevel>Item</DescriptionLevel>
                    <Title>Historique de la station Charle de Gaulle-Étoile</Title>
                    <Description>Historique de la station</Description>
                    <TransactedDate>2016-10-20T15:02:02</TransactedDate>
                </Content>
                <DataObjectReference>
                    <DataObjectGroupReferenceId>ID32</DataObjectGroupReferenceId>
                </DataObjectReference>
            </ArchiveUnit>
            <ArchiveUnit id="ID36">
                <Content>
                    <DescriptionLevel>RecordGrp</DescriptionLevel>
                    <Title>Châtelet</Title>
                    <Description>Châtelet est une station des lignes 1, 4, 7, 11 et 14 du métro de Paris située à cheval sur les 1er et 4e arrondissements de Paris. Mise en service le 6 août 1900. En 2009, elle était la huitième station la plus fréquentée du réseau, avec 14,4 millions d'entrants directs. En 2011, 14 440 964 voyageurs sont entrés à cette station. Elle a vu entrer 13 929 657 voyageurs en 2013 ce qui la place à la 10e position des stations de métro pour sa fréquentation.</Description>
                    <StartDate>2016-10-20T15:14:34</StartDate>
                    <EndDate>2016-10-20T15:14:34</EndDate>
                </Content>
                <ArchiveUnit id="ID41">
                    <ArchiveUnitRefId>ID40</ArchiveUnitRefId>
                </ArchiveUnit>
            </ArchiveUnit>
            <ArchiveUnit id="ID40">
                <Content>
                    <DescriptionLevel>Item</DescriptionLevel>
                    <Title>Historique de la station Châtelet</Title>
                    <Description>Historique de la station</Description>
                    <TransactedDate>2016-10-20T15:14:34</TransactedDate>
                </Content>
                <DataObjectReference>
                    <DataObjectGroupReferenceId>ID38</DataObjectGroupReferenceId>
                </DataObjectReference>
            </ArchiveUnit>
            <ArchiveUnit id="ID42">
                <Content>
                    <DescriptionLevel>RecordGrp</DescriptionLevel>
                    <Title>Ligne 02</Title>
                    <Description>La ligne 2 du métro de Paris est une des seize lignes du réseau métropolitain de Paris. Elle suit un parcours semi-circulaire au nord de la ville, situé en quasi-totalité sur les anciens boulevards extérieurs. Elle est la deuxième ligne ouverte dans la capitale : son premier tronçon est mis en service en décembre 1900 et elle est achevée en avril 1903 dans son tracé actuel entre Porte Dauphine et Nation. Elle n'a connu depuis aucune modification de son parcours. Longue de 12,4 kilomètres, elle est en correspondance avec toutes les lignes du RER tout comme la ligne 4. Elle se classe au septième rang du réseau par sa fréquentation, avec cent deux millions de voyageurs en 2009. Sur près de deux kilomètres, elle est établie en viaduc, soit sur environ 20 % de sa longueur, avec quatre stations aériennes. En 1903, elle a connu le plus grand drame de l'histoire du métro parisien : l'incendie du métro à la station Couronnes.</Description>
                    <StartDate>2016-10-20T15:11:08</StartDate>
                    <EndDate>2016-10-20T15:36:47</EndDate>
                </Content>
                <ArchiveUnit id="ID45">
                    <ArchiveUnitRefId>ID44</ArchiveUnitRefId>
                </ArchiveUnit>
                <ArchiveUnit id="ID55">
                    <ArchiveUnitRefId>ID54</ArchiveUnitRefId>
                </ArchiveUnit>
                <ArchiveUnit id="ID61">
                    <ArchiveUnitRefId>ID60</ArchiveUnitRefId>
                </ArchiveUnit>
                <ArchiveUnit id="ID67">
                    <ArchiveUnitRefId>ID66</ArchiveUnitRefId>
                </ArchiveUnit>
                <ArchiveUnit id="ID73">
                    <ArchiveUnitRefId>ID72</ArchiveUnitRefId>
                </ArchiveUnit>
            </ArchiveUnit>
            <ArchiveUnit id="ID44">
                <Content>
                    <DescriptionLevel>RecordGrp</DescriptionLevel>
                    <Title>Alexandre Dumas</Title>
                    <Description>Alexandre Dumas est une station de la ligne 2 du métro de Paris ; elle est située à la limite des 11e et 20e arrondissements de Paris. La station Bagnolet (en référence à la rue de Bagnolet) ouvre le 31 janvier 1903. Elle prend son nom actuel le 13 septembre 1970, afin d'éviter toute confusion avec la nouvelle station de la ligne 3, ouverte lors du prolongement à l'est jusqu'à Gallieni le 2 avril 1971. La station a été baptisée en mémoire de l'écrivain Alexandre Dumas, auteur des Trois Mousquetaires. En 2011, 3 926 266 voyageurs sont entrés à cette station. Elle a vu entrer 3 919 412 voyageurs en 2013 ce qui la place à la 127e position des stations de métro pour sa fréquentation. La station possède un seul accès qui débouche au 111 boulevard de Charonne.</Description>
                    <StartDate>2016-10-20T15:11:08</StartDate>
                    <EndDate>2016-10-20T15:26:39</EndDate>
                </Content>
                <ArchiveUnit id="ID49">
                    <ArchiveUnitRefId>ID48</ArchiveUnitRefId>
                </ArchiveUnit>
                <ArchiveUnit id="ID53">
                    <ArchiveUnitRefId>ID52</ArchiveUnitRefId>
                </ArchiveUnit>
            </ArchiveUnit>
            <ArchiveUnit id="ID48">
                <Content>
                    <DescriptionLevel>Item</DescriptionLevel>
                    <Title>Historique de la station Alexandre Dumas de 1903 à 1969</Title>
                    <Description>Historique de la station de 1903 à 1969</Description>
                    <TransactedDate>2016-10-20T15:26:39</TransactedDate>
                </Content>
                <DataObjectReference>
                    <DataObjectGroupReferenceId>ID46</DataObjectGroupReferenceId>
                </DataObjectReference>
            </ArchiveUnit>
            <ArchiveUnit id="ID52">
                <Content>
                    <DescriptionLevel>Item</DescriptionLevel>
                    <Title>Historique de la station Alexandre Dumas de 1969 à nos jours</Title>
                    <Description>PHistorique de la station de 1969 à aujourd'hui</Description>
                    <TransactedDate>2016-10-20T15:11:08</TransactedDate>
                </Content>
                <DataObjectReference>
                    <DataObjectGroupReferenceId>ID50</DataObjectGroupReferenceId>
                </DataObjectReference>
            </ArchiveUnit>
            <ArchiveUnit id="ID54">
                <Content>
                    <DescriptionLevel>RecordGrp</DescriptionLevel>
                    <Title>Anvers</Title>
                    <Description>Anvers est une station de la ligne 2 du métro de Paris ; elle est située à la limite des 9e et 18e arrondissements de Paris. Inaugurée le 7 octobre 1902, la station servit de terminus de la ligne Porte Dauphine (métro de Paris), pendant les quelques mois précédant l’ouverture d’un nouveau tronçon de la ligne allant d’abord jusqu’à Alexandre Dumas, puis jusqu’au terminus actuel Nation. Elle doit son nom au square d'Anvers proche (lui-même portant le nom de la ville belge d’Anvers où des troupes françaises remportaient une victoire sur les Néerlandais pendant le siège de la citadelle d'Anvers en 1832). Les éléments de l'entrée dessinés par Hector Guimard en 1900 ont été inscrits Monument historique par l'arrêté du 29 mai 1978. En 2011, 6 667 509 voyageurs sont entrés à cette station. Elle a vu entrer 6 888 848 voyageurs en 2013 ce qui la place à la 44e position des stations de métro pour sa fréquentation.</Description>
                    <StartDate>2016-10-20T15:17:50</StartDate>
                    <EndDate>2016-10-20T15:17:50</EndDate>
                </Content>
                <ArchiveUnit id="ID59">
                    <ArchiveUnitRefId>ID58</ArchiveUnitRefId>
                </ArchiveUnit>
            </ArchiveUnit>
            <ArchiveUnit id="ID58">
                <Content>
                    <DescriptionLevel>Item</DescriptionLevel>
                    <Title>Historique de la station Anvers</Title>
                    <Description>Historique de la station</Description>
                    <TransactedDate>2016-10-20T15:17:50</TransactedDate>
                </Content>
                <DataObjectReference>
                    <DataObjectGroupReferenceId>ID56</DataObjectGroupReferenceId>
                </DataObjectReference>
            </ArchiveUnit>
            <ArchiveUnit id="ID60">
                <Content>
                    <DescriptionLevel>RecordGrp</DescriptionLevel>
                    <Title>Avron</Title>
                    <Description>Avron est une station de la ligne 2 du métro de Paris ; elle est située dans à la limite des 11e et 20e arrondissements de Paris. La station est ouverte en 1903. Elle doit son nom à la proximité de la rue d’Avron, qui s'étend du boulevard de Charonne à la porte de Montreuil. En 2011, 1 922 250 voyageurs sont entrés dans cette station. Elle a vu entrer 1 907 820 voyageurs en 2013 ce qui la place à la 252e position des stations de métro pour sa fréquentation sur 302. Elle dispose d'un seul accès par escalier sur le terre-plein face au 35, boulevard de Charonne.</Description>
                    <StartDate>2016-10-20T15:22:35</StartDate>
                    <EndDate>2016-10-20T15:22:35</EndDate>
                </Content>
                <ArchiveUnit id="ID65">
                    <ArchiveUnitRefId>ID64</ArchiveUnitRefId>
                </ArchiveUnit>
            </ArchiveUnit>
            <ArchiveUnit id="ID64">
                <Content>
                    <DescriptionLevel>Item</DescriptionLevel>
                    <Title>Historique de la station Avron</Title>
                    <Description>Historique de la station</Description>
                    <TransactedDate>2016-10-20T15:22:35</TransactedDate>
                </Content>
                <DataObjectReference>
                    <DataObjectGroupReferenceId>ID62</DataObjectGroupReferenceId>
                </DataObjectReference>
            </ArchiveUnit>
            <ArchiveUnit id="ID66">
                <Content>
                    <DescriptionLevel>RecordGrp</DescriptionLevel>
                    <Title>Barbès-Rochechouart</Title>
                    <Description>Barbès - Rochechouart est une station des lignes 2 et 4 du métro de Paris ; elle est située à la limite des 9e, 10e et 18e arrondissements de Paris. La station « Boulevard Barbès » est ouverte le 26 mars 1903 lors de la mise en service de la ligne 2 du métro de Paris. Le 21 avril 1908, les quais de la ligne 4, construits en souterrain, sont également ouverts au public. Ces quais sont accessibles par un édicule Guimard.L'accident de métro du 10 août 1903 commence par un court-circuit à la station Barbès. Le 15 octobre 1907, la station « Boulevard Barbès » prend son nom actuel. Le nom vient de la contraction du nom du boulevard Barbès (tiré du nom de Armand Barbès) et du nom du boulevard de Rochechouart (tiré du nom de Marguerite de Rochechouart de Montpipeau). C'est ici que Pierre Georges, dit colonel Fabien, réalisa le 21 août 1941 ce qui est considéré comme le premier attentat meurtrier contre les troupes d'occupation, tuant en effet l'aspirant Moser, un militaire de la Kriegsmarine. À l'occasion de travaux réalisés en 1987, l'entourage de l'accès d'Hector Guimard est transféré à la station Bolivar. La station fait l'objet d'aménagement en 1998.</Description>
                    <StartDate>2016-10-20T15:36:47</StartDate>
                    <EndDate>2016-10-20T15:36:47</EndDate>
                </Content>
                <ArchiveUnit id="ID71">
                    <ArchiveUnitRefId>ID70</ArchiveUnitRefId>
                </ArchiveUnit>
            </ArchiveUnit>
            <ArchiveUnit id="ID70">
                <Content>
                    <DescriptionLevel>Item</DescriptionLevel>
                    <Title>Historique de la station Barbès-Rochechouart</Title>
                    <Description>Historique de la station</Description>
                    <TransactedDate>2016-10-20T15:36:47</TransactedDate>
                </Content>
                <DataObjectReference>
                    <DataObjectGroupReferenceId>ID68</DataObjectGroupReferenceId>
                </DataObjectReference>
            </ArchiveUnit>
            <ArchiveUnit id="ID72">
                <Content>
                    <DescriptionLevel>RecordGrp</DescriptionLevel>
                    <Title>Belleville</Title>
                    <Description>Belleville est une station du métro de Paris, sur les lignes 2 et 11 ; elle est située en limite des 10e, 11e, 19e et 20e arrondissements de Paris. Mise en service le 31 janvier 1903. Elle se trouve dans le quartier du même nom, qui était à l'origine une zone rurale, puis devint un quartier populaire de Paris. En 2004, elle était la quinzième station la plus fréquentée du réseau, avec 10,93 millions d'entrants directs. En 2011, 11 794 952 voyageurs sont entrés à cette station (16e rang). Elle a vu entrer 11 558 246 voyageurs en 2013 ce qui la place à la 15e position des stations de métro pour sa fréquentation. Le 15 décembre 2015, le Conseil de Paris, sur un vœu du groupe PCF-FDG, a voté en faveur d'un nouveau nom de la station : Belleville - Commune de Paris 1871, pour rendre hommage à la Commune de Paris, dont le quartier fut un acteur majeur.</Description>
                    <StartDate>2016-10-20T15:31:05</StartDate>
                    <EndDate>2016-10-20T15:31:05</EndDate>
                </Content>
                <ArchiveUnit id="ID77">
                    <ArchiveUnitRefId>ID76</ArchiveUnitRefId>
                </ArchiveUnit>
            </ArchiveUnit>
            <ArchiveUnit id="ID76">
                <Content>
                    <DescriptionLevel>Item</DescriptionLevel>
                    <Title>Historique de la station Belleville</Title>
                    <Description>Historique de la station</Description>
                    <TransactedDate>2016-10-20T15:31:05</TransactedDate>
                </Content>
                <DataObjectReference>
                    <DataObjectGroupReferenceId>ID74</DataObjectGroupReferenceId>
                </DataObjectReference>
            </ArchiveUnit>
            <ArchiveUnit id="ID78">
                <Content>
                    <DescriptionLevel>RecordGrp</DescriptionLevel>
                    <Title>Ligne 03</Title>
                    <Description>La ligne 3 du métro de Paris est l'une des seize lignes du réseau métropolitain de Paris. Elle relie la station Pont de Levallois - Bécon à Levallois-Perret, en proche banlieue ouest, à la station Gallieni à Bagnolet, à l'est, où se trouve la gare routière internationale de Paris-Gallieni. Troisième ligne ouverte à partir de 1904, elle fait l'objet de plusieurs prolongements, puis d'un remaniement à l'est en 1971. La ligne est alors prolongée à Gallieni tandis que son ancien tronçon terminal de Gambetta à Porte des Lilas est débranché et exploité séparément sous le nom de ligne 3 bis. Longue de 11,665 kilomètres, elle traverse Paris d'ouest en est sur la rive droite, et dessert les quartiers résidentiels du 17e arrondissement de Paris, la gare Saint-Lazare, les grands magasins, le quartier d'affaires autour de l'Opéra et l'est parisien. La ligne a transporté 98 millions de voyageurs en 2009 (ligne 3 bis incluse), et se situe en neuvième position sur le réseau pour son trafic.</Description>
                    <StartDate>2016-10-20T15:10:12</StartDate>
                    <EndDate>2016-10-20T15:44:55</EndDate>
                </Content>
                <ArchiveUnit id="ID81">
                    <ArchiveUnitRefId>ID80</ArchiveUnitRefId>
                </ArchiveUnit>
                <ArchiveUnit id="ID91">
                    <ArchiveUnitRefId>ID90</ArchiveUnitRefId>
                </ArchiveUnit>
                <ArchiveUnit id="ID97">
                    <ArchiveUnitRefId>ID96</ArchiveUnitRefId>
                </ArchiveUnit>
                <ArchiveUnit id="ID103">
                    <ArchiveUnitRefId>ID102</ArchiveUnitRefId>
                </ArchiveUnit>
                <ArchiveUnit id="ID113">
                    <ArchiveUnitRefId>ID112</ArchiveUnitRefId>
                </ArchiveUnit>
                <ArchiveUnit id="ID119">
                    <ArchiveUnitRefId>ID118</ArchiveUnitRefId>
                </ArchiveUnit>
            </ArchiveUnit>
            <ArchiveUnit id="ID80">
                <Content>
                    <DescriptionLevel>RecordGrp</DescriptionLevel>
                    <Title>Anatole France</Title>
                    <Description>Anatole France est une station du métro de Paris sur la ligne 3, dans la commune de Levallois-Perret. Mise en service le 24 septembre 1937. Cette station doit son nom à la rue Anatole-France que la ligne 3 dessert. Cette rue de Levallois-Perret rend hommage à François Anatole Thibault, dit Anatole France (1844-1924), écrivain français, académicien et prix Nobel de littérature en 1921.La station est la seule du réseau à posséder des quais partiellement décalés en raison de la faible largeur de la rue sous laquelle elle est établie. Les stations Commerce et Liège possèdent, elles, des quais totalement décalés pour la même raison. En 2011, 3 702 732 voyageurs sont entrés à cette station. Elle a vu entrer 3 866 326 voyageurs en 2013, ce qui la place à la 132e position des stations de métro pour sa fréquentation</Description>
                    <StartDate>2016-10-20T15:10:12</StartDate>
                    <EndDate>2016-10-20T15:35:52</EndDate>
                </Content>
                <ArchiveUnit id="ID85">
                    <ArchiveUnitRefId>ID84</ArchiveUnitRefId>
                </ArchiveUnit>
                <ArchiveUnit id="ID89">
                    <ArchiveUnitRefId>ID88</ArchiveUnitRefId>
                </ArchiveUnit>
            </ArchiveUnit>
            <ArchiveUnit id="ID84">
                <Content>
                    <DescriptionLevel>Item</DescriptionLevel>
                    <Title>Historique de la station Anatole France de 1937 à 1980</Title>
                    <Description>Historique de la station de 1937 à 1980</Description>
                    <TransactedDate>2016-10-20T15:10:12</TransactedDate>
                </Content>
                <DataObjectReference>
                    <DataObjectGroupReferenceId>ID82</DataObjectGroupReferenceId>
                </DataObjectReference>
            </ArchiveUnit>
            <ArchiveUnit id="ID88">
                <Content>
                    <DescriptionLevel>Item</DescriptionLevel>
                    <Title>Historique de la station Anatole France de 1981 à nos jours</Title>
                    <Description>Historique de l'agence de 1981 à nos jours</Description>
                    <TransactedDate>2016-10-20T15:35:52</TransactedDate>
                </Content>
                <DataObjectReference>
                    <DataObjectGroupReferenceId>ID86</DataObjectGroupReferenceId>
                </DataObjectReference>
            </ArchiveUnit>
            <ArchiveUnit id="ID90">
                <Content>
                    <DescriptionLevel>RecordGrp</DescriptionLevel>
                    <Title>Arts et Métiers</Title>
                    <Description>Arts et Métiers est une station du métro de Paris sur les lignes 3 et 11, dans le 3e arrondissement de Paris. Mise en service le 19 octobre 1904. La station tient son nom du tout proche Conservatoire national des arts et métiers. Sur la ligne 11, la station est entièrement recouverte depuis octobre 1994 de plaques de cuivre rivées les unes aux autres, et non des habituels carreaux de faïence. Cet habillage est mis en place à l'occasion des cérémonies du bicentenaire du Conservatoire national des arts et métiers. Il est dû à Benoît Peeters, scénariste français, et François Schuiten, dessinateur belge, auteurs de la série Les Cités Obscures. Le voyageur est plongé à l'intérieur d'une vaste machine, sorte de Nautilus souterrain évoquant l'ambiance de Vingt mille lieues sous les mers, de style steampunk. Au plafond de la station, une série de grands rouages évoque le musée des arts et métiers. Le cuivre, unique matériau employé, évoque l'univers technique et industriel. Sur les quais, une série de hublots ouvrent sur des scénographies de petite taille, centrées sur les collections du musée des arts et métiers : on y observe la sphère armillaire, le satellite Telstar, ou encore la roue hydraulique. L'ensemble du mobilier de la station, des plaques portant le nom jusqu'aux sièges et poubelles, est adapté à la décoration et constitue un exemple unique sur le réseau. En 2011, 3 859 066 voyageurs sont entrés à cette station. Elle a vu entrer 4 036 745 voyageurs en 2013 ce qui la place à la 121e position des stations de métro pour sa fréquentation</Description>
                    <StartDate>2016-10-20T15:44:55</StartDate>
                    <EndDate>2016-10-20T15:44:55</EndDate>
                </Content>
                <ArchiveUnit id="ID95">
                    <ArchiveUnitRefId>ID94</ArchiveUnitRefId>
                </ArchiveUnit>
            </ArchiveUnit>
            <ArchiveUnit id="ID94">
                <Content>
                    <DescriptionLevel>Item</DescriptionLevel>
                    <Title>Historique de la station Arts et Métiers</Title>
                    <Description>Historique de la station</Description>
                    <TransactedDate>2016-10-20T15:44:55</TransactedDate>
                </Content>
                <DataObjectReference>
                    <DataObjectGroupReferenceId>ID92</DataObjectGroupReferenceId>
                </DataObjectReference>
            </ArchiveUnit>
            <ArchiveUnit id="ID96">
                <Content>
                    <DescriptionLevel>RecordGrp</DescriptionLevel>
                    <Title>Bourse</Title>
                    <Description>Bourse est une station du métro de Paris sur la ligne 3, dans le 2e arrondissement de Paris. Mise en service le 19 octobre 1904. Elle est située sous les rues du Quatre-Septembre et Réaumur.
                        En 2011, 3 350 796 voyageurs sont entrés à cette station. Elle a vu entrer 3 288 142 voyageurs en 2013 ce qui la place à la 161e position des stations de métro pour sa fréquentation.</Description>
                    <StartDate>2016-10-20T15:18:48</StartDate>
                    <EndDate>2016-10-20T15:18:48</EndDate>
                </Content>
                <ArchiveUnit id="ID101">
                    <ArchiveUnitRefId>ID100</ArchiveUnitRefId>
                </ArchiveUnit>
            </ArchiveUnit>
            <ArchiveUnit id="ID100">
                <Content>
                    <DescriptionLevel>Item</DescriptionLevel>
                    <Title>Historique de la station Bourse</Title>
                    <Description>Historique de la station</Description>
                    <TransactedDate>2016-10-20T15:18:48</TransactedDate>
                </Content>
                <DataObjectReference>
                    <DataObjectGroupReferenceId>ID98</DataObjectGroupReferenceId>
                </DataObjectReference>
            </ArchiveUnit>
            <ArchiveUnit id="ID102">
                <Content>
                    <DescriptionLevel>RecordGrp</DescriptionLevel>
                    <Title>Europe</Title>
                    <Description>Europe est une station du métro de Paris sur la ligne 3, dans le 8e arrondissement de Paris. La station est ouverte en 1904. Elle donne sur la place de l'Europe, au cœur du quartier éponyme. Le nom de ce quartier a été donné à cause de la présence de nombreuses rues portant des noms de villes européennes (Rome, Milan, Naples, Saint-Petersbourg, Londres, etc.). Ses quais sont équipés d'écrans à cristaux liquides depuis les célébrations du centenaire du métro. Ils diffusent des courts métrages ou des diaporamas. La station possède un seul accès qui débouche au no 1 rue de Madrid. Cet accès est équipé d'un Édicule Guimard qui fait l’objet d’une inscription au titre des monuments historiques depuis le 29 mai 1978. En 2011, 1 536 565 voyageurs sont entrés à cette station. Elle a vu entrer 1 619 580 voyageurs en 2013 ce qui la place à la 273e position des stations de métro pour sa fréquentation sur 302.</Description>
                    <StartDate>2016-10-20T15:21:00</StartDate>
                    <EndDate>2016-10-20T15:29:15</EndDate>
                </Content>
                <ArchiveUnit id="ID107">
                    <ArchiveUnitRefId>ID106</ArchiveUnitRefId>
                </ArchiveUnit>
                <ArchiveUnit id="ID111">
                    <ArchiveUnitRefId>ID110</ArchiveUnitRefId>
                </ArchiveUnit>
            </ArchiveUnit>
            <ArchiveUnit id="ID106">
                <Content>
                    <DescriptionLevel>Item</DescriptionLevel>
                    <Title>Historique de la station Europe de 1904 à 1980</Title>
                    <Description>Historique de la station de 1904 à 1980</Description>
                    <TransactedDate>2016-10-20T15:21:00</TransactedDate>
                </Content>
                <DataObjectReference>
                    <DataObjectGroupReferenceId>ID104</DataObjectGroupReferenceId>
                </DataObjectReference>
            </ArchiveUnit>
            <ArchiveUnit id="ID110">
                <Content>
                    <DescriptionLevel>Item</DescriptionLevel>
                    <Title>Historique de la station Europe de 1981 à aujourd'hui</Title>
                    <Description>Historique de la station de 1981 à aujourd'hui</Description>
                    <TransactedDate>2016-10-20T15:21:00</TransactedDate>
                </Content>
                <DataObjectReference>
                    <DataObjectGroupReferenceId>ID108</DataObjectGroupReferenceId>
                </DataObjectReference>
            </ArchiveUnit>
            <ArchiveUnit id="ID112">
                <Content>
                    <DescriptionLevel>RecordGrp</DescriptionLevel>
                    <Title>Gallieni</Title>
                    <Description>Gallieni est le terminus Est de la ligne 3 du métro de Paris, dans la commune de Bagnolet. Mise en service le 02 avril 1971 . Son appellation vient de sa proximité de l'avenue Gallieni à Bagnolet ; le nom de celle-ci rend hommage à Joseph Gallieni, élevé à la dignité de maréchal de France à titre posthume en 1921. La station est en relation directe avec la gare routière internationale de Paris-Gallieni grâce à un couloir de liaison. En 2011, 6 314 009 voyageurs sont entrés à cette station. Elle a vu entrer 6 316 117 voyageurs en 2013 ce qui la place à la 52e position des stations de métro pour sa fréquentation.</Description>
                    <StartDate>2016-10-20T15:36:21</StartDate>
                    <EndDate>2016-10-20T15:36:21</EndDate>
                </Content>
                <ArchiveUnit id="ID117">
                    <ArchiveUnitRefId>ID116</ArchiveUnitRefId>
                </ArchiveUnit>
            </ArchiveUnit>
            <ArchiveUnit id="ID116">
                <Content>
                    <DescriptionLevel>Item</DescriptionLevel>
                    <Title>Photographie de la station Gallieni</Title>
                    <Description>Photographie de l'inauguration de la station du 02 avril 1971</Description>
                    <TransactedDate>2016-10-20T15:36:21</TransactedDate>
                </Content>
                <DataObjectReference>
                    <DataObjectGroupReferenceId>ID114</DataObjectGroupReferenceId>
                </DataObjectReference>
            </ArchiveUnit>
            <ArchiveUnit id="ID118">
                <Content>
                    <DescriptionLevel>RecordGrp</DescriptionLevel>
                    <Title>Gambetta</Title>
                    <Description>Gambetta est une station des lignes 3 et 3 bis du métro de Paris située dans le 20e arrondissement de Paris. La station est ouverte le 25 janvier 1905 en tant que terminus de la ligne 3. Elle est située au nord-est de la place, sur une boucle qui fait le tour de la mairie du 20e, par la rue Belgrand, la rue de la Chine et l'avenue Gambetta. Le 27 novembre 1921, la ligne est prolongée jusqu'à porte des Lilas ; la station Gambetta devient station de passage. Le 27 mars 1971, la ligne 3 est prolongée vers Gallieni. À cette occasion, la branche Gambetta - Porte des Lilas devient la ligne 3 bis ; la station, située au nord-est de la place, devient le terminus (composé de deux voies en impasse encadrant un quai central) de cette nouvelle navette. Une nouvelle station est ouverte sur les voies de la ligne 3, à l'ouest de la place ; sa proximité avec la station Martin Nadaud conduit à la suppression de cette dernière, qui ne disparaît pas complètement : les accès ouest de la nouvelle station passent par les anciens quais. La correspondance entre les quais des deux lignes se fait par un large couloir qui était un ancien tunnel de la ligne 3. Le tunnel de la boucle du terminus d'origine de la ligne 3 sert de jonction de service entre les deux lignes</Description>
                    <StartDate>2016-10-20T15:30:15</StartDate>
                    <EndDate>2016-10-20T15:30:15</EndDate>
                </Content>
                <ArchiveUnit id="ID123">
                    <ArchiveUnitRefId>ID122</ArchiveUnitRefId>
                </ArchiveUnit>
            </ArchiveUnit>
            <ArchiveUnit id="ID122">
                <Management>
                    <DisseminationRule>
                        <Rule>DIS-00002</Rule>
                        <StartDate>2016-02-02</StartDate>
                    </DisseminationRule>
                </Management>
                <Content>
                    <DescriptionLevel>Item</DescriptionLevel>
                    <Title>Historique de la station Gambetta</Title>
                    <Description>Vidéo de l'inauguration du 25 janvier 1905</Description>
                    <TransactedDate>2016-10-20T15:30:15</TransactedDate>
                </Content>
                <DataObjectReference>
                    <DataObjectGroupReferenceId>ID120</DataObjectGroupReferenceId>
                </DataObjectReference>
            </ArchiveUnit>
        </DescriptiveMetadata>
        <ManagementMetadata>
            <OriginatingAgencyIdentifier>ABCDEFG</OriginatingAgencyIdentifier>
            <SubmissionAgencyIdentifier>ABCDEFG</SubmissionAgencyIdentifier>
        </ManagementMetadata>
    </DataObjectPackage>
    <ArchivalAgency>
        <Identifier>Identifier4</Identifier>
    </ArchivalAgency>
    <TransferringAgency>
        <Identifier>Identifier5</Identifier>
    </TransferringAgency>
</ArchiveTransfer>
